Name,Sector,City,Address,Phone,Email,Lat-Long
Modesty Garments (3F Group),Companies(Private),Kadi,"A-4, Sector 59, Noida 201301, UP",+91-120-4035000,,
J N Arora & Co Pvt Ltd,Companies(Private),Kadi,"276, FIE, Industrial Area, Patparganj, New Delhi 110092, DL","+91-11-43232525, +91-11-43232525",,
Vishnu Sugar Mills Ltd,Companies(Private),Kadi,"C-3/3, Gillanders House, 8, Netaji Subhash Road, Kolkata 700001, WB","+91-33-22300384, +91-22300385",",x3ecs@isgec.co.in,ig.gsml@adventz.com,cs@isgec.co.in,vishnusugar@gmail.com,Vishnu@cal2.vsnl.net.in,x3eig.gsml@adventz.com,x3emuraribanerjee@gmail.com,muraribanerjee@gmail.com,",
Radhakrishna Foodland Pvt Ltd,Companies(Private),Kadi,"Radhakrishna House, Majiwade, Thane West, Mumbai 400601, MH","+91-22-25372881, +91-22-25446374",,
Navrang Industries,Companies(Private),Kadi,"C-1/17, Near Bank Of Baroda, Phase 1, F Road, Vatva, Ahmedabad 382445, GJ",-25896473,,
Kairav Chemofarbe Industries Ltd,Companies(Private),Kadi,"502. Filix, Opposite Asian Paints, LBS Marg, Bhandup West, Mumbai 400078, MH","+91-22-25968361, +91-22-25968362","kameropankaj@gmail.com,kameropankaj@gmail.com,kameropankaj@gmail.com,",
Akshat Solvochem,Companies(Private),Kadi,"74/76, Kazi Syed Street, Syjeer House, 504/504, Masjid Bunder West, Mumbai 400003, MH","+91-22-66313535, +91-22-66313525","office@aipma.net,first@aipma.net,office@aipma.net,office@aipma.net,office@aipma.net,first@aipma.net,office@aipma.net,office@aipma.net,",
Aditech Plastics Pvt Ltd,Companies(Private),Kadi,"100/101, Punjani Industrial Estate, Pokhran Road No 1, Khopat, Mumbai 400601, MH",+91-9820252524,,
Aquarius Engineering Consultancy Pvt Ltd,Companies(Private),Kadi,"Aquarius House, Sheelavihar Colony Off Karve Road, Erandwane, Pune 411038, MH",+91-20-25445227,"deepaktiwari20@gmail.com,crafts@rediffmail.com,x3ecareers.one@ariesgroupglobal.com,medhr@ariesgroup.ae,aries.crafts@rediffmail.com,ariesglobal63@gmail.com,careers.one@ariesgroupglobal.com,",
