Name,Sector,City,Address,Phone,Email,Lat-Long
Vogue Textiles Ltd,Companies(Private),Karur,"A-206, Somdutt Chamber, Bhikijicama Place, New Delhi 110066, DL","+91-11-26101915, +91-11-26170297",",voguehomeproducts@gmail.com,info@voguetextiles.com,email@sunbrightfashions.com,",
Birla Cotsyn India Ltd (BCIL) (Yash Birla),Companies(Private),Karur,"1st Floor, Dalamal House, JB Marg, Nariman Point, Mumbai 400021, MH",+91-22-66168400,"sujata@scassociates.co.in,,info@adroitcorporate.com,bcil@birlacotsyn.com,",
Premina Exports,Companies(Private),Karur,"20, 3rd Street, 60 Feet Road, Gandhi Nagar, Tirupur 641603, TN","+91-421-2476059, +91-421-2477059","pma@pmaindia.com,,mail@kandhanknitss.com,premina@airtelbroadband.in,ruchi@pmaindia.com,",
Kanishka Sarees,Companies(Private),Karur,"UG-11, Raghuveer Business Empire, Parvat Patia, Surat 395002, GJ",+91-9825075872,",order@kaniskaonline.com,sales@bookyourcatalog.com,",
Hansa Agencies Pvt Ltd,Companies(Private),Karur,"B-124, Industrial Area Phase 1, Okhla, New Delhi 110020, DL","+91-11-26811120, +91-11-41611932","secretarial@rkswamy.com,,GAURAVNISHANTMCA@YAHOO.COM,hansa_agencies@yahoo.co.in,x3ehansa_agencies@yahoo.co.in,prabhu.ts@hansaestates.com,x3esecretarial@rkswamy.com,sathyanarayanan@hansaestates.com,",
Geeta Overseas,Companies(Private),Karur,"Opposite Arya Niwas Hotel, SC Road, Jaipur 302001, RJ",+91-141-2360932,",jainchopra.company@gmail.com,mail@primeglobal.in,sanjayatolani@gmail.com,jainchopra.company@yahoo.com,",
Dixcy Textiles Pvt Ltd,Companies(Private),Karur,"10/5, Dixcy Campus, Maniosai Nagar, Poosaripallayam, Chengapalli, Tirupur 638812, TN",+91-421-3061111,",hr@dixcy.co.in,manjuexp@gmail.com,dixcyonline@sify.com,dixcy@dixcyonline.com,last@dixcy.co.in,",
Arjay Apparel Industries Ltd,Companies(Private),Karur,"303/4/5, A-Z Industrial Premises, GK Marg, Lower Parel, Mumbai 400026, MH",+91-22-24935421,",arjayapparel@gmail.com,",
Anand International,Companies(Private),Karur,"Plot No? 190-191-192, Sector 25, Part 2, HUDA, Panipat 132103, HR","+91-180-3290712, +91-180-2666998",",anand@kariwala.com,info@mallow.in,jha@careratings.com,roc.chennai@mca.gov.in,rakesh@anandint.com,anand.jha@careratings.com,dinesh@richaglobal.com,anandtextiles10@gmail.com,",
AB Creations,Companies(Private),Karur,"B-39A, Sector 60, Noida 201301, UP","+91-120-2584307, +91-120-2584308",",roc.chennai@mca.gov.in,aauraafab.karur@gmail.com,Mktg1@rkexports.com,",
Sri Ram Spinning Mills Ltd,Companies(Private),Karur,"3-6-168/4, Hyderguda, Hyderabad 500029, TS","+91-40-23221788, +91-40-23227792",",info@ramspg.com,premier_tex@bsnl.in,sushil@ramspg.com,scmrjpm@gmail.com,",
Anu Exports Pvt Ltd,Companies(Private),Karur,"37/224, Bandu Katra, Agra 282001, UP","+91-562-2410124, +91-9997455666",",thangavel@braveotextile.com,deodatta@aristochemicals.in,gopal@metrokarur.com,roc.chennai@mca.gov.in,vijay@bsapparelindia.com,",
Pothys Pvt Ltd,Companies(Private),Karur,"15, Nageswara Rao Road, Panagal Park, Chennai 600017, TN","+91-44-43966333, +91-44-24310901",",SULT20012002@YAHOO.COM,babysuba@gmail.com,",
Paramount Product Pvt Ltd,Companies(Private),Karur,"A-55, Industrial Area Phase 2, Okhla, New Delhi 110020, DL","+91-11-26383215, +91-11-26385131",",x3eaccounts@paramountproducts.in,praveshd2003@yahoo.co.in,srkindustries2010@gmail.com,vineetlall@gmail.com,accounts@paramountproducts.in,jane_doe@paramountproducts.in,paramount@paramountproducts.co.in,",
Paramount Instruments Pvt Ltd,Companies(Private),Karur,"B-3/45, Paschim Vihar, New Delhi 110063, DL","+91-11-25263808, +91-11-25284129",",accounts@paramountinstruments.com,",
Lavina Brassiers,Companies(Private),Karur,"Om Namoh, Neminath Society, Satara Road, Pune 411037, MH",+91-20-24210055,,
Donear Industries Ltd,Companies(Private),Karur,"A-50, Donear House, Road 1, Andheri East, Mumbai 400093, MH","+91-22-30768100, +91-22-30813591",",info@donear.com,gaurav.bhatt@gbtl.in,x3einvestor@donear.com,jane@donear.com,investor@donear.com,",
AYM Syntex Ltd (Welspun),Companies(Private),Karur,"Welspun House, Lower Parel West, Mumbai 400013, MH","+91-22-24908000, +91-22-24908001",,
Asian Handicrafts Pvt Ltd,Companies(Private),Karur,"310, Phase 2, Udyog Vihar, Gurgaon 122016, HR","+91-124-4981888, +91-124-4981889",",aarbur@aarbur.com,madan@asianhandicrafts.com,asianh@asianhandicrafts.com,",
Kashi Pack Care,Companies(Private),Karur,"Opposite Techflow Private Limited, Kubadthal Gam Road, Kubadthal, Ahmedabad 382430, GJ",-9974067204,,
Shree Rubber Plast Co. Pvt Ltd,Companies(Private),Karur,"201/C, 2nd Floor, The Platinum, Juhu Lane, Off Gulmohar Road, Andheri West, Mumbai 400058, MH","+91-22-26256841, +91-22-26256842","vijay@shrinidhifoam.com,sales@shreenidhirubber.com,shettyavi9179@gmail.com,vijay@shrinidhifoam.com,",
Auxichem,Companies(Private),Karur,"22, 402, Prabhadevi Industrial Estate, Veer Savarkar Marg, Mumbai 400025, MH","+91-22-24300619, +91-22-24300607","brenggplastics@yahoo.co.in,brenggplastics@yahoo.co.in,m.trabert@decon-group.de,brenggplastics@yahoo.co.in,brenggplastics@yahoo.co.in,brenggplastics@yahoo.co.in,brenggplastics@yahoo.co.in,brenggplastics@yahoo.co.in,x3em.trabert@decon-group.de,",
Stratagyn Inc,Companies(Private),Karur,"612, A Wing,Pranik Chambers,Andheri Kurla Road Saki Naka Junction Andheri East, Mumbai 400072, MH","+91-22-28470006, +91-22-28470345","info@sias.co.in,bhatin@bhatin.com,secretarial@amplussolar.com,d.jane@sunsinesolution.com,jane-d@sundigitalsolutions.com,",
