Name,Sector,City,Address,Phone,Email,Lat-Long
MAS Enterprises Ltd,Companies(Private),Bareilly,"Post Box No 1, Vandanmedu, Nedumgandam 670002, KL","+91-4868-277077, +91-4868-277099",",mail@masindia.com,mfsl@mas.co.in,",
Kisan Agro Product Industries,Companies(Private),Bareilly,"Near Railway Crossing, Ahmedabad Highway, Palanpur 385001, GJ","+91-2742-260162, +91-2742-260262",",bareillykisanapcl@gmail.com,",
B P Food Products Pvt Ltd,Companies(Private),Bareilly,"HA/A-5, Deen Dayal Nagar, Gwalior 474005, MP","+91-751-4037416, +91-751-4037444",",rajender.afpl@gmail.com,x3erajender.afpl@gmail.com,bpfoodproductsp@gmail.com,harahills@gmail.com,","28.3757639,79.3544649"
B D Edible Oils Pvt Ltd,Companies(Private),Bareilly,"159, Industrial Area, Jhotwara, Jaipur 302012, RJ",+91-141-2340494,",x22enquiry@keo.co.in,x3eenquiry@keo.co.in,info@bdedibleoils.com,enquiry@keo.co.in,x3eadmin@gemedible.com,cs.vmanda@gmail.com,admin@gemedible.com,","28.3501373,79.4102861"
Ramdas Sobhraj,Companies(Private),Bareilly,"46, Brothers Industrial Estate, Jari Mari, Andheri-Kurla Road, Mumbai 400072, MH",+91-22-28517509,"secretarial@rain-industries.com,,","28.3622225,79.3917463"
Sweta Enterprise,Companies(Private),Bareilly,"Gadhechi Road, Kumbharwada, Bhavnagar 364240, GJ","+91-278-2420877, +91-9374754040","balu@tagros.com,info@tagros.com,balu@tagros.com,ACCOUNTS@TAGROS.COM,x3ebalu@tagros.com,",
Star Plastic Industries,Companies(Private),Bareilly,"92, GIDC Estate, Makarpura, Vadodara 390010, GJ","+91-265-2643457, +91-265-2632649","cs@stylam.com,cs@stylam.com,last@stylam.com,cs@stylam.com,cs@stylam.com,last@stylam.com,cs@stylam.com,delhi@linkintime.co,delhi@linkintime.co.in,delhi@linkintime.co.in,x3ecs@stylam.com,",
