Name,Sector,City,Address,Phone,Email,Lat-Long
Vestige Marketing Pvt Ltd,Companies(Private),Bengaluru,"94-A, 3, 1st Floor, Okhla Industrial Area, Phase-2, New Delhi 110020, DL","+91-11-43101234, +91-11-41708687",",d.jane@myvestige.com,info@myvestige.com,nodalofficer@myvestige.com,voice@myvestige.com,","12.9966004,77.3097506"
Sutraa Creations Pvt Ltd,Companies(Private),Bengaluru,"C-21, 2nd Floor, Sector 2, Noida 201301, UP","+91-120-4226258, +91-120-4222863",",jane-d@sutraa.com,info@sutraa.com,gilroy@sutraa.com,",
Orange Foodstuff Equipment Pvt Ltd,Companies(Private),Bengaluru,"29, Kukreja Plaza, Below Hotel K-Star, Sector 11, CBD Belapur, Navi Mumbai 400614, MH",+91-22-41233660,",nadeem199@gmail.com,admin@orangemultiventures.in,",
Kendriya Vidyalaya Sangathan,Companies(Private),Bengaluru,,,",dcrobangalore@gmail.com,",
Opyra Infotech,Companies(Private),Bengaluru,,,",info@sysfore.com,",
Greemus Technologies,Companies(Private),Bengaluru,"Flat no 604 Manjeera Majestic Commerical Beside Manjeera Mall, Kukatpally Housing Board Colony, Kukatpally, Hyderabad 500072, Telangana",+91-4040156759,,
Udyogini,Companies(Private),Bengaluru,"D-17, Basement, Saket, New Delhi 110017, DL",+91-9319620533,",mail@udyogini.org,",
T Nagar and Co,Companies(Private),Bengaluru,"MS-43, Sector D, Aliganj, Lucknow 226024, UP",+91-522-4011830,"AAYUSHSHARMA18@GMAIL.COM,,btandco@gmail.com,info@precisionit.co.in,bangalore@ksrandco.in,servicedesk@precisionit.co.in,chennai@ksrandco.in,",
Sunil Keswani and co,Companies(Private),Bengaluru,"31, Near Banthia Hospital, Ravi Nagar, Rajatalab, Raipur 492001, CG",+91-771-4035683,",naveensood17@gmail.com,info@persistent.co.in,bmsca@hotmail.com,sunil.keswani.co@gmail.com,bmscas@gmail.com,xxxxxxx@gmail.com,sunil_keswani_co@icai.org,petal_creations123@yahoo.co.in,",
Smile Foundation,Companies(Private),Bengaluru,"161/B-4, Gulmohar House, 3rd Floor, Community Centre, Yusuf Sarai, New Delhi 110049, DL","+91-11-43123700, +91-11-41354564, , +91-11-41354565, +91-11-41354566","sxxxxxxxxxxxxxn@smilefoundationindia.org,,last@smilefoundationindia.org,eitcompliance2020@gmail.com,intern@smilefoundationindia.org,jobs@smilefoundationindia.org,",
Shraddha Charitable Trust,Companies(Private),Bengaluru,"M.P. MILL Compound, 4th Floor, Next To Imperial Tower, Tardeo, Mumbai 400034, MH","+91-9820904079, +91-22-23513735",",contact@samparkfoundation.org,info@saishraddhagroups.com,deepchandgardi2006@yahoo.com,Emailshraddhaforcancer@gmail.com,",
Sevalaya,Companies(Private),Bengaluru,"F-2/12, Pushkarani Apartment, 1st Floor, Ananda Road, Alwarpet, Chennai 600018, TN",+91-9710907675,",danasekarsa@gmail.com,sevalayabhuvana@sevalaya.org,vpoperations@sevalaya.org,contact@sevalaya.org,avpdonorrelations@sevalaya.org,",
Savage and Palmer,Companies(Private),Bengaluru,"Popular Press Building, 1st Floor, Opposite Sobo Central Mall, Tardeo, Mumbai 400034, MH",+91-9136398219,"hooshang@savagepalmer.com,doe@gmail.com,,",
Rawmin,Companies(Private),Bengaluru,"94-A/224, Mittal Court, Nariman Point, Mumbai 400021, MH","+91-22-22829191, +91-22-22829192",",info@indonissin.in,",
Oxfam India,Companies(Private),Bengaluru,"1, Malhan Business Center, 2nd Floor, Sunlight Colony 2, Ashram, New Delhi 110014, DL",+91-9958992255,",friendsofoxfam@oxfamindia.org,jane@oxfamindia.org,support@oxfam.org.uk,sxxxxxx-@oxfamindia.org,x3efriendsofoxfam@oxfamindia.org,",
NJSR and Co,Companies(Private),Bengaluru,"411, Metro House, 4th Floor, Opposite Conrad Hotel, Koregaon Park, Pune 411001, MH",+91-9623990061,",njsr@araveen.com,workwithcaniraj@gmail.com,",
Khiwani and Co,Companies(Private),Bengaluru,"23/26, 2nd Floor, East Patel Nagar, New Delhi 110008, DL","+91-11-25758388, +91-11-25714542, +91-11-42481591, +91-9811058388, +91-9811014542, +91-9810693963",",naveen.vemula@oracle.com,npwhrindia@intel.com,khiwani@khiwaniandco.com,suman.rajeev@oracle.com,",
Kamdar Desai and Patel,Companies(Private),Bengaluru,"296, Sumati Smruti Co-operative Housing Society, Cadell Road, Dadar West, Mumbai 400028, MH","+91-7208166450, +91-9833843720","info@kdpaccountants.com,,firm@jayawantdesai.com,",
Hawk Aerospace,Companies(Private),Bengaluru,"C-20, Enam Sambhav, G Block, Bandra Kurla Complex, Mumbai 400051, MH",,",service@merlinhawk.com,finance@merlinhawk.com,sales@merlinhawk.com,dxx@h.in,x3eservice@merlinhawk.com,",
GTL Foundation,Companies(Private),Bengaluru,"2, Electronic Sada, TTC Industrial Area, Mahape, Navi Mumbai 40010, MH",+91-22-27612929,",ir@gtllimited.com,ccbendigeri@gmail.com,gilshares@gtlinfra.com,balajikrupaestates@gmail.com,niteshm@gtlinfra.com,x3eniteshm@gtlinfra.com,",
Global Space Research & Administration,Companies(Private),Bengaluru,"605/A-1, Rupa Solitaire, B Wing, Millennium Business Park, Mahape, Navi Mumbai 400710, MH","+91-22-46006568, +91-22-46006567",,
Girivanvasi Educational Trust,Companies(Private),Bengaluru,"45/47, Somaiya Bhavan, 4th Floor, MG Road, Fort, Mumbai 400001, MH","+91-22-22048272, +91-997549212",,
Fairdeal Realtors,Companies(Private),Bengaluru,"606/7, Sagartech Plaza, B Wing, Andheri-Kurla Road, Saki Naka, Mumbai 400072, MH",+91-8080400500,",ashok@frpl.in,first@frpl.in,",
Ebizfiling India,Companies(Private),Bengaluru,"A-1205/1206, Empire Business Hub, Next To Water Tank, Science City Road, Ahmedabad 380060, GJ",+91-9643203209,",info@ebizfiling.com,hiralpathak@ebizfiling.com,",
Childline India Foundation,Companies(Private),Bengaluru,"B-1101, Ratan Central, 11th Floor, Dr. Babasaheb Ambedkar Road, Parel East, Mumbai 400012, MH",+91-22-68251098,",janed@childlineindia.org,jane@childlineindia.org.in,",
Boeing,Companies(Private),Bengaluru,"3265 160th Ave SE, Bellevue, WA 98008, US",,",boeingindiacompliance@boeing.com,John.L.Smith@boeing.com,x3eJohn.L.Smith@boeing.com,",
Aseema Charitable Trust,Companies(Private),Bengaluru,"G-3, Josephine Apartments, Chimbai Road, Bandra West, Mumbai 400050, MH","+91-22-26407248, +91-22-26430185",,
Apollo Aerospace,Companies(Private),Bengaluru,"Unit No 405/1, Prestige Atrium, 3rd Floor, Central Street, Bengaluru 560001, KA",+91-80-B14+B1441620101,",gopu.sundararajan@apolloaerospacecomponents.com,deepa@bacl.co.in,last@apolloaerospacecomponents.com,Gopu.Sundararajan@apolloaerospacecomponents.com,u003eGopu.Sundararajan@apolloaerospacecomponents.com,",
Aethrone Aerospace,Companies(Private),Bengaluru,"Lane D, Koregaon Park, Pune 411001, MH",+91-7219444226,",farzin.irani@extencore.com,info@aethroneaerospace.com,",
Abhivyakti Foundation,Companies(Private),Bengaluru,"Himani Bhawan, Besides Barganda Sub Post Office, New Barganda, Giridih 815301, JH","+91-6532250415, +91-9801331700","abhivyaktifoundation_2000@yahoo.co.in,abhivyakti.foundation.org@gmail.com,,info@yourmail.com,thelearnerscollective@gmail.com,nabhivyakti@gmail.com,",
Big Edge,Companies(Private),Bengaluru,"71, Hillsborough Street Roseau, Dominica",+1-767-4409009,",info@indigoedge.com,",
ShopWorx,Companies(Private),Bengaluru,"6, Revati Arcade II, Baner Road, Pune 411045, MH",+91-9896168680,",info@ruhlamat-st.com.cn,info@entrib.com,",
iLenSys Technologies,Companies(Private),Bengaluru,"8-2-293/82-L/231-ABC, Near Omega Hospital, Road No 12, MLA Colony, Banjara Hills, Hyderabad 500034, TS",+91-40-66998246,",xxxxxh@ilensys.com,contact@ilensys.com,",
Info IT Solutions,Companies(Private),Bengaluru,,,"knayak@informatica.com,info@brandstory.in,aparnalakshmi31@gmail.com,,",
Onbook Technologies,Companies(Private),Bengaluru,"10, Unit No 111, ACY Aggarwal City Square, District Centre, Mangalam Place, Sector 3, Rohini, New Delhi 110085, DL",+91-8750027912,"x22SANJEEV08G@GMAIL.COM,,SANJEEV08G@GMAIL.COM,x3eSANJEEV08G@GMAIL.COM,info@icraindia.com,kavinraj@turia.in,client.mca2022@gmail.com,",
Ace Global Solutions,Companies(Private),Bengaluru,"D-11/113, Sector 7, Rohini, New Delhi 110085, DL",+91-9311621778,",manjula@aceglobalsolutions.in,",
Eleven Monk,Companies(Private),Bengaluru,"169/12-B, Bagoriya Chawl, Kherwadi Road, Bandra, Mumbai 400052, MH",+91-7045883457,",ruchika@bhuwalkagroup.com,singhvenu10@gmail.com,pmehrishi@iteach.co.in,accounts@milletamma.com,",
WEQ Technologies,Companies(Private),Bengaluru,"411, New Delite Building, Borivali Shopping Centre, Chandavarkar Road, Borivali West, Mumbai 400092, MH","+91-9321278741, +91-9321278742",",sales@enerman.in,John.S@weqtechnologies.com,info@weqtechnologies.com,hari.singla@altruistindia.com,John@weqtechnologies.com,",
ConniviaTech Solutions,Companies(Private),Bengaluru,"303, Tanishka Commercial Building, Akurli Road, Kandivali East, Mumbai 400101, MH",+91-9619794969,",ashish@conniviatech.com,lalita@hybridkpo.com,",
Divinecare Solution Financial Service,Companies(Private),Bengaluru,"A-202, Ram Tower, Dharma Nagar, Borivali West, Mumbai 400091, MH",+91-7021057512,,
Maven Group,Companies(Private),Bengaluru,"4905, Del Ray Ave, Suite 200, Bethesda, MD 20814",+301-6561956,",ravikumars5061@yahoo.com,ravikumars5061@gmail.com,animesh1544paul@gmail.com,sachinmohan_s@rediffmail.com,",
Aron Group,Companies(Private),Bengaluru,"Vincent Bank Limited Building, 1st Floor, 1st Street, James Street, Kingstown, Saint Vincent & The Grenadines",+90-850-3468857,",mailaronsupport@arongroups.co,accountsmanager@aronuniversal.com,arunjithc@gmail.com,sales@aronuniversal.com,",
Shipex Moving (OPC),Companies(Private),Bengaluru,"72, Near Gupta Steel, Ramakrishna Reddy Layout, M.D Pura, Bengaluru 560048, KA",,",online.shipexmoving@gmail.com,u003eonline.shipexmoving@gmail.com,info@shipextrading.com,info@shipexmoving.com,",
Wevaad,Companies(Private),Bengaluru,"T.H. Kataria Marg, Mahim, Mumbai 400016, MH",+91-8209693595,",contact@wevaad.com,",
Techlogix,Companies(Private),Bengaluru,"Fortune Tower, Tower A, 11th Floor, Block 6, PECHS, Shahrah-E-Faisal, Karachi, Pakistan",+92-21111859859,",last@techlogix.com,",
Real Plast,Companies(Private),Bengaluru,"National Highway 8, Tajpur 383205, GJ",+91-8866084466,",Ramdevprofiles@gmail.com,",
Gaurang Electronics Industries,Companies(Private),Bengaluru,"44, Bombay Talkies Compound, Malad, Mumbai 400064, MH",+91-22-28824159,",sales@gaurang.com,",
Exalt Engineering Industries,Companies(Private),Bengaluru,"30-B, 31, Nand Bhuvan Industrial Estate, Mahakali Caves Road, Andheri 400093, MH",+91-22-28213764,",g.abhinavvarma@gmail.com,absbgl@gmail.com,sales@exalt.co.in,info@exalt.org.in,",
Blue Sky System Pvt Ltd,Companies(Private),Bengaluru,"53-A, 2, Amritpuri-A, Kailash, New Delhi 110065, DL",+91-11-26239410,",sumeetchadda@hotmail.com,",
Alwaye Group Of Industries,Companies(Private),Bengaluru,"3, Shibra Farms, Nagasandra, Bangalore 560073, KA",+91-80-28395914,",tkt@alwayeswitch.com,",
Almonard Pvt Ltd,Companies(Private),Bengaluru,"305/132, Kakad Chamber, 3rd Floor, Dr. Annie Besant Road, Worli, Mumbai 400018, MH",+91-22-24902269,"almonardhyd@gmail.com,,j.almonard@rediffmail.com,almonard@bom7.vsnl.net.in,almonard@md5.vsnl.net.in,",
Quantra Quartz,Companies(Private),Bengaluru,"105, Surya Towers, Sardar Patel Road, Secunderabad 500003, TS",+91-40-27842182,",contact@graavaa.com,anshumangadia@graavaa.com,",
Decon Lighting Pvt Ltd,Companies(Private),Bengaluru,"43-Y, Okhla Industrial Area, Phase 2, New Delhi 110020, DL",+91-11-41611309,",deconlight@gmail.com,info@deconlighting.com,workwithdecon@gmail.com,",
Zydus Animal Health,Companies(Private),Bengaluru,"Astron Tech Park, 5th Floor, Satellite Cross Roads, Ahmedabad 380015, GJ",,"x3eupen.shah@zyduscadila.com,,dhavalsoni@zyduslife.com,upen.shah@zyduscadila.com,",
Wintech Pharmaceuticals,Companies(Private),Bengaluru,"2 & 3, Broadway Shopping Center, 3rd Floor, Dr Ambedkar Road, Dadar, Mumbai 400014, MH",,",avonez@gmail.com,vikaspharma@vsnl.net,",
ViEnCee Pharma Science,Companies(Private),Bengaluru,"AE-75, 3rd Street, 10th Main Road, Annanagar, Chennai 600040, TN",,",info@viencee.com,nutraceuticals@viencee.com,info@taxmarket.in,",
Variety Pharmaceuticals Pvt Ltd,Companies(Private),Bengaluru,"B-3, Industrial Estate, Shoranur, Palakkad 679122, KL",,",simpexpharma@simpexpharma.net,u003evariety@varietypharma.com,variety@varietypharma.com,rajmohan21@gmail.com,",
Trimed Ayurvedicals Pvt Ltd,Companies(Private),Bengaluru,"172/174, Trimed House, Gwynne Road, Aminabad, Lucknow 226018, UP",,",trimedayurvedicals@gmail.com,ainmedicare@rediffmail.com,",
Therapeutic Pharmaceuticals,Companies(Private),Bengaluru,"951, Marathe Udyog Bhavan, A M Marg, Prabhadevi, Mumbai 400025, MH",,",Info@medreich.com,info@fenestra.in,hobranch@kaplindia.com,",
The Impcops Ltd,Companies(Private),Bengaluru,"34-37, Kalki Krishnamurthy, Salai Thiruvanmiyur, Chennai 600041, TN",,",impcopsx185@gmail.com,x3eimpcops@dataone.in,Naattumarundhukadai@gmail.com,contact@impcops.org,impcops@dataone.in,",
Taurus Chemicals Pvt Ltd,Companies(Private),Bengaluru,"318, 92/93, Swapnalok Complex, S.D Road, Secunderabad 500003, TS",,",x3ecs@ccplantimony.com,info@tauruschemicals.com,enquiry@taurusspm.com,cs@ccplantimony.com,u003einfo@tauruschemicals.com,",
Subhra Pharma Pvt Ltd,Companies(Private),Bengaluru,"Krupa, Opposite Union Bank Of India, Tata Colony Road, Navghar, Mulund East, Mumbai 400081, MH",,",info@subhrapharma.com,",
Strides Shasun Ltd (Strides Arcolab Ltd),Companies(Private),Bengaluru,"Strides House, Bilekahalli, Bannerghatta Road, Bengaluru 560076, KA",,",drugsafety@us.strides.com,",
Sterling Lab,Companies(Private),Bengaluru,"104/105, Midford House, M G Road, Bengaluru 560001, KA",,",info@sterlinglab.com,js@sterlinglab.com,",
Sterfil Laboratories Pvt Ltd,Companies(Private),Bengaluru,"S/3, Khira Industrial Estate, B M Bhargava Road, Santacruz West, Mumbai 400054, MH",,",paterson@vsnl.net,nandiktrivedi@gmail.com,mjlab@bom2.vsnl.net.in,x3erishikesh_alar@yahoo.com,chandresh_thakker@yahoo.co.in,rishikesh_alar@yahoo.com,x3egovindlab@gmail.com,govindlab@gmail.com,jlpatel97@rediffmail.com,x3echandresh_thakker@yahoo.co.in,x3enandiktrivedi@gmail.com,",
Statclean Technology India Pvt Ltd,Companies(Private),Bengaluru,"476, 21st Cross Road, 2nd Stage, Banashankari, Bengaluru 560070, KA",,",hrvadi@gmail.com,sales@statclean.com,",
SS Organics Ltd,Companies(Private),Bengaluru,"Survey No 252/1, Aroor, Sadasivapet, Medak 502291, TS",,",ssorganics@gmail.com,x3eramakanta@absmerc.com,cs@ssorganics.co.in,marketing@ssorganicsindia.com,ramakanta@absmerc.com,",
SPM Drugs Pvt Ltd,Companies(Private),Bengaluru,"44/45, Golden Arch Complex, 1st Floor, Strotten Muthia, Mudali Street, Sowcarpet, Chennai 600079, TN",,"spmdrugsltd@gmail.com,,n@airtelmail.in,",
Spansules Pharmatech Pvt Ltd,Companies(Private),Bengaluru,"59/G-3, Srivenkateswara Towers, Opposite KPHB, Bhagyanagar Colony, Hyderabad 500072, TS",,",info@spansulespharma.com,Manish.kumar@careratings.com,accounts@spansulespharma.com,x22accounts@spansulespharma.com,x3eaccounts@spansulespharma.com,info@spansulespharmatech.com,bd2@chromolabs.com,",
Sowar Pvt Ltd,Companies(Private),Bengaluru,"C/9, Vasantkunj, New Delhi 110070, DL",,",hjhamb@sowar-ltd.com,info@sowar-ltd.com,",
SILIS Labs Pvt Ltd,Companies(Private),Bengaluru,"505, Safal Prelude, Opposite Prahladnagar Auda Garden, Off 100 Feet Road, Satellite, Ahmedabad 380015, GJ",,",rahul@silislabs.com,Email-labchemicalspvtltd@gmail.com,",
Scigenics India Pvt Ltd,Companies(Private),Bengaluru,"H-4, 5 & 6, 3rd Cross Street, Nehru Nagar, Perungudi, Chennai 600096, TN",,"sales@scigenics.in,finance@scigenics.in,,jane-d@scigenics.in,",
Scientific Research Instruments Company Pvt Ltd,Companies(Private),Bengaluru,"G-101/1, Sharadhamba Enclave, Syndicate Bank Colony, 3rd Stage, Banashankari, Bengaluru 560085, KA",,",first@srico-labworld.com,shalini.rao@srico-labworld.com,",
S Zhaveri Pharmakem Pvt Ltd,Companies(Private),Bengaluru,"49, 308-310, Shiv Smruti Chambers, Dr. A B Road, Worli, Mumbai 400018, MH",,"info@szhaveri.net,,d.jane@szhaveri.com,",
Pulse Pharmaceuticals Pvt Ltd,Companies(Private),Bengaluru,"4-F-10, Ballad Estates, Tarnaka, Secunderabad 500017, TS",,",ramesh_qms@pulsepharma.net,x3eramesh_qms@pulsepharma.net,info@icraindia.com,info@pulsepharma.net,jane@pulsepharma.net,",
Prudence Pharma Chem,Companies(Private),Bengaluru,"7407, Behind Lynka Lab, GIDC Estate, Ankleshwar 393002, GJ",,",BHAVINPAREKH77@GMAIL.COM,sales@ruskinchemipharm.in,sourcing@ruskinchemipharm.in,",
Pilco Pharma Pvt Ltd,Companies(Private),Bengaluru,"28, Sector 3, Pantnagar, Sidcul, Rudrapur 263253, UK",,",pilcopharma@yahoo.com,info@pilcohealthcare.com,pilcohealthcare@gmail.com,",
Phytabolites Neutraceuticals Pvt Ltd,Companies(Private),Bengaluru,"4, Tapasvi Apartment, Prasanna colony, Indira Nagar, Nashik 422009, MH",,",info@phytabolites.com,",
Pharmintech Turnkey Solutions Pvt Ltd,Companies(Private),Bengaluru,"108/5, Swastik Regalia, Off Ghodbunder Road, Waghbil, Thane West, Mumbai 400615, MH",,",accounts@pharmintech.net,sales@pharmintech.net,",
Pharmed Medicare Pvt Ltd,Companies(Private),Bengaluru,"Pharmed Gardens, Whitefield Road, Bengaluru 560048, KA",,",x3eco.law@pharmed.in,bprl.blr@vsnl.net,u003eco.law@pharmed.in,info@pharmed.in,co.law@pharmed.in,",
Ortin Laboratories Ltd,Companies(Private),Bengaluru,"1-2-593/29, Street No 4, Gagan Mahan Colony, Domalguda, Hyderabad 500027, TS",,",einward.ris@karvy.com,mmreddyandco@gmail.com,",
Ormed Medical Technology Ltd,Companies(Private),Bengaluru,"A-110, Block 2, KSSIDC Complex, Electronics City, Phase 1, Hosur Road, Bengaluru 560100, KA",,",casomadas@gmail.com,ormblr@rediffmail.com,ofactory@dataone.in,",
Olympus Medical Systems India Pvt Ltd,Companies(Private),Bengaluru,"FAS Tower, Near Medicity Hospital, Sector ? 38, Gurgaon 122001, HR",,",last@olympus.in,",
Novus Life Sciences Pvt Ltd,Companies(Private),Bengaluru,"114 & 115, Morya House, B Wing, Off Oshiwara Link Road, Andheri West, Mumbai 400053, MH",,",djane@novuslifesciences.com,satanjeevthakur@yahoo.com,",
Nova Millennium Pharma India Pvt Ltd,Companies(Private),Bengaluru,"25/2014, Deepam Apartments, Near Gandhari Amman Kovil, Thiruvananthapuram 695001, KL",,",x3enrpharmaceutical@gmail.com,nrpharmaceutical@gmail.com,srk@angelspharma.com,cmkyroc@gmail.com,u003enovampipvtltd@yahoo.com,sairahul.battula@aptar.com,novampipvtltd@yahoo.com,x3esrk@angelspharma.com,",
Nej Biotech,Companies(Private),Bengaluru,"Punarvasua, Near Railway Crossing, Petlad Road, Nadiad 387002, GJ",,"AAYUSHSHARMA18@GMAIL.COM,,hichemlifesciencesmd@gmail.com,info@msrbiotech.com,sanjay.kher@smera.in,",
Natural Solutions,Companies(Private),Bengaluru,"14, Anjani Complex, Opposite Gurunanak Petrol Pump, Off A K Road, Periera Hill Road, Andheri East, Mumbai 400093, MH",,",mail@bhoominaturals.in,finance@naturalremedy.com,first@naturalremedy.com,",
Natural Remedies Pvt Ltd,Companies(Private),Bengaluru,"5-B, Veerasandra Industrial Area, 19th Mile Stone, Hosur Road, Electronic City, Bengaluru 560100, KA",,",hhp@naturalremedy.com,research@naturalremedy.com,info@naturalremedy.com,finance@naturalremedy.com,first@naturalremedy.com,",
Meenaxy Pharma Pvt Ltd,Companies(Private),Bengaluru,"30, Suraram, Qutbullapur, Hyderabad 500055, TS",,",que_ad1@yahoo.co.in,venkat@meenaxypharma.com,accounts@meenaxypharma.com,x3eaccounts@meenaxypharma.com,x22accounts@meenaxypharma.com,mgarg@sentisspharma.com,x3emgarg@sentisspharma.com,jane@meenaxypharma.com,x3eque_ad1@yahoo.co.in,",
Medsol India Overseas Pvt Ltd,Companies(Private),Bengaluru,"B-67, Sector 65, Noida 201307, UP",,",kaushal_sahani@medsolindia.com,45511816_contact@medsolindia.com,contact@medsolindia.in,contact@medsolindia.com,jane-doe@medsolindia.com,",
Medico Remedies Pvt Ltd,Companies(Private),Bengaluru,"50, Juhu Supreme Shopping Center, Gulmohar Cross Road No 9, Juhu, Mumbai 400049, MH",,",x3esecretarialmrl@gmail.com,bprl.blr@vsnl.net,last@medicoremediesindia.com,secretarialmrl@gmail.com,info@medicoremedies.com,",
Medibios Laboratories PvtLtd (Division Of Emil Pharmaceuticals),Companies(Private),Bengaluru,"101/102, Mangalam, Near National Park, Kulupwadi, Borivali East, Mumbai 400066, MH",,",x3easif@emilpharma.in,asif@emilpharma.in,info@medibios.in,costaccountant@medibios.in,x3ecostaccountant@medibios.in,tushar@medibios.in,info@emilpharma.in,",
Manav Drugs Pvt Ltd,Companies(Private),Bengaluru,"Banoo Manor House, 1st Floor, Azad Road, Andheri East, Mumbai 400069, MH",,",n@mmpltd.in,manavdrugs@hotmail.com,import@manavdrugs.com,",
Malladi Drugs & Pharmaceuticals Ltd,Companies(Private),Bengaluru,"9, GST Road, ST Mount, Chennai 600016, TN",,"x3einfo@malladi.co.in,,info@malladi.co.in,",
Lyka Labs Ltd,Companies(Private),Bengaluru,"101, Shiv Shakti Industrial Estate, Andheri Kurla Road, Andheri East, Mumbai 400059, MH",,",enquiry@lykalabs.com,",
Kerala Ayurveda Ltd,Companies(Private),Bengaluru,"7/415, Nedumbassery, Athani, Aluva, Ernakulam 683585, KL",,",companysecretary@keralaayurveda.biz,investor@keralaayurveda.biz,info@keralaayurveda.biz,",
Karnavati Engineering Ltd,Companies(Private),Bengaluru,"342-S, Nani Kadi, Mehsana, Kalol 382715, GJ",+91-2764-241465,",hrd@karnavationline.com,secretarial@irmltd.co.in,",
Jagsonpal Pharmaceuticals Ltd,Companies(Private),Bengaluru,"T-210-J, Shahpur, New Delhi 110049, DL",,",cs@jagsonpal.com,Abhishek.joshi@jagsonpal.com,info@jagsonpal.com,last_initial@jagsonpal.com,mxxxxxg@jagsonpal.com,",
Ishita Drugs and Industries Ltd,Companies(Private),Bengaluru,"401, 4th Floor, 3rd Eye 2, Opposite Parimal Garden, C G Road, Ahmedabad 380006, GJ",,",Ishitadrugs@vsnl.net,investors@ishitadrugs.com,ishitadrugs@vsnl.net,ishitadrugs@gmail.com,",
Invitro Biotech Ltd,Companies(Private),Bengaluru,"177, Industrial Area, Prasanth Nagar, Kukatpally, Hyderabad 500072, TS",,",enquiry@dssimage.com,",
Indian Genomix Pvt Ltd,Companies(Private),Bengaluru,"135, Phase 2, Cherlapally, Hyderabad 500051, TS",,",sdassociates.vja@gmail.com,indiangenomix99@gmail.com,info@geneilabs.com,",
Icon Clinical Research India Pvt Ltd,Companies(Private),Bengaluru,"3-A/143, RMZ Millennia Business Park, 2nd Floor, Dr. M G R Road, Kandhanchavady, Chennai 600096, TN",,",sitaramaswamy.mutyam@iconplc.com,j-doe@iconclinical.com,",
Himedia Laboratories Pvt Ltd,Companies(Private),Bengaluru,"A-516, Swastik Disha Business Park, Via Vadhani Industrial Estate, Ghatkopar West, Mumbai 400086, MH",,",x3eravi@avralab.com,jdoe@himedialabs.com,info@himedialabs.com,ravi@avralab.com,",
HiGlance Laboratories Pvt Ltd,Companies(Private),Bengaluru,"E-11/12/13, Site B, Surajpur Industrial Area, Greater Noida 201306, UP",,"mxxxxxxn@higlance.com,,",
Green Cross Remedies,Companies(Private),Bengaluru,"P-1, Green Cross House, Dawa Factory, Sidhpur Patan Road, Sidhpur 384151, GJ",,",info@greencrossindia.com,sanjay.godse@gmail.com,",
Global Pharma HealthCare Ltd,Companies(Private),Bengaluru,"2-A, 3rd Floor, 4thStreet, Ganga Nagar, Kodambakkam, Chennai 600024, TN",,"x3emadrasoffice@gmail.com,madrasoffice@gmail.com,,",
Elyon Pharmaceuticals Pvt Ltd,Companies(Private),Bengaluru,"H-52, Sector 2, DSIDC, Bawana, New Delhi 110039, DL",,",prakash_bhat@vsnl.com,emmanuelsele@gmail.com,elyonpharmaceuticals@gmail.com,elyonho@elyon.co.in,",
Deepti Pharmaceuticals,Companies(Private),Bengaluru,"28-A, Dawa Bazar, Gandhi Bagh, Nagpur 440028, MH",,",deeptipharmaceuticals@yahoo.com,",
CTX Lifesciences Pvt Ltd,Companies(Private),Bengaluru,"251/252, Sachin Magdalla Road, GIDC, Sachin, Surat 394230, GJ",,",maulesh.desai@careratings.com,",
CSC Pharmaceuticals,Companies(Private),Bengaluru,"11, Padhya Building, 2nd Floor, Bhaskar Bhau Lane, Gamdevi, Mumbai 400007, MH",,"samuel@sandhpartners.com,,x3enrpharmaceutical@gmail.com,nrpharmaceutical@gmail.com,mohit@curetechskincare.com,navdeepsingh1@kpmg.co,webmanager@csc-biopharma.com,x3ewebmanager@csc-biopharma.com,",
Consern Pharma Pvt Ltd,Companies(Private),Bengaluru,"308-C, Focal Point, B R S Nagar, Tibba, Ludhiana 141012, PB",,",damandeep@consernpharma.com,consernpharma@yahoo.co.in,herjindersingh@consernpharma.com,samikbhattacharya@yahoo.com,x3econsernpharma@yahoo.co.in,",
Capsugel Healthcare Ltd,Companies(Private),Bengaluru,"21, Joniawas, Dharuhera, Rewari 122100, HR",,",geetika.vashisth@lonza.com,JSmith@capsugel.com,John.Smith@capsugel.com,John.Smith@lonza.com,x3eJohn.Smith@lonza.com,",
Camus Pharma Pvt Ltd,Companies(Private),Bengaluru,"29-B, Camus House, Suraj Nagar East, Civil Lines, Jaipur 302006, RJ",,"x3eamod@camuspharma.com,,info@pharmexcil.com,x22amod@camuspharma.com,infoindia@actavis.com,amod@camuspharma.com,x3einfoindia@actavis.com,",
Briyosis Soft Caps Pvt Ltd,Companies(Private),Bengaluru,"B-7, Indraprasth Complex, Race Course Circle, Vadodara 390007, GJ",,",info@briyosissoftcaps.com,Info@briyosissoftcaps.com,",
British Nutritions Pvt Ltd,Companies(Private),Bengaluru,"30, 10th Main Ashoka Pillar Road, 2nd Block, Jayanagar, Bengaluru 560011, KA",,",basha@britishbiologicals.com,u003ebasha@britishbiologicals.com,",
Biosciences Pharmakon,Companies(Private),Bengaluru,"810, Siddharth Complex, R C Dutt Road, Alkapuri, Vadodara 390007, GJ",,",info@prarasbiosciences.com,x3eramkrishnan.k@anthembio.com,ramkrishnan.k@anthembio.com,info.niperhyd@gov.in,",
Biogen Pharmaceutical Co,Companies(Private),Bengaluru,"165 To 169, Patel Industrial Estates, Dlad Patiya, Sayan 394130, GJ",,",piyushmohta@bio-gen.in,office.bcci@biogen.com,x3epiyushmohta@bio-gen.in,info@biogen-nutrition.com,",
Beryl Drugs Ltd,Companies(Private),Bengaluru,"133, Kanchan Bagh, Indore 452001, MP",,",beryldrugs25@yahoo.com,info@beryldrugs.com,info@adroitcorporate.com,x3eberyldrugs25@yahoo.com,",
ATS GeneTech Pvt Ltd,Companies(Private),Bengaluru,"6-3-1113/4, Greenlands, Behind B S Maktha Mysamma Temple, Begumpet, Hyderabad 500016, TS",,",manukirti@vsnl.net,accounts@genetech.co.in,j_doe@genetech.co.in,",
Astro Optics Pvt Ltd,Companies(Private),Bengaluru,"S/3, Kapole Society, 13th Cross Road, Juhu, Mumbai 400049, MH",,",info@astro-optical.com,",
Apple Therapeutics Pvt Ltd,Companies(Private),Bengaluru,"608/96, Siddhartha Building, Nehru Place, New Delhi 110019, DL",,",support@appletherapeutics.com,x3eac@protec.in,",
Anika International Pvt Ltd,Companies(Private),Bengaluru,"D-1, F-402, Ras Vilas Mall, 4th Floor, District Center, Saket, New Delhi 110017, DL",+91-11-47289900,",shahrukh.mallick@anika.in,",
Allianz Biosciences Pvt Ltd,Companies(Private),Bengaluru,"55/1, 2, 3, Whirlpool Road, Thiruvandar Koil, Puducherry 605102, TN",,",jane_d@abpl.co.in,finance@euresian.com,x3einfo@abpl.co.in,info@abpl.co.in,cs@alliancein.com,x3efinance@euresian.com,",
Advy Chemical Pvt Ltd,Companies(Private),Bengaluru,"Hoechst House, 17th Floor, Nariman Point, Mumbai 400021, MH",,",axx@advychemical.com,x3eaccounts@advychemical.com,info@advychemical.com,x22accounts@advychemical.com,",
Adinath Bio-Labs Ltd,Companies(Private),Bengaluru,"4, 1st Floor, N S Road, Kolkata 700001, WB",,",investors@adinathbio.com,",
Sukhjit Starch & Chemicals Ltd,Companies(Private),Bengaluru,"Sarai Road, Phagwara 144401, PB","+91-1824-260216, +91-1824-261516",,
Sonya Foods Pvt Ltd,Companies(Private),Bengaluru,"711, Anil Road, Behind Anil Starch, Ahmedabad 380025, GJ","+91-79-22202588, +91-79-22203353",",info@sonyafoods.com,CA.ITROC@REDIFFMAIL.COM,",
Shivagrico Implements Ltd,Companies(Private),Bengaluru,"A-1, Adinath Apartments, 281, Tardeo Road, Mumbai 400007, MH",+91-22-23893022,",Information@shivagrico.com,",
Focus Corporate Alliance Pvt Ltd,Companies(Private),Bengaluru,"205, 2nd Floor, Saraswati House, 27, Nehru Place, New Delhi 110019, DL",+91-11-26223346,"game@massentrepreneurship.org,,rajeshsingh@maajobs.net,","12.9553882,77.5012619"
WOG Technologies Pvt Ltd,Companies(Private),Bengaluru,"E-5, Agrawal Metro Heights, Unit No 752, Netaji Subhash Palace, Pitampura, New Delhi 110034, DL",+91-11-46300300,",doe.j@woggroup.com,last@woggroup.com,","28.5096368,77.0813449"
Indian Ion Exchange & Chemicals Ltd,Companies(Private),Bengaluru,"D-64, Diamond Park, G. I. D. C. Naroda, Ahmedabad 382330, GJ","+91-79-22819067, +91-79-22819068",,"13.0108164,77.483735"
Caratlane Trading Pvt Ltd,Companies(Private),Bengaluru,"32, Rutland Gate, 2nd Street, Khader Nawaz Khan Road, Nungambakkam, Chennai 600006, TN","+91-44-42937932, +91-44-42937928",",doe@caratlane.com,x3elegal@caratlane.com,bharatraj.p@caratlane.com,legal@caratlane.com,",
MAC-Nels Container Lines Pvt Ltd,Companies(Private),Bengaluru,"289, Thambu Chetty Street, Chennai 600001, TN",-43900853,",ravimaa@macnelsindia.com,",
Yash Abrasive Industries (Pvt) Ltd,Companies(Private),Bengaluru,"UGF?-05, Ansal Sushant Plaza, A? Block, Phase 1, Sushant Lok, Gurgaon 122009, HR",-4242513,,
Varuna Paints Pvt Ltd,Companies(Private),Bengaluru,"3rd Floor, The Monarc, PT Usha Road, Kochi 682011, KL","+91-484-2382662, +91-484-2363541",,
Unimax Chemicals Pvt Ltd,Companies(Private),Bengaluru,"Plot No 32, Sector 2, Charkop, Kandivali West, Mumbai 400067, MH","+91-22-29676661, +91-22-65892438","finance@merlinprojects.com,finance@merlinprojects.com,",
Tulsi Rubber Products Pvt Ltd,Companies(Private),Bengaluru,"Gat No 90, Jyotiba Nagar, Talwade, Pune 412114, MH","+91-20-27690458, +91-20-27692358","info@ufoam.com,info@ufoam.com,info@ufoam.com,info@ufoam.com,info@ufoam.com,jagannath@ufoam.com,info@ufoam.com,doe.jane@ufoam.com,",
Titan Paints & Chemicals Ltd (LMW Group),Companies(Private),Bengaluru,"114A, Senthotam, Sowripalayam, Coimbatore 641028, TN",-2320172,"info@tripolarcon.com,",
Thirumalai Chemicals Ltd,Companies(Private),Bengaluru,"101/102, Thirumalai Hse Sion Matunga Estate, Scheme No 6, Road No 29, Sion, Mumbai 400022, MH","+91-22-24017841, +91-22-24017861","sandeepvasa@gmail.com,shreeajit@shreeajit.com,sandeepvasa@gmail.com,shreeajit@shreeajit.com,xx@company.com,",
Teesta Agro Industries Ltd,Companies(Private),Bengaluru,"Rajgang, Jalpaiguri 735134, WB","+91-3561-254203, +91-3561-254256","jayantac@icraindia.com,jayantac@icraindia.com,mail.rosh91@gmail.com,",
Tanvika Polymers Pvt Ltd,Companies(Private),Bengaluru,"210, Abhishek Complex, Old Padra Road, Akshar Chowk, Vadodara 390020, GJ","+91-265-2320901, +91-265-2323896","info@technoelevators.com,info@technoelevators.com,info@technoelevators.com,hardik@shrotra.com,itsrijan07@gmail.com,itsrijan07@gmail.com,itsrijan07@gmail.com,itsrijan07@gmail.com,x22info@technoelevators.com,x3einfo@technoelevators.com,x3einfo@technoelevators.com,x3ehardik@shrotra.com,",
Supreme Bituchem Pvt Ltd,Companies(Private),Bengaluru,"13/14, Seva Sadan Square, Central Avenue Road, Nagpur 441122, MH","+91-712-2724423, +91-7875000100","surfacepaintspvtltd@yahoo.com,info@surfacepaints.com,suyog_singhal@hotmail.com,info@surfacepaints.com,surfacepaintspvtltd@yahoo.com,info@surfacepaints.com,suyog_singhal@hotmail.com,",
Super Crop Safe Ltd,Companies(Private),Bengaluru,"C-1/290, GIDC Estate, Phase 1, Naroda, Ahmedabad 382330, GJ","+91-79-32915987, +91-79-22823907","surajned@gmail.com,surajned@gmail.com,",
Sunrise Industries India Ltd,Companies(Private),Bengaluru,"860/3, G.I.D.C. Estate, Post Box No. 843, Makarpura Road, Vadodara 390010, GJ",-9924448439,"superpst@rediffmail.com,sales@superplast.in,superpst@rediffmail.com,sales@superplast.in,superpst@rediffmail.com,neelkanth_o@rediffmail.com,superpst@rediffmail.com,sales@superplast.in,superpst@rediffmail.com,neelkanth_o@rediffmail.com,",
Sri Venkateshwara Enterprises,Companies(Private),Bengaluru,"1-10-316/B, Opposite Lane To Petrol Pump, Bapuji Nagar, Bowenpally, Hyderabad 500011, TS","+91-40-32995066, +91-9348995066","Biodegradable@Live.In,Biodegradable@Live.In,",
Sona Industries,Companies(Private),Bengaluru,"Plot No D-2, Sanwer Road, Sector D, Indore 452015, MP","+91-731-3248622, +91-731-2724622","nitin@spanoverseas.com,mittal@spanoverseas.com,accounts@spanpune.com,gagan@spanpune.com,nitin@spanoverseas.com,mittal@spanoverseas.com,accounts@spanpune.com,gagan@spanpune.com,",
SK Formulations India Pvt Ltd,Companies(Private),Bengaluru,"R-406, TTC Industrial Area MIDC, Rabale, Navi Mumbai 400701, MH",-27691890,"info@solarchemferts.com,accounts@solarchemferts.com,vandan.m@solarchemferts.com,info@solarchemferts.com,vandan.m@solarchemferts.com,accounts@solarchemferts.com,x3eaccounts@solarchemferts.com,",
Silver Blends & Plastics Pvt Ltd,Companies(Private),Bengaluru,"688/6, Siddhi Vinayak Industrial Estate, Opposite Somnath Temple, Daman 396210, DD",-9998305220,"babuvijayam@hotmail.com,kumar_iso@vsnl.net,babuvijayam@hotmail.com,admin@srisivasakthi.in,kumar_iso@vsnl.net,",
Siddique Industries,Companies(Private),Bengaluru,"E-1484, Feroz Ghandhi Nagar, Faridabad 121001, HR",-9910165437,"mrunses@theutilityproducts.in,salesmelt@electrothermindia.com,gwaplants@gmail.com,mrunses@theutilityproducts.in,mrunses@gmail.com,salesmelt@electrothermindia.com,",
Shree Pushkar Chemicals & Fertilisers Ltd,Companies(Private),Bengaluru,"202, A Wing, Building No 3, Rahul Mittal Industrial Estate, Sir MV Road, Andheri East, Mumbai 400059, MH",-42702456,"SHREEM@SHREEMCORPORATE.COM,pallav.mumbai@gmail.com,pallav.mumbai@gmail.com,nmumbai@gmail.com,shreemcorporation@gmail.com,",
Shirdi Industries Ltd,Companies(Private),Bengaluru,"2nd Floor, A Wing, Mhatre Pen Building, Senapati Bapat Marg, Dadar West, Mumbai 400028, MH","+91-22-24318550, +91-22-67101111","shivampolymerspvtltd@gmail.com,aspn.ca@gmail.com,",
Sanmar Speciality Chemicals Ltd (Sanmar),Companies(Private),Bengaluru,"9, Cathedral Road, Chennai 600086, TN",-28128453,"doe@gmail.com,n@gmail.com,business@saraswatigroupdb.com,doe@gmail.com,last@saraswati-group.com,",
Sankhla Polymers Pvt Ltd,Companies(Private),Bengaluru,"2, 1st Floor, Race Course Road, Bengaluru 560001, KA","+91-80-22201206, +91-80-22201207","customercare@3sindia.com,customercare@3sindia.com,finance@3sindia.com,adityasakhuja01@gmail.com,finance@3sindia.com,customercare@3sindia.com,customercare@3sindia.com,finance@3sindia.com,contact@bioloo.in,adityasakhuja01@gmail.com,finance@3sindia.com,",
Sankhla Industries,Companies(Private),Bengaluru,"2, 1st Floor, Race Course Road, Bengaluru 560001, KA","+91-80-22250975, +91-80-22286099","slsarafimpexpl@rediffmail.com,bcpl_calcutta@bcplindia.com,rakesh.shejwal@aartigroup.cominfo,info@bariumindia.com,slsarafimpexpl@rediffmail.com,wsssorganic@gmail.com,psaraf64@gmail.com,rakesh.shejwal@aartigroup.cominfo,info@bariumindia.com,x3ebcpl_calcutta@bcplindia.com,",
S R Group,Companies(Private),Bengaluru,"3-A&B, Archies Court, Shankar Sheth Road, Pune 411042, MH","+91-20-26434081, +91-20-26434079","saboopls@yahoo.com,u003esaboopls@yahoo.com,karthik@unitedindustries.co.in,saboopackaging@ymail.com,u003esaboopls@yahoo.com,saboopls@yahoo.com,saboopls@yahoo.com,saboopackaging@ymail.com,x3ekarthik@unitedindustries.co.in,",
Resinova Chemie Ltd,Companies(Private),Bengaluru,"15/78, Civil Lines, Kanpur 208001, UP","+91-512-3916700, +91-512-2331646","akapoor@rishiroop.com,u003eakapoor@rishiroop.com,akapoor@rishiroop.com,u003eakapoor@rishiroop.com,info@rishichem.com,info@rishichem.com,akapoor@rishiroop.com,",
R M G Polyvinyl India Ltd,Companies(Private),Bengaluru,"10585, Nabi Karim, Paharganj, New Delhi 110055, DL","+91-11-23637481, +91-9899316168","vimal@rhynofoam.com,vimal@rhynofoam.com,",
Quaker Chemical India Ltd,Companies(Private),Bengaluru,"2nd Floor, Alom House, Kolkata 700071, WB",-22822123,"cs@rmgpoly.com,cs@rmgpoly.com,mkt@rmgpoly.com,x3ecs@rmgpoly.com,",
Prince SWR System Pvt Ltd,Companies(Private),Bengaluru,"1st Floor, Sunshine Plaza, Naigaum Cross Road, Dadar East, Mumbai 400014, MH",-40303264,"pumax@pumaxindia.com,pumax@pumaxindia.com,",
Prima Chemicals,Companies(Private),Bengaluru,"Plot No 337, 338, GIDC Estate, Odhav, Ahmedabad 382415, GJ","+91-79-22970131, +91-79-22874727","rameshk@privi.co.in,u003erameshk@privi.co.in,rameshk@privi.co.in,u003erameshk@privi.co.in,info@privi.co.in,info@privi.co.in,info@privi.co.in,rameshk@privi.co.in,info@privi.co.in,info@privi.co.in,x3erameshk@privi.co.in,",
Prakash Acrylics Pvt Ltd,Companies(Private),Bengaluru,"70, 1st Floor, Near Minerva Theatre, Thatha Muthiappan Street, Chennai 600001, TN",-25244969,"harin@dynaind.com,kusumdye10@yahoo.com,info@sunoil.co,info@pravindyechem.com,harin@dynaind.com,kusumdye10@yahoo.com,info@sunoil.co,info@pravindyechem.com,",
Polycan Extrusion Pvt Ltd,Companies(Private),Bengaluru,"4/2/3, Behind FD College, Ahmedabad 380001, GJ","+91-79-25350368, +91-79-25395863","jayendra@prakashchemicals.com,u003ejayendra@prakashchemicals.com,careers@prakashchemicals.com,info@prakashchemicals.com,u003ejayendra@prakashchemicals.com,pcebv@prakashchemicals.com,info@prakashchemicals.com,x3ecareers@prakashchemicals.com,",
Plasopan Engineers India Pvt Ltd,Companies(Private),Bengaluru,"20/1, Old Shershah Suri Marg, Sector 37, Faridabad 121003, HR","+91-129-4127771, +91-129-4127772","enquiries@polyfluoroltd.com,enquiries@polyfluoroltd.com,harin@dynaind.com,pathik@skci.in,enquiries@polyfluoroltd.com,info@polyfluoroltd.com,harin@dynaind.com,pathik@skci.in,",
Phillips Carbon Black Ltd (RPG),Companies(Private),Bengaluru,"31, NS Road, Kolkata 700001, WB","+91-33-22308515, +91-33-22309281","pioneerjellice@pioneerasia.com,pioneerjellice@pioneerasia.com,last@pioneerasia.com,pioneerjellice@pioneerasia.com,last@pioneerasia.com,pjimdu@pioneerjellice.com,pioneer@pioneerasia.com,",
Phalada Agro Research Foundation Pvt Ltd,Companies(Private),Bengaluru,"92/5, Segehalli Cross, Magadi Road, Kannalli, Bengaluru 560091, KA",-28536751,"picplb.furnacemasses@rediffmail.com,picplb.furnacemasses@rediffmail.com,picplb.furnacemasses@rediffmail.com,info@pioneerimpex.co.in,picplb.furnacemasses@rediffmail.com,",
Perfect Plastic Products Pvt Ltd,Companies(Private),Bengaluru,"Plot No 106 & 108, SIDCO Industrial Estate, Chennai 600124, TN","+91-44-26810067, +91-44-26810068","sales@photokinachem.com,sales@photokinachem.com,jagdish@photokinachem.com,jagdish@photokinachem.com,Inquiry@h2ographix.in,sales@photokinachem.com,jagdish@photokinachem.com,jagdish@photokinachem.com,Inquiry@h2ographix.in,",
Organization of Plastics Processors Of India,Companies(Private),Bengaluru,"404-405, Golden Chambers, Andheri West, Mumbai 400053, MH","+91-22-66923131, +91-22-66923132","communications@kroll.com,communications@kroll.com,",
Narchem Industries,Companies(Private),Bengaluru,"7, Monica Apartments, Opposite Gurukul Society, Panchpakhadi, Thane 400602, MH",-25365673,"info@nationalplastic.com,contact@nationalgroup.in,info@nationalplastic.com,contact@nationalgroup.in,hrvivektiwari@gmail.com,x3einfo@nationalplastic.com,",
Muscat Polymers Pvt Ltd,Companies(Private),Bengaluru,"Disha Cooprative Park, Near Utkarsh School, Santram Hospital, Akshar Marg, Rajkot 360001, GJ",-2970624,"SRMANAGER.ACCOUNTS@SCWL-INDIA.COM,solutions@nandira.com,SRMANAGER.ACCOUNTS@SCWL-INDIA.COM,",
Morgan Industries Ltd,Companies(Private),Bengaluru,"109, Mahatma Gandhi Road, Nungambakkam, Chennai 600034, TN",-28236013,"jd@muscatpolymers.com,utsav_rd@gmail.com,",
Monachem Additives Pvt Ltd,Companies(Private),Bengaluru,"401/A, Synergy Square, Krishna Industrial Estate, Gorwa, Vadodara 390016, GJ","+91-265-3028900, +91-265-3028999","operation@aglopackagings.com,karthik@mullackal.com,karthik@mullackal.com,3scorp.india@gmail.com,operation@aglopackagings.com,karthik@mullackal.com,",
Mohan Paints,Companies(Private),Bengaluru,"Goods Shed Road, Aishbagh, Lucknow 226004, UP","+91-522-2653113, +91-522-2653099","vishakhaj@mplindia.in,u003evishakhaj@mplindia.in,u003evishakhaj@mplindia.in,vishakhaj@mplindia.in,",
Mathis India Pvt Ltd,Companies(Private),Bengaluru,"Office No 1, 1st Floor, Shreeji Arcade, Almeida Road, Panchpakhadi, Mumbai 400601, MH",-21731516,"rocfilings@gmail.com,info@mcfills.com,rocfilings@gmail.com,info@mcfills.com,",
Mansi Chemical (Meghmani Group),Companies(Private),Bengaluru,"Plot No 273/1/2, GIDC Estate, Phase 2, Vatva, Ahmedabad 382445, GJ","+91-79-40084207, +91-79-25897964","accounting@marutirubplast.com,marutitechnoplast@yahoo.in,maruti@mrppl.com,accounting@marutirubplast.com,",
Manhar Group of Companies,Companies(Private),Bengaluru,"E-94, Sardar Industrial Estate, Ajwa Road, Vadodara 390019, GJ","+91-265-2513595, +91-265-6541997",,
Liberty Chemicals,Companies(Private),Bengaluru,"203, Thakker Height, Near Nahur Station, Subhash Nagar, Bhandup West, Mumbai 400078, MH","+91-22-23475558, +91-22-23475559","secretarial@lordschloro.com,aka@smcindiaonline.com,smc.care@smcindiaonline.com,secretarial@lordschloro.com,secretarial@lordschloro.com,aka@smcindiaonline.com,smc.care@smcindiaonline.com,x3esecretarial@lordschloro.com,",
Leron Chem Pvt Ltd,Companies(Private),Bengaluru,"404, DDA Building, District Center, Laxmi Nagar, New Delhi 110092, DL","+91-11-47481113, +91-11-43052834",,
Kumar Textile Industries,Companies(Private),Bengaluru,"Plot No 3, NIDC Industrial Area, Stovee Road, Lambha, Ahmedabad 380405, GJ",-9824082776,"accounts@lakechemicals.com,gujar@kwalitychemical.com,marketing@lakechemicals.com,accounts@lakechemicals.com,gujar@kwalitychemical.com,x3eaccounts@lakechemicals.com,",
Kiran Global Chems Ltd,Companies(Private),Bengaluru,"Old. No 42, New No 81, New Avadi Road, Kilpauk, Chennai 600010, TN","+91-44-26445477, +91-44-26441232",,
Kesaria Rubber Industries Pvt Ltd,Companies(Private),Bengaluru,"57, Binola Industrial Area, Bhoda Kalan, National Highway 8, Gurgaon 122001, HR",-4281138,"admin@khushbu.co.in,admin@khushbu.co.in,admin@khushbu.co.in,admin@khushbu.co.in,",
Kelvin Plastic Pvt Ltd,Companies(Private),Bengaluru,"Survey No 108-P, Near Toll Plaza, Rajkot Gonda, Kotdasangani 360311, GJ",-273230,"rakesh.shejwal@aartigroup.cominfo,ketanmehta@ketanchemicals.com,mitalivora@ketanchemicals.com,jinalmehta@ketanchemicals.com,rakesh.shejwal@aartigroup.cominfo,",
Kataline Infraproducts Pvt Ltd,Companies(Private),Bengaluru,"Plot No 23, Nelco Housing Society, Jaitala Road, Subhash Nagar, Nagpur 440022, MH","+91-712-2233968, +91-712-2233000","export@kgimail.com,export@kgimail.com,harin@dynaind.com,export@kgimail.com,export@kgimail.com,harin@dynaind.com,kemcolour@gmmail.com,",
Karsandas Mavji,Companies(Private),Bengaluru,"203, Rangwala Apartments, Opposite Bank Of India, MG Road, Ghatkopar West, Mumbai 400086, MH",-25153151,,
Karneet Enterprises India Pvt Ltd,Companies(Private),Bengaluru,"44/3-2, Fairfield Layout, Race Course Road, Bengaluru 560055, KA",-22267420,"account@kelvinpipe.com,kelvinpipe@gmail.com,",
Jyoti Plastic Works Pvt Ltd,Companies(Private),Bengaluru,"94, Bombay Talkies Compound, Post Box No 7620, Malad West, Mumbai 400064, MH",-28824379,"KAALMANNS@KAALMANNSGROUP.COM,u003eKAALMANNS@KAALMANNSGROUP.COM,u003eKAALMANNS@KAALMANNSGROUP.COM,KAALMANNS@KAALMANNSGROUP.COM,",
Jardine Henderson Ltd,Companies(Private),Bengaluru,"4, Dr. Rajendra Prasad Sarani, Kolkata 700001, WB",-22304293,"jayesh@jaydipagencies.com,sxx@icicibank.com,jayesh@jaydipagencies.com,jayesh@jaydipagencies.com,prasad.v.paranjape@gmail.com,sxx@icicibank.com,x3ejayesh@jaydipagencies.com,",
Jaipur Polymers,Companies(Private),Bengaluru,"A-187/A, Road No 6, VKI Area, Jaipur 302013, RJ",-2333569,,
Inter Plastichem Pvt Ltd,Companies(Private),Bengaluru,"B-31, Gaurav Aparments 1, IP Extension, Patparganj, New Delhi 110092, DL",-9811021512,"accuratelaboratory@yahoo.com,inquiry@italabs.in,m.o@italabgoa.com,inquiry@italabs.in,accuratelaboratory@yahoo.com,italabgoa@rediffmail.com,",
Indenta Chemicals India Pvt Ltd,Companies(Private),Bengaluru,"117, The Summit Business Bay, Near WEH Metro Station, Andheri Kurla Road, Andheri East, Mumbai 400093, MH",-23449751,"srdrugs@bom7.vsnl.net.in,sales@indianoxalate.com,srdrugs@bom7.vsnl.net.in,sales@indianoxalate.com,",
Ideas Afresh Inc.,Companies(Private),Bengaluru,"WZ-100/4, Tagore Garden, Titarpur, New Delhi 110015, DL","+91-11-42133588, +91-11-45613798",,
High Tech Reclaim Pvt Ltd,Companies(Private),Bengaluru,"112, Iscon Mall, Rajkot 360001, GJ",-2331390,"investor@bigshareonline.com,Grievances@hocl.gov.in,investor@bigshareonline.com,cs@hoclindia.com,",
GMI Zarhak Moulders Pvt Ltd,Companies(Private),Bengaluru,"S-91, Phase 2/C, Verna Electronic City, Panjim 403722, GA","+91-832-2783958, +91-9823113108","info@goldendyechem.com,info@goldendyechem.com,israni.mc@gmail.com,gohildyechemcorporation@gmail.com,",
Foursome Enterprises,Companies(Private),Bengaluru,"Plot No G/24, MIDC, Satpur, Nashik 422007, MH","+91-253-2350657, +91-253-2364032","sandipt19@hotmail.com,galaxyplastics@airtelmail.in,sandipt19@hotmail.com,info@companydetails.in,sandipt19@hotmail.com,galaxyplastics@airtelmail.in,sandipt19@hotmail.com,info@companydetails.in,",
Fibrefil Plastima,Companies(Private),Bengaluru,"Plot No 13 & 14, 4-6-97/2 Road No 2, Baba Nagar, Nacharam, Hyderabad 500076, TS","+91-40-27170661, +91-40-27171839","manish.shah@finornic.com,u003emanish.shah@finornic.com,info@bariumindia.com,rakesh.shejwal@aartigroup.cominfo,info@finorpiplaj.com,u003emanish.shah@finornic.com,info@bariumindia.com,rakesh.shejwal@aartigroup.cominfo,info@finorpiplaj.com,manish.shah@finornic.com,manish.shah@finornic.com,",
EzeeFlex Plastics,Companies(Private),Bengaluru,"60, Hauz Rani, Malviya Nagar, New Delhi 110017, DL","+91-11-26672066, +91-11-65635301","fertibon@gmail.com,",
Electronica Plastic Machines Ltd,Companies(Private),Bengaluru,"1-2/399, Hissa, P Bhare, Mulshi, Pune 412115, MH",-20291316,"eiepl.purchase@gmail.com,ashidadel@gmail.com,",
Eastern Treads Ltd,Companies(Private),Bengaluru,"3-A, 34/137A, National Highway, Edapally, Ernakulam 682024, KL","+91-484-3001100, +91-484-2395510","enquiry@elgirubber.com,enquiry@elgi.com,xxxx@elgirubber.com,vijayalakshmik@elgirubber.com,cs@obl.org.in,cs@obl.org.in,enquiry@elgirubber.com,enquiry@elgi.com,xxxx@elgirubber.com,vijayalakshmik@elgirubber.com,cs@obl.org.in,cs@obl.org.in,",
Dow Chemical International Pvt Ltd,Companies(Private),Bengaluru,"1st Floor, Block B/2, Godrej IT Park, LBS Marg, Phirozshah Nagar, Vikhroli West, Mumbai 400079, MH",-66741431,"sales@dutronindia.com,exports@dutronindia.com,dutron.rights@psrpl.com,Cameo@cameoindia.com,investor@dutronindia.com,sales@dutronindia.com,exports@dutronindia.com,dutron.rights@psrpl.com,Cameo@cameoindia.com,investor@dutronindia.com,",
DNS Fine Chemicals & Laboratories Pvt Ltd,Companies(Private),Bengaluru,"1st Floor, Ghanshyam Krupa, Bhatwati, Ghatkopar West, Mumbai 400084, MH","+91-22-25133164, +91-22-25159494","masterchem@reicmail.com,vasudevans@vsnl.net,n@vsnl.com,dura@durachemicals.com,sales@duratufproducts.com,masterchem@reicmail.com,vasudevans@vsnl.net,",
Devang Plastic Industries,Companies(Private),Bengaluru,"Plot No 812, P-10, Near Tiera Furniture, Rakanpur, Gandhinagar, Kalol 382010, GJ",-288817,"secretarial@dacl.co.in,u003esecretarial@dacl.co.in,harin@dynaind.com,info@dacl.co.in,helpdeskbaroda@mcsregistrars.com,u003esecretarial@dacl.co.in,harin@dynaind.com,info@dacl.co.in,max.chemicals31@gmail.com,helpdeskbaroda@mcsregistrars.com,",
Desmo Exports Ltd,Companies(Private),Bengaluru,"125, Arenja Arcade., Sector 17, Vashi, Mumbai 400705, MH","+91-22-41293600, +91-7045597015","headoffice@dhanuka.com,last@dhanuka.com,info@shreegreen.com,indore@dhanuka.com,last@dhanuka.com,info@shreegreen.com,headoffice@dhanuka.com,",
Chemolin Chemicals,Companies(Private),Bengaluru,"S-13, Hazari Baug, Station Road, Vikhroli West, Mumbai 400083, MH","+91-22-25788202, +91-22-22900400","chintanenterprise@drdcs.net,",
Chemito Technologies Pvt Ltd,Companies(Private),Bengaluru,"8, Mohatta Bhavan, DR E Moses Marg, Mumbai 400018, MH",+91-22-43552727,"chemical@chika.co.in,ahmedabad@chika.co.in,chemical@chika.co.in,ahmedabad@chika.co.in,paresh@chika.co.in,",
Britacel Silicones Ltd,Companies(Private),Bengaluru,"F/18, Street No 23, MIDC, Marol, Andheri East, Mumbai 400093, MH","+91-22-40094000, +91-22-40094099",,
Brahmaputra Hybrid Seeds Pvt Ltd,Companies(Private),Bengaluru,"Plot No 206, Hastinapuram North Extwnsion, Sagar Road, Vanasthalipuram, Hyderabad 500079, TS","+91-9581000004, +91-9581224818",,
Bothara Group of Industries,Companies(Private),Bengaluru,"Bothara Compound, Industrial Estate Nagar, Pune Road, Ahemadnagar 414005, MH","+91-241-2551932, +91-241-2551140","mr1@sanmargroup.com,x3emr1@sanmargroup.com,",
Ashirwad Carbonics India Pvt Ltd,Companies(Private),Bengaluru,"B-90/A1, Shiwam Apartment 2, Shalimar Garden Extension 2, Sahibabad, Ghaziabad 201005, UP",+91-120-2675779,,
Arora Matthey Ltd,Companies(Private),Bengaluru,"166, NSC Bose Road, Regent Park, Kolkata 700040, WB","+91-33-24711798, +91-33-24711207","info@picklingplant.com,enquiry@synteltelecom.com,account@picklingplant.com,info@picklingplant.com,enquiry@synteltelecom.com,account@picklingplant.com,",
Armtex Rubber Pvt Ltd,Companies(Private),Bengaluru,"4, Champaklal Udyog Bhavan, Sion East, Mumbai 400022, MH","+91-22-24077421, +91-22-24077422","accounts@artize.net.in,mukul@artize.net.in,",
Archit Organosys Ltd,Companies(Private),Bengaluru,"4th Floor, Archit Organosys, Smit Complex, Navrangpura, Ahmedabad 380009, GJ",+91-79-26448514,,
Aquafine Chemicals,Companies(Private),Bengaluru,"340, GIDC, 8 National Highway, Por Ramangamdi, Vadodara 391243, GJ",+91-265-6456123,"kalpesh@ariesalloys.com,",
Alpha Polymers,Companies(Private),Bengaluru,"Post Box No 9, Alpha Nagar, Nagarmalai Adivaram, Alagapuram, Salem 636016, TN",+91-427-2445838,,
Agsar Paints Pvt Ltd,Companies(Private),Bengaluru,"509/A, George Road, Tuticorin 628003, TN","+91-461-2320316, +91-461-2320696","sales@vinipul.com,oba@vinipul.com,sales@vinipul.com,oba@vinipul.com,",
Aashi Plastic Industries,Companies(Private),Bengaluru,"843/3, Opposite Niki Cable Santej, Ranakpur, Kalol 382721, GJ",+91-2764-286251,"s.u.electrical@gmail.com,",
Aadi Chem Trade Pvt Ltd,Companies(Private),Bengaluru,"Flat No 85, 5-B, 8th Floor, Mangalam Apartment, Old Palasia, Indore 453001, MP",+91-731-3914956,"vba1981mca@gmail.com,info@anandbros.com,info@abdiachem.com,anoosha@mycelara.com,vba1981mca@gmail.com,info@anandbros.com,info@abdiachem.com,anoosha@mycelara.com,",
A K Industries,Companies(Private),Bengaluru,"Plot No 1315, GIDC Phase 3, Vatva, Ahmedabad 382445, GJ","+91-79-25836372, +91-79-25894782",,
Storm Consulting Group,Companies(Private),Bengaluru,"3rd Floor, Jasti Tower, Above Karur Vysya Bank, S.R Nagar, Hyderabad 500038, TS",+91-40-23810624,"contact@sunagrifresh.com,contact@sunagrifresh.org,swati.agrawal@careedge.in,Sanyaholiday@Gmail.Com,",
Quest Outbounds,Companies(Private),Bengaluru,"85-P, DMello Road, Mumbai 400009, MH","+91-22-23486909, +91-22-23489663",,
Phoenix Legal,Companies(Private),Bengaluru,"254, 2nd Floor, Okhla Industrial Estate, Phase 3, New Delhi 110020, DL",+91-11-49830000,"info@divyaplacement.com,",
Intepat IP Services Pvt Ltd,Companies(Private),Bengaluru,"8, 1st Floor, Phase 6, 100 Feet Ring Road, JP Nagar, Bangalore 560078, KA",+91-80-42173649,"radhikabatra10@gmail.com,enquiry@manpowergroup.com,",
For Ur Service,Companies(Private),Bengaluru,"1034, Near State Bank Of India, Panchamantra Road, Kuvempu Nagar, Mysore 570023, KA",+91-8431555554,"x3ecs@franchiseindia.net,cs@franchiseindia.net,info@franchiseuae.com,",
Ambe Consultancy Services Pvt Ltd,Companies(Private),Bengaluru,"6th Floor, Amore Building, 2nd-4th Road, Khar West, Mumbai 400052, MH","+91-22-42416200, +91-22-26009200","kapilkmr205@gmail.com,anurag@amplusconsulting.com,nigamsnigdha@yahoo.co.in,u003enigamsnigdha@yahoo.co.in,",
Aargee Staffing Pvt Ltd,Companies(Private),Bengaluru,"177, 103, Avvai Shanmugam Salai, Royapettah, Chennai 600014, TN","+91-44-43081262, +91-44-43081263","abhishekvm5@rediffmail.com,pnrcap@pnrgroupindia.com,",
Annapurna Microfinance Pvt Ltd,Companies(Private),Bengaluru,"HIG 97, Dharma Vihar, Khandagiri Square, Bhubaneswar 751030, OD","1800-345-6706, +91-674-2350253","suraj@ampl.net.in,grievance@ampl.net.in,vivek@icraindia.com,x3einfo@ampl.net.in,",
Faststream Technologies,Companies(Private),Bengaluru,,,"info@faststreamtech.com,first@faststreamtech.com,vinay.bansal1@gmail.com,",
Baxter India Pvt Ltd,Companies(Private),Bengaluru,"8, 2nd Floor, DLF Cyber City, Phase 2, Gurgaon 122016, HR",,"deepali_kakkar@baxter.com,xxxx@baxter.com,Global_CORP_Investor_Relations@baxter.com,x3edeepali_kakkar@baxter.com,",
Azyme Biosciences,Companies(Private),Bengaluru,"1188/20, 3rd Floor, 26th Main, Opposite Ragigudda Temple Arch, 9th Block, Jayanagar, Bengaluru 560069, KA",,"azymebio@yahoo.com,info@azymebio.com,azymebio2008@gmail.com,",
QualityKiosk Technologies Pvt Ltd,Companies(Private),Bengaluru,,,"rajesh@qualitykiosk.com,x3ejane.doe@qualitykiosk.com,last@qualitykiosk.com,emea@qualitykiosk.com,jxxxxxxxxy@qualitykiosk.com,jane.doe@qualitykiosk.com,info@qualitykiosk.com,",
Misumi India Pvt Ltd,Companies(Private),Bengaluru,"24-A, Phase 1, Udhyog Vihar, Gurgaon 122001, HR",+91-124-4688800,"CS@misumi.co.in,xx@misumi-ec.com,nxxxxd@misumi-ec.com,tsubasa_wada@misumi.co.in,",
SMEC Automation Pvt Ltd,Companies(Private),Bengaluru,"Bus stand Complex, 2nd Floor, Kaloor, Kochi 682017, KL",+91-484-2340904,"pushpendra.sharma@smec.com,service@smec.in,x3epushpendra.sharma@smec.com,",
Akuva Infotech Pvt Ltd,Companies(Private),Bengaluru,,,"x3eramainfotechbsnl@gmail.com,x22ceo@impact-infotech.com,ramainfotechbsnl@gmail.com,x3eceo@impact-infotech.com,info@akuva.com,last@akuva.com,ceo@impact-infotech.com,xx@akuva.com,",
Lester Infoservices Pvt Ltd,Companies(Private),Bengaluru,"64-C, TTC Indl. Area, Turbhe, Navi, Mumbai 400705, MH",,"x3einformation@lesterinc.com,information@lesterinc.com,",
Dreamajax Technologies Pvt Ltd,Companies(Private),Bengaluru,,,"x3eSANJEEV08G@GMAIL.COM,arulprags@gmail.com,adarsh@gyanapp.in,x3earulprags@gmail.com,x22arulprags@gmail.com,ramkumar.r@dreamajax.com,x3eadarsh@gyanapp.in,SANJEEV08G@GMAIL.COM,x3ecs@themisltc.com,x22SANJEEV08G@GMAIL.COM,cs@themisltc.com,",
Escorts Securities Ltd,Companies(Private),Bengaluru,,,"reach.ekl@escortskubota.com,xxxx@escortssecurities.com,eslsecretarial@escortssecurities.com,corpsl@escorts.co.in,",
Sartorius Stedim India Pvt Ltd,Companies(Private),Bengaluru,,,"compliance.blr@sartorius.com,ullasa.shivarama@sartorius.com,u003esrinath.ramanna@sartorius.com,",
Serdia Pharmaceuticals Pvt Ltd,Companies(Private),Bengaluru,"Serdia House, Off Dr S S Rao Road, Mumbai 400012, MH",,"sxxxxxn@servier.com,",
Bharat Biotech International Ltd,Companies(Private),Bengaluru,,,"x3evaidyanathan3433@bharatbiotech.com,axxxxxv@bharatbiotech.com,vaidyanathan3433@bharatbiotech.com,exports02@bharatbiotech.com,",
BAL Pharma Ltd,Companies(Private),Bengaluru,"10/1, Laxmi Narayan Complex, 5th Floor, Palace Road, Bengaluru 560099, KA",,"x3esecretarial@balpharma.com,x3einfo@anuhpharma.com,info@anuhpharma.com,jane@balpharma.com,secretarial@balpharma.com,info@balpharma.com,",
Cipla Ltd,Companies(Private),Bengaluru,"Cipla House, Peninsula Business Park, Ganpatrao Kadam Marg, Lower Parel, Mumbai 400013, MH",,"x3ecosecretary@cipla.com,cosecretary@cipla.com,contactus@cipla.com,",
Reliance Industries Ltd,Companies(Private),Bengaluru,,,"x3ecustomerservice@ril.com,investor.relations@ril.com,customer.service@rsli.com,x3einfo@ril.com,customerservice@ril.com,info@ril.com,",
3Com India Pvt Ltd,Companies(Private),Bengaluru,,,"clifford.pinto@roquette.com,x3ehosales@manometerindia.com,x22prabal@canopi.in,INFO_MARKETING@3COM.COM,sriram.mohan@hp.com,x3eprabal@canopi.in,mathihalli.raghunandan@l-3com.com,DLEVRYINDIA@tietoevry.com,x3eclifford.pinto@roquette.com,x3eDLEVRYINDIA@tietoevry.com,hosales@manometerindia.com,prabal@canopi.in,",
Acer India Pvt Ltd,Companies(Private),Bengaluru,,,"ail.easycare@acer.com,AIL.Shopacer@acer.com,last@acer.co.in,support@acer.com,sxxxxxh@acer.com,x3esupport@acer.com,",
24/7 Customer ,Companies(Private),Bengaluru,"2, Prestige Tech Platina, Marathahalli Sarjapura Outer Ring Road, Kadabeesanahalli, Bangalore 560087, KA",+91-80-79427247,"customerservice.india@jpmorgan.com,",
ALD Automotive Pvt Ltd,Companies(Private),Bengaluru,,,"customerrelations@aldautomotive.com,india.care@aldautomotive.com,x22customerrelations@aldautomotive.com,x3ecustomerrelations@aldautomotive.com,careers@aldautomotive.com,",
Maharaja Shree Umaid Mills Ltd ,Companies(Private),Bengaluru,,,"x3ekolkata.msum@lnbgroup.com,last@msumindia.com,kolkata.msum@lnbgroup.com,",
Foster Wheeler India Pvt Ltd ,Companies(Private),Bengaluru,,,"priya.venkatramani@woodplc.com,priya_venkatramani@fwuk.fwc.com,",
Bharat Aluminium Company Ltd ( Vedanta Resources ) ( BALCO ),Companies(Private),Bengaluru,,,"x3ebalcolegal@vedanta.co.in,balcolegal@vedanta.co.in,",
