Name,Sector,City,Address,Phone,Email,Lat-Long
Rak Ceramics India Pvt Ltd,Companies(Private),Navi Mumbai,"325, 1st & 3rd Floor, Dheeraj Heritage, SV Road, Santacruz West, Mumbai 400054, MH",+91-22-26605913,"nataraj.nallam@rakceramics.com,ptc.india@yahoo.co.in,,x3enataraj.nallam@rakceramics.com,",
Elegant Associates,Companies(Private),Navi Mumbai,"3, Perumpilly Building, Opposite Marajas College, Ground Stop, Ernakulam 682011, KL","+91-484-2350484, +91-484-3040318",",surenderelegant@hotmail.com,rkdas.associates@gmail.com,acpl2102@gmail.com,rs@rkvlogistics.mumbai,grievances@llcl.co.in,rkdas.associates@yahoo.com,anil.chikodi@abmllp.com,",
Mysore Sales International Ltd (MSIL),Companies(Private),Navi Mumbai,"36, MSIL House, Cunningham Road, Bangalore 560052, KA",+91-80-22264021,"xxxx@msilonline.com,,cs.sridevi@msilonline.com,",
Think Straight,Companies(Private),Navi Mumbai,"Unit no. 1227 ,1228, Tower C in Alphathum, Sector 90, Noida, Uttar Pradesh",+91-9958159213,",niknikesh@gmail.com,",
Victory Art Foundation,Companies(Private),Navi Mumbai,"1203, Marathon Icon, Opposite Peninsula Park, Ganpatrao Kadam Marg, Lower Parel West, Mumbai 400013, MH",+91-22-61543000,",victoryindia@shiamak.com,",
Parivartan,Companies(Private),Navi Mumbai,"Behind Welcome Park, Malewadi, Kherdi, Chiplun, Ratnagiri 415604, MH","+91-2355-256052, +91-2355-254740",",abd.pra@gmail.com,nikhilearner21@gmail.com,accounts.aurangabad@capra.co.in,aparna.chalke@yuvaparivartan.org,",
Goonj,Companies(Private),Navi Mumbai,"6-B, Raju Industrial Estate Premises Co-Operative Society Limited, Opposite Nike Factory Store, Penkar Pada Road, Dahisar Check Naka, Off. Western Express Highway, Mira Road East, Thane 401104, MH","+91-8287971374, +91-8287969735",",chandan@goonj.org,mail@goonj.org,",
Aaryan Overseas Education Consultent,Companies(Private),Navi Mumbai,,,",x3econtact@edvoy.com,aryanoverseasbzp@gmail.com,aryan.overseas@gmail.com,",
G3 Technologies,Companies(Private),Navi Mumbai,,,",last@g3ti.net,amtchairman@gmail.com,dsplmca3@servicesnext.com,",
Percipere,Companies(Private),Navi Mumbai,"1005, Kohinoor Square, 10th Floor, NC Kelkar Road, Shivaji Park, Dadar West, Mumbai 400028, MH",+91-22-41946425,",contactus@percipere.co,",
Frappe Technologies,Companies(Private),Navi Mumbai,"D-324, Neelkanth Business Park, Vidyavihar West, Mumbai 400086, MH",+91-22-48970555,"accounts@erpnext.com,hello@frappe.io,,",
Jak Software,Companies(Private),Navi Mumbai,"52, Janpath, New Delhi 110001, DL",+91-7827249056,",sales@LawyerServices.in,info@LawyerServices.in,bl.mangal8@gmail.com,",
Mphasis Technologies,Companies(Private),Navi Mumbai,"Tower A, Bagmane Laurel, 1st Floor, Bagmane Technology Park, C V Raman Nagar, Bengaluru 560093, KA",,",subramanian.narayan@mphasis.com,x3esubramanian.narayan@mphasis.com,",
AV BagMiller,Companies(Private),Navi Mumbai,"37/4, Shalom Building, Mannar Street, T. Nagar, Chennai 600017, TN",+91-9940042951,",office@bagmiller.com,",
Hicotronics Devices Pvt Ltd,Companies(Private),Navi Mumbai,"39, 1, 1, New Timber Yard Layout, Bangalore 560026, KA",+91-80-26982800,"sales@mscpl.com,,jane@hicotronics.com,schopra@hicotronics.com,accountsho@hicotronics.com,gurukripa.enterprises@yahoo.com,jchopra@hicotronics.com,",
Expandore Electronics India Pvt Ltd,Companies(Private),Navi Mumbai,"28, 2, Brindavan Street, Mambalam, Chennai 600033, TN",+91-44-42135101,"Riddhi.ravariya@dewhirst.com,first@expandore.com,sales1@expandore.com,,",
Exor India Pvt Ltd,Companies(Private),Navi Mumbai,"228, Platinum Techno Park, Sector 30-A, Bfhind Raghulila Mall, Vashi, Navi Mumbai 400703, MH",+91-22-27810422,",x3eir@exor.com,ir@exor.com,x3epremkumar.lamba@exorint.com,premkumar.lamba@exorint.com,info@exorindia.com,info.in@exorint.com,",
Concord Automation and Controls,Companies(Private),Navi Mumbai,"43-G, DLF Industrial Estate 1, Faridabad 121003, HR",+91-129-2278256,",info@cacindia.net,jxx@concordtech.co.in,",
Benn Electricals Pvt Ltd,Companies(Private),Navi Mumbai,"5-A, M.I.D.C, Mira, Thane, Mumbai 401104, MH",+91-22-28457967,"info@bennelec.com,,beplmumbai@gmail.com,91-77081102lgsvccom@yahoo.com,",
Apple International Engineering Works Pvt Ltd,Companies(Private),Navi Mumbai,"2-A, Mhatre, Pen Building Senapati Bapat Marg, Dadar, Mumbai 400008, MH",+91-22-24323000,",agencymumbai@seawaysindia.com,",
Talrejas,Companies(Private),Navi Mumbai,"K Tolaram Sons, Talreja Tower, Sakar Bazzar, Kalupur, Ahmedabad 380001, GJ",+91-79-22138774,",talcofuse@hotmail.com,",
SR Apparel,Companies(Private),Navi Mumbai,"Shop No 2, Behind Diamond Hotel, Ganesh Nagar, Chembur Colony, Mumbai 400074, MH",+91-9967212965,",info@aakarinnovations.com,",
ICC International Agencies Ltd,Companies(Private),Navi Mumbai,"51, Udyog Bhawan, Sonawala Lane, Goregaon East, Mumbai 400063, MH",+91-22-66681173,",accounts@iccial.in,u003eaccounts@iccialtd.in,accounts@iccialtd.in,",
Texperts India Pvt Ltd,Companies(Private),Navi Mumbai,"1503-1504, DLH Park, SV Road, Goregaon West, Mumbai 400062, MH","+91-22-40777333, +91-22-40777377",",x3elist.india@list-group.com,texperts@thetexperts.com,x22texperts@thetexperts.com,enquiry@thetexperts.com,x3etexperts@thetexperts.com,list.india@list-group.com,",
Sudeep Textile Machinery India Pvt Ltd,Companies(Private),Navi Mumbai,"20/F2, Manchester Perks Apartment, Peks School Road, Uppilipalayam, Coimbatore 641105, TN",+91-422-2599397,",anuj@sudeepplastics.com,rakesh.shejwal@aartigroup.cominfo,investors@mahindra.com,sudeep@unitechexpo.com,sales@sudeeptex.com,reena@unitechexpo.com,jay@sudeepplastics.com,",
Scotts Garments Ltd,Companies(Private),Navi Mumbai,"481-B, 4th Phase, Peenya Industrial Area, Bangalore 560058, KA",+91-80-40858585,",cs@scottsgarments.com,accounts@scottsgarments.com,",
NC John & Sons Pvt Ltd,Companies(Private),Navi Mumbai,"17, Kodiveedu, Alleppy 688001, KL","+91-477-2243796, +91-477-2243798",,
Eskay Sales Corporation,Companies(Private),Navi Mumbai,"8/373, Prakashwanti Palace, Hing Ki Mandi, Agra 282003, UP",+91-562-4003648,",sales@heranba.com,ESKAY.CHENNAI@GMAIL.COM,venjoh.co@gmail.com,",
VR Office Needs Pvt Ltd,Companies(Private),Navi Mumbai,"1, T. V. Koil Street, Taylors Road, kilpauk, Chennai 600010, TN","+91-44-26452581, +91-44-26441982",",mumbai@tridentinfosol.com,vrofficeneeds@yahoo.co.in,u003evrofficeneeds@yahoo.co.in,",
Velca Racking Systems Pvt Ltd,Companies(Private),Navi Mumbai,"281, IMT Industrial Area, Sector 7, Gurgaon 122050, HR","+91-124-4367786, +91-124-4367787","velcasystemsblr@gmail.com,,u003evelcasystemsblr@gmail.com,",
Pragathi Timber & Saw Mill,Companies(Private),Navi Mumbai,"4/487-A, Tanjore Road, Balaji Nagar, Kattur, Trichy 613019, TN",+91-8043046820,,
Dorma India Pvt Ltd,Companies(Private),Navi Mumbai,"14, Pattullous Road, Chennai 600002, TN",+91-44-42227151,",geotechjammunabl@gmail.com,x3estatutory-india.in@dormakaba.com,vani.manish@gmail.com,statutory-india.in@dormakaba.com,nindia.in@dormakaba.com,",
Delite Kom Ltd,Companies(Private),Navi Mumbai,"46, Kukreja House, 2nd Floor, Rani Jhansi Road, New Delhi 110055, DL",+91-11-46287777,",dms_thane@yahoo.co.in,venterprises@hotmail.com,delitefoods@yahoo.co.in,",
Decor Modular System Pvt Ltd,Companies(Private),Navi Mumbai,"C-32, Patparganj Industrial Estate, New Delhi 110092, DL",+91-11-42141344,"sales@prostarm.com,,info@decormodular.com,suhashydro@gmail.com,",
New Dimension Eco Projects Ltd,Companies(Private),Navi Mumbai,"17, South Patel Nagar, New Delhi 110008, DL",+91-11-9999476647,",mesuka1@gmail.com,info@zodiacjrdmkjltd.com,janki16@hotmail.com,info@ndepl.com,",
Leitwind Shriram Manufacturing Ltd,Companies(Private),Navi Mumbai,"17-D, Sipcot Industrial.Complex, Gummidipoondi, Chennai 601201, TN",+91-44-27926000,",secretarial@shriramepc.com,p.sudhakar@careratings.com,datha@lsml.in,",
Assam Electricity Regulatory Commission,Companies(Private),Navi Mumbai,"ASEB Campus, Dwarandhar, G.S.Road, Sixth Mile, Guwahati 781022, AS",+91-361-2234472,",aerc_ghy@hotmail.com,cmd@apcentralpower.com,cii.assam@cii.in,",
Yum Restaurant India Pvt Ltd (KFC)),Companies(Private),Navi Mumbai,"Global Business Park, Tower D, 12th Floor, Gurgaon 122001, HR",+91-124-4025100,",x3eisha.moulick@yum.com,isha.moulick@yum.com,",
Reliance Vision Express Pvt Ltd (Pearl Europe),Companies(Private),Navi Mumbai,"30/33, Opposite BA Complex, 21, Main Banasankari 2 Stage, Bangalore 560070, KA",+91-80-41286113,",last@visionexpress.in,agencymumbai@seawaysindia.com,",
Hush India Pvt Ltd,Companies(Private),Navi Mumbai,"46, Saki Vihar Road, Andheri East, Mumbai 400072, MH",+91-22-42224222,",x3efinance@hush.in,finance@hush.in,",
Hoffmen Fashions Pvt Ltd,Companies(Private),Navi Mumbai,"117/B, Muktaram Babu Street, Burrabazar, Kolkata 700007, WB","+91-33-22411465, +91-33-22410441",,
Florance Flora,Companies(Private),Navi Mumbai,"547/10, Ganesha Temple Road, Sahakarnagar, Bangalore 560092, KA","+91-80-42135053, +91-80-42135053","bipinmehta53@gmail.com,,info@a2zgarden.com,",
Ahmad Brass International,Companies(Private),Navi Mumbai,"Lane No 3, Deputy Gunj Road, Near Tara Building, Moradabad 244001, UP","+91-591, 8447532850,",",bonappetit@auromail.net,",
Watson Pharma Pvt Ltd (Actavis),Companies(Private),Navi Mumbai,"21-22, Kalpataru Square, 2nd Floor, Andheri Kurla Road, Kondivita Lane, Mumbai 400059, MH",,",infoindia@actavis.com,Avani.Kansara@actavis.com,x3eAvani.Kansara@actavis.com,x3einfoindia@actavis.com,jane_doe@gmail.com,avani.kansara@actavis.com,",
Ulysses Pharmaceuticals Pvt Ltd,Companies(Private),Navi Mumbai,"125, Rash Behari Avenue, Kolkata 700029, WB",,",durgeshupvns@gmail.com,info@ulysses-systems.com,x3enrpharmaceutical@gmail.com,nrpharmaceutical@gmail.com,x3eontoppharma@ontoppharma.com,rudvadiya@ulysses-systems.com,ontoppharma@ontoppharma.com,",
Softesule Pvt Ltd,Companies(Private),Navi Mumbai,"86-A, LB Shastri Marg, Mulund West, Mumbai 400080, MH",,"softesule@softesule.com,,cxxxxxxxxxxxxxt@intaspharma.com,accounts@softesule.com,",
Skymax Life Science Pvt Ltd,Companies(Private),Navi Mumbai,"A-510, Landmark Empires, Puna Kumbhariya Road, Mogob, Surat 395010, GJ",,",info@skymaxlifescience.com,",
Shayana Healthcare Pvt Ltd,Companies(Private),Navi Mumbai,"A-211-B, Shreyas Complex, Vejalpur, Ahmedabad 380051, GJ",,",info@spcpl.com,shayanahealthcare@gmail.com,contact@shayanahealthcare.com,spcpl@spcpl.com,",
Shalman Pharmaceuticals Pvt Ltd,Companies(Private),Navi Mumbai,"27/B, Sahajanand Industrial Estate, Muzmuvda, Vadodara 390020, GJ",,",u003eaccounts@shalmanpharma.com,x3eontoppharma@ontoppharma.com,accounts@usanpharma.com,ontoppharma@ontoppharma.com,accounts@shalmanpharma.com,x3eaccounts@usanpharma.com,",
Salud Care India Pvt Ltd,Companies(Private),Navi Mumbai,"D-3, Signature 2, Sarkhej Sanand Cross Road, Ahmedabad 382210, GJ",,",naitikpandya@saludcare.co.in,finance@saludcare.co.in,bd@saludcare.co.in,",
RPG Life Sciences Ltd,Companies(Private),Navi Mumbai,"463, RPG House, Dr. Annie Besant Road, Worli, Mumbai 400030, MH",,",it.grievanceofficer@rpgls.com,x3erajesh.shirambekar@rpgls.com,dxxxxxxxxxxxi@rpglifesciences.com,info@rpglifesciences.com,rajesh.shirambekar@rpgls.com,",
Riseon Remedies India Pvt Ltd,Companies(Private),Navi Mumbai,"129, New No 79, Ramachandiran Street, Chairman Vasudevan Nagar, Jafferkhanpet, Chennai 600083, TN",,"info@riseonremedies.com,,prerana@psachem.com,info@psachem.com,",
Relish Pharmaceuticals Ltd,Companies(Private),Navi Mumbai,"795, Rakanpur, Sola Santej Road, Kalol 382721, GJ",,",cs@lincolnpharma.com,ccbendigeri@gmail.com,",
RA Chem Pharma Ltd,Companies(Private),Navi Mumbai,"26 & 27, Technocrats Industrial Estate, Phase 1, Bala Nagar, Hyderabad 500037, TS",,",info@rachempharma.com,CS@RACHEMPHARMA.COM,x3eCS@RACHEMPHARMA.COM,",
PSL India,Companies(Private),Navi Mumbai,"001, Shree Building, Shailendra Nagar Road, Overi Pade, Dahisar East, Mumbai 400068, MH",,",cs@purplestylelabs.com,chet129@me.com,tulesh.chandra@selp.in,x3etulesh.chandra@selp.in,complianceindia@hidglobal.com,x3ecomplianceindia@hidglobal.com,pslltdlegal@gmail.com,tushar.patil@bureauveritas.com,x3epslltdlegal@gmail.com,x22complianceindia@hidglobal.com,x3etushar.patil@bureauveritas.com,",
Propix Technologies Pvt Ltd,Companies(Private),Navi Mumbai,"14-S/1720-1721, Dhareshwar Industries, 1st Floor, Dhadge Industrial Estate, Nanded Phata, Pune 411041, MH",+91-20-32407776,",jane@propixtech.com,accounts@propixtech.com,",
Procyon Life Sciences Pvt Ltd,Companies(Private),Navi Mumbai,"E-404, Remi Bizcourt, Veera Desai Road, Andheri West, Mumbai 400058, MH",,",rajveer@procyonlifesciences.com,contact@procyonlifesciences.com,",
Prathista Industries Ltd,Companies(Private),Navi Mumbai,"1-5-1015/80 & 81, Vaishnavi Bhawan, Manzeera Colony, Father Balaiah Nagar, Old Alwal, Secunderabad 500010, TS",,"info@prathista.com,nandelasr@gmail.com,,",
Natco Pharma Ltd,Companies(Private),Navi Mumbai,"Natco House, Road No 2, Banjara Hills, Hyderabad 500033, TS",,"info@natcopharma.sg,,investors@natcopharma.co.in,x3einvestors@natcopharma.co.in,",
Metrochem API Pvt Ltd,Companies(Private),Navi Mumbai,"302, Bhanu Enclave, Sunder Nagar, Erragadda, Hyderabad 500038, TS",,"x3eapi@metroapi.com,,api@metroapi.com,contact@metroapi.com,last@metroapi.com,shrigangai@sancharnet.in,doej@metroapi.com,",
Medreich Ltd,Companies(Private),Navi Mumbai,"12/8, Medreich House, Saraswathi Ammal Street, M S Nagar, Bengaluru 560033, KA",,",last@medreich.com,info@medreich.com,x3einfo@medreich.com,hcpltd@vsnl.com,asixa@vsnl.net,",
Mediwin Pharmaceuticals,Companies(Private),Navi Mumbai,"203, Anmol Business Centre, Near Navrang School, Six Road, Vrundavan Colony, Navrangpura, Ahmedabad 380009, GJ",,",drvsp@gmail.com,info@vedicip.com,",
Macleods Pharmaceuticals Ltd,Companies(Private),Navi Mumbai,"Atlanta Arcade, Marol Church Road, Andheri East, Mumbai 400059, MH",,",roc@macleodspharma.com,vinayak@macleodspharma.com,last_initial@macleodspharma.com,x3evinayak@macleodspharma.com,macleodsusa@macleodspharma.com,",
Jell Pharmaceuticals Pvt Ltd,Companies(Private),Navi Mumbai,"B/6-A, Sidhpura Industrial Estate, LBS Marg, Ghatkopar West, Mumbai 400086, MH",,",doe-j@jellpharma.com,office.mcolegal@gmail.com,x3eoffice.mcolegal@gmail.com,",
Healthy Life Pharma Pvt Ltd,Companies(Private),Navi Mumbai,"401/B-29, Richa, New Andheri Link Road, Andheri West, Mumbai 400058, MH",,",hr@healthypharma.com,u003einfo@healthypharma.com,que_ad1@yahoo.co.in,marketing@suturesin.com,job.healthypharma@gmail.com,info@healthypharma.com,x3eque_ad1@yahoo.co.in,",
Ghag Ophthalmic Lens Division,Companies(Private),Navi Mumbai,"B-15, Minerva Industry, Bunder Road, Sewri, Mumbai 400015, MH",,",order@ghagrx.com,info@ghagrx.com,nishantghag@rediffmail.com,",
Geltec Pvt Ltd,Companies(Private),Navi Mumbai,"Capsulation Premises, Sion Trombay Road, Deonar, Mumbai 400088, MH",,",bdindia@geltec.in,bdinternational@geltec.in,sandeep@geltec.in,",
Flamingo Pharmaceuticals Ltd,Companies(Private),Navi Mumbai,"7/1, Corporate Park, Sion Trombay Road, Chembur, Mumbai 400071, MH",,",x3eashf@flamingopharma.com,ashf@flamingopharma.com,",
Cyano Pharma Pvt Ltd,Companies(Private),Navi Mumbai,"B-12-B, Industrial Estate, Polo Ground, Indore 452015, MP",,",chirayu@ywr1.dot.net.in,cyanopharma@gmail.com,info@pharmexcil.com,pentachemrgoyal@yahoo.co.in,u003ecyanopharma@gmail.com,",
Centre for Cellular and Molecular Biology (CCMB),Companies(Private),Navi Mumbai,"Uppal Road, Habsiguda, Hyderabad 500007, TS",,",dlavanya@ccmb.res.in,x3edirector@ccmb.res.in,director@ccmb.res.in,x3edlavanya@ccmb.res.in,",
Celon Laboratories Ltd,Companies(Private),Navi Mumbai,"264, Patrika Nagar, Madhapur, Hyderabad 500081, TS",,",info@celonlabs.com,doe@celonlabs.com,x3edoe@celonlabs.com,jane@celonlabs.com,",
Bristol-Myers Squibb India,Companies(Private),Navi Mumbai,"1, The India Bulls Finance Centre, 6th Floor, Senapati Bapat Marg, Elphinstone West, Mumbai 400013, MH",,",Raghavendra.Agarwal@bms.com,bms.india@bms.com,x3ejane.doe@bms.com,u003ebms.india@bms.com,x3eRaghavendra.Agarwal@bms.com,jane.doe@bms.com,",
Aquatic Remedies Pvt Ltd,Companies(Private),Navi Mumbai,"Universal Majestic Mighty, Behind RBK School, P L lokhande Marg, Chembur, Mumbai 400075, MH",,",x3eblairremedies@gmail.com,aquaticremedies@hotmail.com,x3eaquaticremedies@hotmail.com,",
Alicon Pharmaceutical Pvt Ltd,Companies(Private),Navi Mumbai,"10, Ranchoddham, Opposite Dahisar Railway Station, Y R Tawde Road, Dahisar West, Mumbai 400068, MH",,",gaurav.agrawal@alicongroup.co.in,export@alicepharma.co.in,info@alicongroup.co.in,aliconmumbai@gmail.com,",
Affy Pharma Pvt Ltd,Companies(Private),Navi Mumbai,"510-513, Devika Towers, Chander Nagar, Sahibabad, Ghaziabad 201011, UP",,"x3ecompliance@affypharma.com,,compliance@affypharma.com,enquiry@affypharma.in8.cdn-alpha.com,doe.jane@affypharma.com,x3eque_ad1@yahoo.co.in,",
Adora Products Pvt Ltd,Companies(Private),Navi Mumbai,"H-23/1/6, MIDC, Waluj, Aurangabad 431005, MH",,",nehapagrawal@gmail.com,adorapharma@gmail.com,",
Vitagreen Products Pvt Ltd,Companies(Private),Navi Mumbai,"Plot No G-557, Lodhika Industrial Estate, G.I.D.C, Metoda, Khirasara, Kalawad Road, Rajkot 360021, GJ","+91-2827-287693, +91-9574009077",",finance.vitagreen@gmail.com,vitagreen@gmail.com,",
Umang Dairies Ltd (JK),Companies(Private),Navi Mumbai,"3rd Floor, Gulab Bhawan, 6A, Bahadur Shah Zafar Marg, New Delhi 110002, DL",+91-11-33001162,",reena@jkmail.com,udl@umangdairies.com,x3epankaj.kamra@jkmail.com,pankaj.kamra@jkmail.com,",
Spisys Ltd,Companies(Private),Navi Mumbai,"8-2-268/V/9, Sagar Society, Banjara Hills, Hyderabad 500034, TS",+91-40-23543701,"kmplexpdoc@koshambh.com,,info@precisegroup.co.in,infospisysltd@gmail.com,",
Sandy Bay Seafoods India Pvt Ltd,Companies(Private),Navi Mumbai,"5-15, Marikavalasa, K. Paradesipalem, Visakhapatnam 531163, AP","+91-891-2716572, +91-891-2716573",",u003eshiva@sbsindia.co,sandybay_seafoods@yahoo.com,shiva@sbsindia.co,info@peterpaulseafoods.com,harilal@fairexports.net,",
S R Thorat Milk Products Pvt Ltd,Companies(Private),Navi Mumbai,"Rajapur Road, Ahmednagar, Sangamner 422605, MH","+91-2425-225044, +91-2425-224958",",x3ecs@govindmilk.com,doe_jane@srthoratmilk.com,marketing@srthoratmilk.com,bothara@bothara.com,admin@srthoratmilk.com,cs@govindmilk.com,connect@srthoratgroup.com,",
Premcem Gums Pvt Ltd,Companies(Private),Navi Mumbai,"401, Udaybhanu Apartment, M. G Road, Rajawadi, Ghatkopar East, Mumbai 400077, MH","+91-22-21026196, +91-22-21022769","premal@premcemgums.com,,u003epremal@premcemgums.com,",
Penver Products Pvt Ltd,Companies(Private),Navi Mumbai,"AP-II/688, Industrial Estate Aroor, Shertallai, Alappuzha 688534, KL","+91-478-2874297, +91-478-2872654",",info@htfods.com,Copyright@penver.com,abhijit@pesca.co.in,x3ecs@penverproducts.com,cs@penverproducts.com,jane@penverproducts.com,info@penverproducts.com,mailus@gksmail.com,",
Neha Food Products,Companies(Private),Navi Mumbai,"3/16, Hedavkar Wadi No 1, Gokhale Road, Dadar, Mumbai 400028, MH",+91-22-24224972,",anitapawar9405@gmail.com,neha@aahaimpex.com,nxxxxxxxxxl@tataconsumer.com,swati@aahaimpex.com,",
Mirha Exports Pvt Ltd,Companies(Private),Navi Mumbai,"30, Bazar Lane, Bengali Market, Connaught Place, New Delhi 110001, DL",+91-11-23353271,"xxxx@mirhaexports.com,,",
Milk Mantra Dairy Pvt Ltd,Companies(Private),Navi Mumbai,"7th & 8th Floor, Z Estate, Patia, Bhubaneswar 751024, OD",+91-674-2725346,",finance@milkmantra.com,moo@milkmantra.com,srikumar.misra@milkmantra.com,jane.doe@milkmantra.com,",
Mars International India Pvt Ltd (Pedigree),Companies(Private),Navi Mumbai,"1st Floor, Ashoka Hytech Chambers, Banjara Hills, Road No 2, Hyderabad 500033, TS",+91-40-71016481,",contact@in.mars.com,",
Lakshmi Energy and Foods Ltd,Companies(Private),Navi Mumbai,"Chandigarh Ludhiana National Highway, Khamano, Samrala 140801,PB",+91-1628-661800,",x3ecorporate@lakshmigroup.in,corporate@lakshmigroup.in,",
KVSL Group of Companies,Companies(Private),Navi Mumbai,"Narain Nagar Industrial Estate, Bazpur Road, Kashipur 244713, UK","+91-5947-262138, +91-5947-262209",",bipinnmehta1946@gmail.com,info@zodiacjrdmkjltd.com,vandana@kvsresources.com,ranjith.sudhakar@surmountenergy.com,",
JM Exports,Companies(Private),Navi Mumbai,"Room No C/602 & 603, Shyam Kunj, Borsa Pada, Mahavir Nagar, Mumbai 400067, MH",+91-22-28611964,",martkatti44@gmail.com,ecommunication@jmfl.com,",
JKT Enterprises Pvt Ltd,Companies(Private),Navi Mumbai,"Plot No A-787/2/2, TTC Industrial Area, Kopar Khairane, Navi Mumbai 400703, MH",+91-22-41028800,",accounts@jktenterprises.com,",
Jaiveek Agro Biotech Pvt Ltd,Companies(Private),Navi Mumbai,"202, Sampatti Complex, Sardar Baug Lane, Race Course, Vadodara 390007, GJ",+91-265-2324162,",info@hcmagroproducts.com,jaishreeassociate@yahoo.com,",
Jade Consumer Products India Pvt Ltd,Companies(Private),Navi Mumbai,"Plot No 108, Flat No. 1, Rajkar Building, Sher-E-Punjab Society, Mahakali Caves Road, Andheri East, Mumbai 400093, MH","+91-22-28325239, +91-22-28262898",",IN_-_info@jadein.com,info@jadein.com,",
Indian Tropical Agro Products Pvt Ltd,Companies(Private),Navi Mumbai,"Post Box No 141, SIPCOT Industrial Estate, Bypass Road, Madathur, Tuticorin 628008, TN","+91-461-2340350, +91-9443706600",",sales@cliqueltd.com,indianspices43@gmail.com,rakesh.shejwal@aartigroup.cominfo,first@itapagro.com,",
ID Fresh Food India Pvt Ltd,Companies(Private),Navi Mumbai,"Doddenakundi Industrial Area, Whitefield Road, Mahadevapura, Bangalore 560048, KA",+91-9739910521,",x3ejanedoe@idfreshfood.com,x3edoe@idfreshfood.com,jane@idfreshfood.com,",
Himadri Foods Pvt Ltd,Companies(Private),Navi Mumbai,"1/107, Keshavji Naik Road, Chinch Bundar, Mumbai 400009, MH","+91-22-40561000, +91-22-40561016",",u003einfo@himadrimasala.com,x3eaccounts@chhajedfoods.com,x3einfo@himadrimasala.com,info@himadrimasala.com,",
Hector Beverages Pvt Ltd (Paperboat),Companies(Private),Navi Mumbai,"B-82, South City 1, Gurgaon 122001, HR",+91-124-4222034,",paperboat@hectorbeverages.com,Katiyar_mahesh@yahoo.co.in,xx@paperboatdrinks.com,",
Gargi Packing Industries,Companies(Private),Navi Mumbai,"Plot No 47, Gargi Pradhan Park, Krushi Nagar, Off College Road, Nashik 422005, MH",+91-253-2308720,"rajanab@sify.com,,gargi@gargi-india.com,","19.04636,73.0199303"
Food And Biotech Engineers India Pvt Ltd,Companies(Private),Navi Mumbai,"Chaprola Road, Prithla, Palwal 121102, HR","+91-1275-262157, +91-8447566892",",u003eaccount@foodbiotech.co.in,account@foodbiotech.co.in,enquiry@foodbiotech.co.in,info@foodbiotech.co.in,","28.2406635,77.2613742"
Edible Agro Products Ltd,Companies(Private),Navi Mumbai,"P-336, CIT Road, Scheme VI-M, Kolkata 700054, WB",+91-33-40069071,",cajayparekh@gmail.com,suprioupadhyay@gmail.com,jalaramtraders2002@gmail.com,chaitanya@innocorp.com,info@edibleagroproducts.com,","19.0934691,72.9370696"
Blossom Industries Ltd (Khemani Group),Companies(Private),Navi Mumbai,"Jani Vankad, Daman 396210, DD","+91-260-2407800, +91-260-2221060",,"20.4491051,72.875457"
Bicco Agro Products Pvt Ltd,Companies(Private),Navi Mumbai,"1, British Indian Street, Suite No 203, Kolkata 700069, WB","+91-33-22430398, +91-33-22430399",",rkmohta51@gmail.com,","19.118685,73.0147918"
Aakriti Organic Food,Companies(Private),Navi Mumbai,"F-11, 206, Shrishti Complex, M. P. Nagar, Zone I, Bhopal 462011, MP","+91-755-2573954, +91-755-2763653",",accounts.ahpl@gjgroup.in,","19.0605399,72.6988482"
Aachi Masala Foods Pvt Ltd,Companies(Private),Navi Mumbai,"1926, 34th Street, I Block, Anna Nagar West, Chennai 600040, TN","+91-44-26185410, +91-44-26185420",",finance@aachigroup.com,care@aachifoods.com,x3efinance@aachigroup.com,bipinmehta53@gmail.com,jane.doe@aachigroup.com,","19.1538747,72.8484541"
CodeForce 360,Companies(Private),Navi Mumbai,,,",surendra.codeforce@gmail.com,","19.0160598,72.7034818"
Vidya Prakashan Mandir Ltd,Companies(Private),Navi Mumbai,"Vidya Estate, Baghpat Road, Meerut 250002, UP",+91-121-2439234,",accounts@vidyaprakashan.com,info@vidyaprakashan.com,","19.0160598,72.7034818"
Tulika Publishers,Companies(Private),Navi Mumbai,"24, 1 Ganapathy Colony, 3rd Street, Chennai 600018, TN",+91-44-24331639,",psbala1981@gmail.com,","19.0160598,72.7034818"
Springer India Pvt Ltd,Companies(Private),Navi Mumbai,"17, 7th Floor, Vijaya Building, Barakhamba Road, New Delhi 110001, DL",+91-11-45755888,",hendrik-jan.stoker@springer.com,x3eORSupport@springernature.com,x3ecsconnect@springerpub.com,ORSupport@springernature.com,tainoor@gmail.com,csconnect@springerpub.com,","19.0143161,73.0291073"
Shuchita Prakashan Pvt Ltd,Companies(Private),Navi Mumbai,"25, 19, LIC Colony, Tagore Town, Allahabad 211002, UP",+91-532-2465947,",abcl@amritbanaspati.com,jane-doe@shuchita.com,anjalidsc@sify.com,PURVEZ@GODREJ.COM,","19.0160598,72.7034818"
Power Point Cartridges Pvt Ltd,Companies(Private),Navi Mumbai,"401, Madhu Industrial Park, Mogra Lane, Nagardas Road, Andheri East, Mumbai 400069, MH",+91-22-66471111,",accounts@powerpoint.net.in,","19.1267154,72.8396788"
Lucky Graphics,Companies(Private),Navi Mumbai,"10, 14, 506, Veena Killedar Industrial Estate, Pais Street, Byculla West, Mumbai 400011, MH",+91-22-23088339,,"18.9795627,72.819836"
Langers,Companies(Private),Navi Mumbai,"7, 25, Mahaveer Street, Ansari Road, Darya Ganj, New Delhi 110002, DL",+91-11-23260253,"affairs@msnlabs.com,,business@fracht.ro,corporate.affairs@msnlabs.com,","19.0160598,72.7034818"
Jaypee Brothers Medical Publishers Pvt Ltd ( Jaypee ),Companies(Private),Navi Mumbai,"7193, 4838, 24, Ansari Road, Darya Ganj, New Delhi 110002, DL",+91-11-43574357,",mumbai@jaypeebrothers.com,x3ejaypee@jaypeebrothers.com,jaypee@jaypeebrothers.com,","19.0509005,72.7627631"
International Paper APPM Ltd,Companies(Private),Navi Mumbai,"8th Floor, Krishe Sapphire Building, Near Image Hospital, Madhapur, Hyderabad 500081, TS",+91-40-33121000,",leenaconsultancy@yahoo.co.in,abcl@amritbanaspati.com,prabhakar.cherukumudi@ipaper.co,sales@lathiarubber.com,appmrjy@andhrapaper.com,kirti351@gmail.com,support@addressadda.com,janed@ipappm.com,","18.9268565,72.8112982"
Frans Engineering Corporation,Companies(Private),Navi Mumbai,"1-C, 6-B, Phase-1, GIDC, Vapi 396195, GJ",+91-260-2423959,"frans@benthamscience.net,,info@benthamscience.net,","19.0113662,73.0228459"
Evolis Card Printer India Pvt Ltd,Companies(Private),Navi Mumbai,"BSD Marg, Govandi, Mumbai 400088, MH",+91-22-67978300,",accounts.india@evolis.com,u003eaccounts.india@evolis.com,accounts@evolisindia.com,","19.1142502,72.8548228"
Dipak Colour Lab Pvt Ltd,Companies(Private),Navi Mumbai,"5-R, Neelam Chowk, Near Haryana Towers, Faridabad 121001, HR",+91-129-4006277,",leenaconsultancy@yahoo.co,dvndr_arora@yahoo.com,kirti351@gmail.com,John.Smith@dipakstudio.com,","19.0303724,73.0212698"
Sree Devi Enviro Pvt Ltd,Companies(Private),Navi Mumbai,"239/C, Bharathi Nagar, Vengikkal TV Malai, Chennai 606604, TN",+91-9884966058,",accounts@dastur.com,mumbai@spincotech.com,complianceofficer.pel@piramal.co,","19.0915983,72.9696019"
Scaleguard,Companies(Private),Navi Mumbai,"702-703, Goyal Trade Centre, 7th Floor, Opposite HDFC Bank, Shantivan, Borivali East, Mumbai 400066, MH",+91-22-28979454,",mitesh@scaleguard.co.in,snaidu@expanded.co.in,enquiry@audenteslabs.com,","19.1335812,72.6336948"
ION Exchange India Ltd,Companies(Private),Navi Mumbai,"Ion House, Dr. E. Moses Road, Mahalaxmi, Mumbai 400011, MH","+91-22-30472042, +91-22-39890909",",u003emilind.puranik@ionexchange.co.in,milind.puranik@ionexchange.co.in,investorhelp@ionexchange.co.in,ieil@ionexchange.co.in,","19.1022519,72.9692162"
Enviropol Engineers Pvt Ltd,Companies(Private),Navi Mumbai,"A-50, Sector 65, Industrial Area, Phase-III, Noida 201307, UP","+91-120-4540883, +91-9310505740","accounts@enviropolengineers.in,,","19.0985687,73.014863"
Emergent Ventures India Pvt Ltd,Companies(Private),Navi Mumbai,"11th Floor, Vatika Professional Point, Golf Course Extension Road, Sector 66, Gurgaon 122001, HR",+91-124-4319500,",omair@thinkcarbon.in,contact@emergent-ventures.com,ashutosh@emergent-ventures.com,u003econtact@emergent-ventures.com,","19.065732,72.9891935"
Sharoff Technology (steelneeds.com),Companies(Private),Navi Mumbai,"FL-8, 1st Floor, Wing 4, Alsa Mall, Montieth Road, Egmore, Chennai 600008, TN","+91-44-42078292, +91-44-42157180",",info@steelneeds.com,","19.0970042,72.957669"
Seedcore Group,Companies(Private),Navi Mumbai,"408, Shop Zone, MG Road, Ghatkopar West, Mumbai 400086, MH",+91-9768307053,",enquiry@audenteslabs.com,info@glintcosmetics.com,hr@adani.in,","19.081221,72.8936347"
PrivyPleasures,Companies(Private),Navi Mumbai,"Hari Om Empire, Off SB Road, Gokhale Nagar, Model Colony, Pune 411016, MH",+91-8007060606,",enquiry@audenteslabs.com,","19.0160598,72.7034818"
Ondoor Concept Pvt Ltd,Companies(Private),Navi Mumbai,"163, Maharana Pratap Nagar, Bhopal 462011, MP",+91-755-4099388,"x22info@ondoor.com,,nptubes@gmail.com,info@ondoor.com,x3einfo@ondoor.com,","19.0191567,73.0286972"
LoansBazaar.com,Companies(Private),Navi Mumbai,"317, Door No 1/1C, 1st Floor, 15th Street, Ashok Nagar, Chennai 600083, TN",+91-9710283311,"aakinfratechpvt.ltd@gmail.com,,info@navimumbaibank.com,","19.0693129,73.0096118"
Indianhanger.com,Companies(Private),Navi Mumbai,"1st Floor, Army & Navy Building, MG Road, Fort, Mumbai 400001, MH","+91-22-22843363, +91-22-22876778",,
iDaa Software Pvt Ltd,Companies(Private),Navi Mumbai,"102/B, 1st Floor, Lake Shore Tower, Somajiguda Raj Bhawan Road, Hyderabad 500082, TS","+91-40-66660386, +91-40-66783536",",interdiverseacqua@gmail.com,sakun@perfect-group.co.in,rakesh.shejwal@aartigroup.cominfo,enquiry@audenteslabs.com,sales@idapl.in,",
Avanti Fellows,Companies(Private),Navi Mumbai,"16/A/4, New Sion CHS, Sion West, Mumbai 400022, MH",-9819207306,",info@avantifellows.org,sxxxxxxxxxa@avantifellows.org,sxxxxxxxxxxxxxxxxxi@avantifellows.org,",
Varuna D Jani Fine Jewellery Pvt Ltd,Companies(Private),Navi Mumbai,"Ramani Villa, 1st Road, TPS IV, Bandra West, Mumbai 400050, MH",-26512650,",jane-doe@varunadjani.com,info@varunadjani.com,info@zodiacjrdmkjltd.com,accounts@varunadjani.com,",
Writer Corporation,Companies(Private),Navi Mumbai,"105, Near Voltas House, Dr. Babasaheb Ambedkar Road, Kala Chowki, Mumbai 400033, MH",-66170031,",admin.mum.nrl@writercorporation.com,arulraj.thangavel@writercorporation.com,jinal.desai@writercorporation.com,x3ejinal.desai@writercorporation.com,x3earulraj.thangavel@writercorporation.com,",
V-Trans India Ltd,Companies(Private),Navi Mumbai,"5, Navre Apartment, Swami Vallabhdas Marg, Mumbai 400022, MH","+91-22-24014538, +91-22-24020880",",info@vxpress.in,ncoadmin@vtransgroup.com,x3elovesh@vtransgroup.com,lovesh@vtransgroup.com,",
Vinpac Innovations,Companies(Private),Navi Mumbai,"38, 1st Main, D Street, Mysore Road, New Guddadahalli, Bangalore 560026, KA","+91-80-26750956, +91-80-26748406",,
V. Arjoon Shipping Ltd,Companies(Private),Navi Mumbai,"6/129/131, Hafizain Building, 3rd Floor, Kazi Sayed Street, Masjid Bunder, Mumbai 400003, MH","+91-22-42901111, +91-22-23420091","varjoonshippingpl@gmail.com,,u003evarjoonshippingpl@gmail.com,",
Triway Forwarders Pvt Ltd,Companies(Private),Navi Mumbai,"14, 2nd Floor, Behind Customs House, Jaffer Street, Chennai 600001, TN","+91-44-25242384, +91-44-30264000","x3echennai@triway.in,,triair@triway.in,chennai@triway.in,mmehra@pglindia.com,",
Swiss Pack Pvt Ltd,Companies(Private),Navi Mumbai,"Dabhasa Village, Padra 391440, GJ","+91-2662-244057, +91-2662-244058",",doe_jane@swisspack.co.in,",
Swift Freight India Pvt Ltd,Companies(Private),Navi Mumbai,"3/2, C Wing, 3rd Floor, Kherani Road, Saki Naka, Andheri East, Mumbai 400072, MH",-67779369,",bhaskar@swiftcargo.com,marketing@swiftcargo.com,",
Soham Impex,Companies(Private),Navi Mumbai,"6, Old Ramgopal Industrial Estate, Phase 1, Opposite Jawahar Talkies, Mulund West, Mumbai 400080, MH","+91-22-25654621, +91-22-25654623",",thg@sohamopl.com,info@companydetails.in,mdforwarders@hotmail.com,sohaminternationalsupplier@gmail.com,",
Shree Surgovind Tradelink Ltd (SSTL),Companies(Private),Navi Mumbai,"93/95, Sugar House, 2nd Floor, Kazi Sayed Street, Masjid West, Mumbai 400003, MH",-61925436,",documentation@agraeng.com,",
Sequel Logistics Pvt Ltd,Companies(Private),Navi Mumbai,"L-374, 5th Main, HSR Layout, Sector 6, Bangalore 560034, KA",-66382189,",last@sequelglobal.com,info@sequel.co.in,dilip@snlipl.net,info@sequelglobal.com,customercare@sequel.co.in,",
Sehdev Packers and Movers Pvt Ltd,Companies(Private),Navi Mumbai,"52, Near C R P F Camp, Sheetala Mata Road, Gurgaon 122001, HR",-9717475187,,
Sayandeep Express Pvt Ltd (SEPL),Companies(Private),Navi Mumbai,"7/8, Tukaram Mutke Market, Mega Centre, Medankarwadi, Chakan, Pune 410501, MH","+91-9922722828, +91-9763727552",,
Sapthagiripoly Printers India Pvt Ltd,Companies(Private),Navi Mumbai,"18, Chairman Arunachelam Road, Virudhunagar 626123., TN","+91-4562-227745, +91-4562-227475",",mktg@jasmineart.in,sapthagiripppvt@gmail.com,info@bhavanigroup.in,",
Rushabh Investment Pvt Ltd (Smarttech),Companies(Private),Navi Mumbai,"753, Pune Nagar Road, Sanaswadi, Shirur, Nahavara 412208, MH",-679823,",pai@smarttech.co.in,suresh@ajmera.com,bimal@smarttech.co.in,",
RMS Pack Systems Pvt Ltd,Companies(Private),Navi Mumbai,"A-50, Sector 5, Noida 201301, UP",-2422162,",contact@rmspack.com,rakesh.shejwal@aartigroup.cominfo,hjena@vrlogistic.net,birjeshkjain@yahoo.com,",
Rihita Cargo Pvt Ltd,Companies(Private),Navi Mumbai,"419/1/2, Victor Maxi Compound, Near International Air Cargo Complex, Tank Pakhadi, Sahar Road, Andheri East, Mumbai 400099, MH",-26817579,"vinit@rihitacargo.com,,gagan@groupsl.com,dilip@snlipl.net,",
Petrox Packaging India Pvt Ltd,Companies(Private),Navi Mumbai,"4, Western India Building, Sewri Bunder Road, Sewri East, Mumbai 400015, MH",-24128830,"firozshah@petrox.in,,u003efirozshah@petrox.in,petroxindia@gmail.com,",
Perfect Packers And Movers,Companies(Private),Navi Mumbai,"35/22, Selva Nagar, 2nd Street, Ponnagar Extension, Trichy 620001, TN",-9443207994,"pcpm.mumbai@gmail.com,,info@pcpackersmovers.com,",
Paramount Seals & Packings,Companies(Private),Navi Mumbai,"79/A, New Empire Industrial Estate, Kondivita Road, Andheri East, Mumbai 400059, MH","+91-22-28369390, +91-22-28218802",,
Nissin ABC Logistics Pvt Ltd,Companies(Private),Navi Mumbai,"403, B-1 & B-2, Centrum plaza, 4th Floor, Golf Course Road, Sector 53, Gurgaon 122001, HR",-4595133,"jane@nall.co.in,,jagdish@nall.co.in,d_j@nall.co.in,corporate@nall.co.in,",
Nikita Containers Pvt Ltd (Clarion),Companies(Private),Navi Mumbai,"S-8, Thiruvika Industrial Estate, Guindy, Chennai 600032, TN",-22500552,",mumbai@nikitacontainers.in,",
Marshall Corporation Ltd,Companies(Private),Navi Mumbai,"2, Chowringhee Approach, Kolkata 700072, WB","+91-33-22126275, +91-33-22126119",",x3eathakurdesai@forbesmarshall.com,athakurdesai@forbesmarshall.com,",
Magnum Cargo Pvt Ltd,Companies(Private),Navi Mumbai,"229, Sahar Cargo Estate, 2nd Floor, J B Nagar, Andheri East, Mumbai 400099, MH",-42680931,",u003eaccounts@magnumcargo.com,aurotrans@aurotrans.com,accounts@magnumcargo.com,",
Kris Automated Packaging Systems Pvt Ltd,Companies(Private),Navi Mumbai,"A-39, Waghle Industrial Estate, Road No 11, Thane 400604, MH",-30947931,",kris.legal@krisflexipacks.com,",
Kamakshi Lamipack Pvt Ltd,Companies(Private),Navi Mumbai,"40, New No 68, Ambattur Industrial Estate, 2nd Main Road, Chennai 600058, TN","+91-44-26248316, +91-44-26257696",",klpplchen@gmail.com,harshad@jyotimail.com,info@karammultipack.com,kppolypack@gmail.com,x3eklpplchen@gmail.com,",
Harra Polypack,Companies(Private),Navi Mumbai,"Survey No 767/6, Near Riddhi Plastic Vadsar, Moti Boyan Road, Gandhi Nagar, Kalol 382721, GJ","+91-2764-248209, +91-2764-248208",",raju@harrapolypack.com,admin@harrapolypack.com,",
Gebo Cermex India Pvt Ltd,Companies(Private),Navi Mumbai,"Discovery Tower, Sector 62, Noida 201309, UP",-6780707,",cgpdtm@nic.in,",
Gateway East India Pvt Ltd,Companies(Private),Navi Mumbai,"Sheela Nagar, Visakhapatnam 530012, TS",-3076300,"gaurav@fengyuangroup.in,u003esrikanth.m@gateway-distriparks.com,x3einfo.in@transsion.com,,x3eaccounts@iriseindia.com,x3eprasad@fengyuangroup.in,accounts@iriseindia.com,clifford.pinto@roquette.com,x3egaurav@fengyuangroup.in,nveena@gateway-distriparks.com,prasad@fengyuangroup.in,x3eclifford.pinto@roquette.com,info.in@transsion.com,srikanth.m@gateway-distriparks.com,",
Gateway Distriparks Ltd (Gateway),Companies(Private),Navi Mumbai,"Dronagiri, Sector 6, Uran, Navi Mumbai 400707, MH","+91-22-27246500, +91-22-27246512",",kumar@gateway-distriparks.com,nveena@gateway-distriparks.com,u003ekumar@gateway-distriparks.com,anuj.kalia@gatewaydistriparks.com,",
Ganpati Transport Corporation,Companies(Private),Navi Mumbai,"A-518/4, City Mall, 5th Floor Sector 19, Vashi Turbhe Road, Sanpada, Navi Mumbai 400705, MH","+91-22-27831703, +91-22-27831704",",transport@ganpaticc.com,ganpatitransit@gmail.com,info@ganpaticc.com,manoj.sahu@ganpaticc.com,",
Frontline Corporation Ltd,Companies(Private),Navi Mumbai,"4th Floor, Shalin Building, Near Nehru Bridge Corner, Ashram Road, Ahmedabad 380009, GJ","+91-79-26578201, +91-79-26578863",",roc5875@frontlineguards.com,frontlinecorp2@gmail.com,frontlinecorp.in@gmail.com,",
Flint Group India Pvt Ltd,Companies(Private),Navi Mumbai,"2, Shiv Industrial Infrastructure Park, Nirma Canal Road, Lamdapara, Savli 391775, GJ",-269945,",mail@flexituff.com,verma@flexituff.com,rakesh.shejwal@aartigroup.cominfo,x3einfo.packaginginks@flintgrp.com,jane.doe@flintgrp.com,info.packaginginks@flintgrp.com,",
Everest Plastic Industries,Companies(Private),Navi Mumbai,"Everest Plastic Road, Kulshekar, Mangalore 575005, KA","+91-824-2231885, +91-824-2261886",",sales@everestengg.in,",
D Abraham & Sons Pvt Ltd,Companies(Private),Navi Mumbai,"Hague Building, Ballard Estate, Mumbai 400001, MH","+91-22-22610361, +91-22-22610363",,
Carry My Goods Pvt Ltd,Companies(Private),Navi Mumbai,"A-44/45, DLF IT Park, Tower C, Sector 62, Noida 201301, UP",-4696473,"crewmanagement.in@selandia-group.com,,agencymumbai@seawaysindia.com,info@hyvaindia.com,",
Caravel Logistics Pvt Ltd,Companies(Private),Navi Mumbai,"484, Pantheon Plaza, Pentheon Road, Egmore, Chennai 600008, TN",-42006753,",sainathan@caravellogistics.com,sales@LawyerServices.in,info@LawyerServices.in,delhi@bbcargo.com,",
Balurghat Technologies Ltd,Companies(Private),Navi Mumbai,"170/2-C, Acharya Jagadish Chandra Bose Road, Kolkata 700014, WB","+91-33-22866404, +91-33-22842084","info@balurghat.co.in,,jane@balurghat.co.in,",
Ammayapper Roadways,Companies(Private),Navi Mumbai,"Begum Ispahani Complex, 1st Floor, Armenian Street, Chennai 600001, TN","+91-44-25234539, +91-44-25240958",",ammayapper@ammayapperroadways.com,paparoadlines12319@gmail.com,manohar.venkata02@gmail.com,senthilvel.h@ammayapperroadways.com,cs.ptindia@primetals.com,",
Amcor Flexibles India Pvt Ltd,Companies(Private),Navi Mumbai,"3, Equinox Business Park, 6th Floor, Opposite To BKC, L B S Marg, Mumbai 400070, MH",-40080131,",yashpal.jajodia@amcor.com,x3eyashpal.jajodia@amcor.com,",
Ambica Cargo Forwarders Pvt Ltd,Companies(Private),Navi Mumbai,"C-109, Antophill Warehousing Complex, Near Lloyds Towers, V I T Road, Wadala East, Mumbai 400037, MH",-24112106,",milandesai52@gmail.com,apcargo89@rediffmail.com,VIKRAM_GARG@omtrans.in,ssaawant@hikologistics.com,",
ABS Logistics Pvt Ltd,Companies(Private),Navi Mumbai,"32, Near Model Town, Ishwar Colony, Bhama Shah Marg, New Delhi 110009, DL",-45702644,",vinay@fblindia.in,x3evinay@fblindia.in,u003einfo@abslogistics.in,aurotrans@aurotrans.com,info@abslogistics.in,",
Pergo India Pvt Ltd,Companies(Private),Navi Mumbai,"M-13, 1st Floor, M Block Market, Greater Kailash, New Delhi 110048, DL","+91-11-41435741, +91-11-41435742",",doe_jane@pergo.co.in,naresh.maheshwari@pergo.com,",
Signet Communications Pvt Ltd (Khoj India TV),Companies(Private),Navi Mumbai,"69, Maruti Industrial Area, Sector 18, Gurgaon 122001, HR",-4201119,",jocelyn.vigreux@tomtom.com,",
Shree Venkatesh Films Pvt Ltd,Companies(Private),Navi Mumbai,"6, 5th Floor, Waterloo Street, Kolkata 700069, WB",-30927542,"ssenterprises3836@gmail.com,,omkar.tamhane@mscorp.co,",
Outdoor Advertising Professionals India Pvt Ltd,Companies(Private),Navi Mumbai,"F3, 4/B, Shantinagar Industrial Estate, Vakola, Santacruz East, Mumbai 400055, MH","+91-22-61555666, +91-22-66929660",",enquiry@oapindia.com,last@oapindia.com,murali.nair@oapindia.com,u003emurali.nair@oapindia.com,",
Omnicom Media Group (OMD),Companies(Private),Navi Mumbai,"32, Global Business Square, 3rd Floor, Industrial Area, Sector? 44, Gurgaon 122002, HR",-4932933,",nalini.lalvani@omnicommediagroup.com,x3einfo@OmnicomMediaGroup.com,info@OmnicomMediaGroup.com,marketingindia@omd.com,",
Moulis Advertising Service Pvt Ltd,Companies(Private),Navi Mumbai,"4/22, Rams, 1st Floor, West Cott Road, Royapettah, Chennai 600014, TN","+91-44-28514215, +91-44-28523044",",moulisadvertising@gmail.com,sameermhs@gmail.com,u003emoulisadvertising@gmail.com,",
M&M Connect Advertising & Promotions Pvt Ltd,Companies(Private),Navi Mumbai,"91, 2nd Floor, 1st C Main, Jakkasandra Extension, Koramangala, Bangalore 560034, KA","+91-80-25530777, +91-80-25525777",,
Lok Prakashan Ltd (Gujarat Samachar),Companies(Private),Navi Mumbai,"Gujarat Samachar Bhawan, Near Gun House, Khanpur, Ahmedabad 380001, GJ","+91-79-30410000, +91-79-25508001","x3eeditor@gujaratsamachar.com,,jane@gujaratsamachar.com,editor@gujaratsamachar.com,shreyans1947@yahoo.in,",
Janathavani,Companies(Private),Navi Mumbai,"326, Janatavani, Dixit Road, Kashur Ba Extension, Davangree 577002, KA","+91-8192-254736, +91-8192-231016",,
Indiasign Pvt Ltd,Companies(Private),Navi Mumbai,"A-48, Hartron Complex, Sector 18, Electronic City, Gurgaon 122015, HR",-4581440,",info@bmctpl.com,cs@indiasign.in,jane_doe@indiasign.net,",
Epic India Tours & Events Pvt Ltd,Companies(Private),Navi Mumbai,"322-B, Sohna Road, Sector 49, Gurgaon 122018, HR",-4257004,,
Bharat Business Channel Ltd (Videocon d2h) (Videocon),Companies(Private),Navi Mumbai,"1st Floor, Techweb Centre, Near Mega Mall, Oshiwara, Mumbai 400102, MH",-42554931,,
Abhishek Advertising & Marketing India Pvt Ltd,Companies(Private),Navi Mumbai,"Plot No 5, Sai Trade Centre, Seven Hills, Jalna Road, Surana Nagar, Aurangabad 431001, MH","+91-7507771485, +91-7507771481",,
Aatma Ki Jwala,Companies(Private),Navi Mumbai,"Udaipur Road, Dungarpur, Udaipur 314001, RJ",-9414104764,"gsssbijradchohtan@gmail.com,,rajendrajaiswal1964@gmail.com,",
Healthcare Process Solutions India Pvt Ltd,Companies(Private),Navi Mumbai,"18, Hosur Main Road, Bangalore 560076, KA",,"pendsep@avaya.com,pendsep@avaya.com,pendsep@avaya.com,last@hyperquality.com,Hqindia@HyperQuality.com,x3ependsep@avaya.com,",
Forbes Technosys Ltd,Companies(Private),Navi Mumbai,"17-C, 18, 16, Wagle Industrial Estate, Thane, Mumbai 400604, MH",,"srmeenak@in.ibm.com,jobs@signatrix.in,gsrprasad@7hillsbiz.com,freshers@lntinfotech.com,consultant@miracleindia.com,srmeenak@in.ibm.com,jobs@signatrix.in,gsrprasad@7hillsbiz.com,freshers@lntinfotech.com,consultant@miracleindia.com,",
Alfa E-Solutions Pvt Ltd,Companies(Private),Navi Mumbai,"1, A, B, Dattani Towers, S.V. Road, Kora Kendra, Borivali, Mumbai 400092, MH",-42636597,"arjunsrivastava@apacss.com,arjunsrivastava@apacss.com,aloksrivastava@apacss.com,arjunsrivastava@apacss.com,arjunsrivastava@apacss.com,aloksrivastava@apacss.com,",
Uday Rubber Products,Companies(Private),Navi Mumbai,"118, Bhola Bhagwan Industrial Estate, IB Patel Road, Goregaon East, Mumbai 400063, MH",-65279277,"compliance.india@ap.umicore.com,compliance.india@ap.umicore.com,bhavik.trivedi@ap.umicore.com,sales@amphenol.in.com,compliance.india@ap.umicore.com,Compliance.India@ap.umicore.com,bhavik.trivedi@ap.umicore.com,sales@amphenol.in.com,x3ecompliance.india@ap.umicore.com,",
Tuticorin Alkali Chemicals & FertilizeRs. Ltd,Companies(Private),Navi Mumbai,"88, SPIC House, Mount Road, Guindy, Chennai 600032, TN",-22352466,"info@ultrachem.co.in,67970001_info@ultrachem.co,kapil@ultrachem.co.in,d_j@ultrachem.co.in,67970001_info@ultrachem.co,kapil@ultrachem.co.in,d_j@ultrachem.co.in,",
Travancore Titanium Products Ltd,Companies(Private),Navi Mumbai,"Post Box No 1, Thiruvananthapuram 695021, KL",-2501145,"tulsirubber@gmail.com,tulsirubber@gmail.com,ranu.kasar@gmail.com,tulsirubber@gmail.com,tulsirubber@gmail.com,ranu.kasar@gmail.com,",
Thermoshield India Pvt Ltd,Companies(Private),Navi Mumbai,"173, 7th Cross, Anupam, 5th C Main RPC Layout, 2nd Stage, Vijayanagar, Bengaluru 560040, KA",-23207946,,
Tex Biosciences Pvt Ltd,Companies(Private),Navi Mumbai,"75, Textan House, Fourth Avenue, Ashok Nagar, Chennai 600083, TN",-42988653,"investors@factltd.com,u003einvestors@factltd.com,investors@factltd.com,anshah@gnfc.in,u003einvestors@factltd.com,anshah@gnfc.in,x3einvestors@factltd.com,",
Tata Chemicals Ltd (TATA),Companies(Private),Navi Mumbai,"24, Bombay House, Homi Mody Street, Fort, Mumbai 400001, MH",-66658213,"teestaagro86@gmail.com,info@teestaagro.in,teestaagrogangrar@gmail.com,investor.teesta@gmail.com,x3eteestaagro86@gmail.com,",
Sovika Chemicals Pvt Ltd,Companies(Private),Navi Mumbai,"B/2, Parekh Mahal, 80 VN Road, Churchgate, Mumbai 400020, MH",-22048131,"accounts@spiktel.com,u003eaccounts@spiktel.com,SANJEEV08G@GMAIL.COM,SANJEEV08G@GMAIL.COM,SANJEEV08G@GMAIL.COM,taxes@saigun.com,CompanySecretary@olacabs.com,umesh@HealthPlacemnents.com,u003eaccounts@spiktel.com,aawesh@spiktel.com,umesh@HealthPlacemnents.com,x22SANJEEV08G@GMAIL.COM,x3eSANJEEV08G@GMAIL.COM,x3eSANJEEV08G@GMAIL.COM,x3etaxes@saigun.com,CompanySecretary@olacabs.com,",
Skipper Ltd (The Bansal Group),Companies(Private),Navi Mumbai,"3A, 1st Floor, Louddon Street, Kolkata 700017, WB","+91-33-22892327, +91-33-22895731",,
SICGIL India Ltd,Companies(Private),Navi Mumbai,"84, Old No 827, 6th Floor, Dhun Building, Anna Salai, Chennai 600002, TN","+91-44-28521644, +91-44-28521467","roc.chennai@mca.gov.in,roc.chennai@mca.gov.in,jainsteelsuppliers@gmail.com,",
"Shason Enterprise, Mumbai",Companies(Private),Navi Mumbai,"77/83, J K Chambers, Nagdevi Street Masjid, Masjid Bunder, Mumbai 400003, MH",-40231161,"nitin.agarwal.spl@gmail.com,preeti@radiantindustries.in,dpplho@gmail.com,contact@foracepolymers.in,shivgangapvt@gmail.com,shivahdpepipes@gmail.com,shivahdpepipes@gmail.com,x3enitin.agarwal.spl@gmail.com,x3epreeti@radiantindustries.in,x3edpplho@gmail.com,x3econtact@foracepolymers.in,",
Satyam Pharma-Chem Pvt Ltd,Companies(Private),Navi Mumbai,"G-A2, 35/35A, Goldcoin, Pardo Road, Mumbai 400002, MH",-66339831,,
Saraf Chemical Industries (Saraf Group of Industries),Companies(Private),Navi Mumbai,"901 Indraprastha Corporate Opposite Venus Atlantis 9th Floor, Prahlad Nagar Road., Ahmedabad 380015, GJ",-39838688,"sccpl@airtelmail.in,sccpl@airtelmail.in,",
Sapna International,Companies(Private),Navi Mumbai,"402&403, Twin Arcade, C Military Road, Marol, Andheri East, Mumbai 400059, MH","+91-22-29204958, +91-22-29254959","sarvottamdamani@gmail.com,sarvottam@sarvottampolymers.com,anuj@sarvottampolymers.com,ananddamani72@gmail.com,anand@sarvottampolymers.com,sarvottamdamani@gmail.com,sarvottam@sarvottampolymers.com,anuj@sarvottampolymers.com,ananddamani72@gmail.com,anand@sarvottampolymers.com,sarvottamdamani@yahoo.in,sarvottamdamani@gmail.com,sarvottam@sarvottampolymers.com,anuj@sarvottampolymers.com,ananddamani72@gmail.com,anand@sarvottampolymers.com,sarvottamdamani@yahoo.in,",
S A Pharmachem Pvt Ltd,Companies(Private),Navi Mumbai,"220, Udyog Bhavan, Sonawala Road, Goregaon East, Mumbai 400063, MH",-26819863,"jhamrigesh@gmail.com,",
Pratap Tex-Chem Pvt Ltd,Companies(Private),Navi Mumbai,"Gat No 1163/1 Old 1490, Mulkhed Road, Ghotawade, Pune 412111, MH","+91-20-65730391, +91-8390906557","guptaa2000@yahoo.com,exports@precitex.com,novyaggarwal@gmail.com,guptaa2000@yahoo.com,exports@precitex.com,",
Pesticides Manufacturers & Formulators Association of India,Companies(Private),Navi Mumbai,"D-516, Crystal Plaza, Andheri Link Road, Andheri West, Mumbai 400053, MH","+91-22-26734845, +91-22-26734846",,
Omega Plasto Compounds Pvt Ltd,Companies(Private),Navi Mumbai,"287 & 288, GIDC Manjusar, Savli 391775, GJ",-9327449453,"info@orchev.com,info@orchev.com,accounts@orchev.com,que_ad1@yahoo.co.in,Gujaratinfo@orchev.com,info@pharmexcil.com,info@orchev.com,Gujaratinfo@orchev.com,accounts@orchev.com,info@pharmexcil.com,x3eaccounts@orchev.com,x3eque_ad1@yahoo.co.in,",
Nu Tech Rubber & Plastics,Companies(Private),Navi Mumbai,"Old No 191, New No 286, Thambu Chetty Street, Flower Bazaar, Chennai 600001, TN","+91-44-25218858, +91-44-25244840","list.india@list-group.com,oleochemindia@gmail.com,oilbaseindia24@gmail.com,unitedoleochem@gmail.com,oilbaseindia24@gmail.com,oleochemindia@gmail.com,x3elist.india@list-group.com,",
Lok Chemicals Pvt Ltd,Companies(Private),Navi Mumbai,"741, Solitare Corporate Park, Ghatkopar Link Road, Chakala, Andheri East, Mumbai 400093, MH",-67364577,"mrbelts@gmail.com,info@shrirambeltings.com,",
Lion Rubber Industries Pvt Ltd,Companies(Private),Navi Mumbai,"Plot No 49, Survey No 66/1, Lion House, Near Sharp Industrial, Waliv Phata, Sativali Road, Vasai 401208, MH",-6525861,"rakesh.shejwal@aartigroup.cominfo,luckychemicalindustry@gmail.com,lucky.cpvtltd@gmail.com,rakesh.shejwal@aartigroup.cominfo,MAIL@RICHFIELD-WSF.COM,",
JM Chemical Co,Companies(Private),Navi Mumbai,"405, 4th Floor, DDA Building, Laxmi Nagar, New Delhi 110092, DL",-47481031,"investor@indiacements.co.in,gscl.kolkata@gmail.com,cmd@bestcement.co.in,support@tofler.in,info@bestcement.co.in,cmd@bestcement.co.in,x3einvestor@indiacements.co.in,x3egscl.kolkata@gmail.com,",
Jenson & Nicholson India Ltd,Companies(Private),Navi Mumbai,"107, Udyog Vihar, Phase 4, Gurgaon 122016, HR",-4567810,"rakesh.shejwal@aartigroup.cominfo,abhishek.prasad@hpcl.in,rakesh.shejwal@aartigroup.cominfo,sharad2003@gmail.com,abhishek.prasad@hpcl.in,",
Jaydip Agencies,Companies(Private),Navi Mumbai,"311-312, 3rd Floor, E Square, Subhash Road, Vile Parle East, Mumbai 400057, MH","+91-22-26192049, +91-22-26191367","kcube@indiatimes.com,info@bleachchemgroup.com,kcube@indiatimes.com,cosec@jik.co.in,cosec@jik.co.in,info@bleachchemgroup.com,",
Hindustan Phosphates Pvt Ltd,Companies(Private),Navi Mumbai,"515, Milinda Manor, RNT Marg, Indore 452001, MP","+91-731-2529751, +91-731-2529752",,
Henkel Chembond Surface Technologies Ltd (Chembond),Companies(Private),Navi Mumbai,"EL-71, MIDC, Mahape, Mumbai 400710, MH","+91-22-39213000, +91-22-39213001","info@hightechreclaim.com,info@hightechreclaim.com,",
Gallina India,Companies(Private),Navi Mumbai,"C-101, Kundan Niwas Ashram, New Delhi 110014, DL","+91-11-26342407, +91-11-26348463","export@swayambhuexim.com,sipl038@gmail.com,export@swayambhuexim.com,choicespicepvtltd@gmail.com,",
Finornic Chemicals India Pvt Ltd,Companies(Private),Navi Mumbai,"Plot No 6234, GIDC Industrial Area, Ankleshwar, Bharuch, Ankleshwar 393002, GJ","+91-2646-250177, +91-2646-251792","formokem@gmail.com,formokem@gmail.com,formokem@gmail.com,formokem@gmail.com,jane.doe@formokem.com,",
Corro Care Industries,Companies(Private),Navi Mumbai,"Plot No 4718, Phase 4, Vatva, Ahmedabad 382445, GJ","+91-79-25841705, +91-79-40083047","info@crystalcrop.com,info@crystalcrop.com,info@crystalcrop.com,last@crystalcropprotection.com,janedoe@crystalcropprotection.com,info@crystalcrop.com,info@crystalcrop.com,info@crystalcrop.com,last@crystalcropprotection.com,care@careratings.com,janedoe@crystalcropprotection.com,",
Chromatic India Ltd,Companies(Private),Navi Mumbai,"207, Vardhaman Services Industrial Estate, LBS Marg, Vikhroli West, Mumbai 400083, MH",+91-22-61369800,,
Chem-Carb (India),Companies(Private),Navi Mumbai,"303, Farry Apartment, Opposite HDFC Bank, Marve Road, Malad West, Mumbai 400064, MH","+91-22-28081294, +91-22-28646455","sales@cppiping.com,last@cppiping.com,dhulap@cppiping.com,nalkametal@finolexpipes.com,sales@cppiping.com,last@cppiping.com,dhulap@cppiping.com,nalkametal@finolexpipes.com,",
Brilliant Coatings Pvt Ltd,Companies(Private),Navi Mumbai,"AC-27A, SIPCOT industrial Estate, Thirumudivakkam, Chennai 600044, TN",+91-9444908002,"secretarial@camlinfs.com,yogesh.chikhale@camlinfs.com,last@camlinfs.com,last@camlinfs.com,yogesh.chikhale@camlinfs.com,",
BASP Chemical Products Ltd,Companies(Private),Navi Mumbai,"105/106, Parshwa Chamber, 17/21, Issaji Street, Mumbai 400003, MH","+91-22-23449557, +91-22-66312930","info@benzochem.co.in,jane@bcipl.com,smohatta@hotmail.com,info@benzochem.co.in,jane@bcipl.com,smohatta@hotmail.com,",
BASF Styrenics Pvt Ltd (BASF),Companies(Private),Navi Mumbai,"Plot No 12, TTC Industrial Area, Thane-Belapur Road, Thurbe, Navi Mumbai 400705, MH","+91-22-67917400, +91-22-67127600","bensonpoly@yahoo.com,bensonpoly@yahoo.com,kapiljain@bensonpolymers.in,",
Anulekh Agrotech Pvt Ltd,Companies(Private),Navi Mumbai,"207, Shivam Chambers, SV Road, Goregaon West, Mumbai 400104, MH",+91-22-42152486,"sandeep@aplusenp.com,sandeep@aplusenp.com,sandeep@aplusenp.com,sandeep@aplusenp.com,sandeep@aplusenp.com,",
Aglo Polymers Pvt Ltd,Companies(Private),Navi Mumbai,"4, Block 2, Suite No 7K, Chowringhee Lane, Diamond Chamber, Kolkata 700016, WB","+91-33-30287935, +91-33-30287934","jane@agsar.com,tuticorin@agsar.net.website,xx@agsar.com,sxx@agsar.com,jane@agsar.com,accounts@agsar.net,tuticorin@agsar.net.website,xx@agsar.com,sxx@agsar.com,",
AB Composites Pvt Ltd,Companies(Private),Navi Mumbai,"1/1B/18, Ramkrishna Naskar Lane, Kolkata 700010, WB",+91-33-40115800,"at@rubexco.com,at@rubexco.com,at@rubexco.com,at@rubexco.com,",
Talent Track Services,Companies(Private),Navi Mumbai,"A C.I.L Colony, Sanjay Nagar, Bangalore 560094, KA","+91-80-42458585, +91-80-23419981","info@tata.com,x3einfo@tata.com,enquiry@iqpc.com.sg,",
Spencer Stuart India Pvt Ltd,Companies(Private),Navi Mumbai,"11th Floor, Avanta House, Dr. Annie Beasant Road, Worli, Mumbai 400030, MH",+91-22-66161414,,
Rujas Management Consultants Pvt Ltd,Companies(Private),Navi Mumbai,"2-C, KG Spring Manor 23, 1st Main Road, Shastri Nagar, Adyar, Chennai 600020, TN",+91-44-42118600,"info@saaritresources.in,albert@saarservices.com,sadasivamd@gmail.com,",
RSN Consultancy,Companies(Private),Navi Mumbai,"65, Surya Shopping Center, Srishti Complex, Sector-5, Mira Road, Thane, Mumbai 401107, MH",+91-22-28459389,,
Reseapro Scientific Services Pvt Ltd,Companies(Private),Navi Mumbai,"516, 1767, 3241, 2nd Floor, KIIT Road, Patia, Bhubaneswar 751024, OD","+91-674-2726288, +91-674-3191919","x22finder.in@findernet.com,finder.in@findernet.com,tax366@elentec.in,x3efinder.in@findernet.com,x3ecsarungupta@gmail.com,list.india@list-group.com,x3etax366@elentec.in,x3elist.india@list-group.com,csarungupta@gmail.com,",
Reliance Staffing Service,Companies(Private),Navi Mumbai,"601, Air Conditioned Market, Tardeo, Mumbai 400034, MH",+91-22-23523208,"nambiar.dinesh@reputeindia.net,",
Pap-Tech Engineers & Associates,Companies(Private),Navi Mumbai,"902-H, Sitapura Industrial Area, Phase 3, Jaipur 302022, RJ",+91-9950198012,"dr.keertigupta@gmail.com,",
Neusource India Ltd,Companies(Private),Navi Mumbai,"96-A, Shankar Garden, Vikas Puri, New Delhi 110018, DL","+91-11-45542840, +91-11-45542859","nichetechpl@nichetechpl.com,",
Midasis Technologies India Pvt Ltd,Companies(Private),Navi Mumbai,"153, 8-3-1270, 2-D, 1st Floor, Aruna Nilayam, Sri Nagar Colony, Hyderabad 500073, TS",+91-40-42408866,"askus@rmoneyindia.com,hello@Mindpeers.co,",
Lalima Jobs,Companies(Private),Navi Mumbai,"301, Konark Shree Apartment Exhibition Road, Patna 800001, BR","+91-9334622722, +91-612-3222722",,
German Centre for Industry and Trade Delhi Pvt Ltd,Companies(Private),Navi Mumbai,"12, Building No-9, Tower B, Phase III, Gurgaon 122002, HR",+91-124-4636000,"info@ndayurveda.com,icaine-ayurveda@aiia.gov.in,care@kamaayurveda.in,care@kamaayurveda.com,x22care@kamaayurveda.com,x3ecare@kamaayurveda.com,",
EXIN Consultancy Ltd,Companies(Private),Navi Mumbai,"152, 5th Floor, S.P.Mukherjee Road, Abhishek Point Building, Rashbehari, Kolkata 700026, WB",+91-33-24655922,,
EMS Consulting Group Pvt Ltd,Companies(Private),Navi Mumbai,"20, 2, Dewan Centre, Swami Vivekananda Road, Jogeshwari, Mumbai 400102, MH",+91-22-26783014,"envirochem.lab@gmail.com,cerc@envis.nic.in,ashankhya.aec1@gmail.com,John.Smith@envirochemlabs.com,",
Campusdais.com (Seven Eleven Advisors Pvt Ltd),Companies(Private),Navi Mumbai,"41-A, Nirmalpuri, Lajpat Nagar, New Delhi 110024, DL",+91-9891101254,"contact@career-key.in,n.key.in@gmail.com,career.key.in@mail.com,key.in@gmail.com,Career.key.in@mail.com,",
Broadcast Engineering Consultants India Ltd,Companies(Private),Navi Mumbai,"14-B, Ring Road, New Delhi 110002, DL","+91-11-23378823, +91-11-23378824","pardasso.cs@gmail.com,",
Alcor Hram,Companies(Private),Navi Mumbai,"305, Commer Zone Building No 2, Samrat Ashok Path, Pune 411006, MH",+91-20-66870000,"ramesh@alliedsolutions.com,togoyalamit@gmail.com,",
AGSM Corporate Solutions,Companies(Private),Navi Mumbai,"22, 1st Floor, Huda Market Landmark, LIC Office, Sector-31, Faridabad 121003, HR",+91-9953535656,"aks4bjp@gmail.com,contact@aksharmabharat.in,",
AbsolutData Research & Analytics Pvt Ltd,Companies(Private),Navi Mumbai,"4th Floor, Building -14, Tower A-B, DLF Cyber City, Phase-3, Gurgaon 122002, HR",+91-124-4953400,"resumes@sysaccord.com,",
Utkarsh Micro Finance Pvt Ltd,Companies(Private),Navi Mumbai,"S-24/1-2, 1st Floor, Orderly Bazar, Mahavir Nagar, Varanasi 221002, UP","1800-2081-788, +91-542-2500596","secretarial.lud@vardhman.com,",
Sushil Financial Services Pvt Ltd,Companies(Private),Navi Mumbai,"12, Homji Street, Fort, Mumbai 400001, MH",+91-22-40936000,"priya@rupeezone.in,tsmpvtltdaccounts@tsmgroup.co.in,",
StarAgri Finance Ltd,Companies(Private),Navi Mumbai,"Unit 111-112 , 1st Floor, Tower 1, Solitaire Corporate Park, Chakala, Andheri East, Mumbai 400093, MH",+91-22-42045200,"investor@bigshareonline.com,",
Sheraton Properties & Finance Ltd,Companies(Private),Navi Mumbai,"Bhansali House, A-5, Veera Desai Road, Andheri West, Mumbai 400053, MH",+91-22-26731779,"prakash@sphpl.com,customercare@sphpl.com,vs@sphpl.com,asuri@sphpl.com,ig@sphpl.com,sanjay.g@sphpl.com,anand@sphpl.com,",
SHCIL Services Ltd,Companies(Private),Navi Mumbai,"SHCIL House, P 51, TTC Industrial Area, MIDC, Mahape, Navi Mumbai 400710, MH",+91-22-61778600,"mail@sewabank.com,patil.tushar@idbi.co.in,",
Navia Markets Ltd,Companies(Private),Navi Mumbai,"Ganga Griha, 4th & 5th Floor, 9, Old 6D, Nungambakkam High Road, Nungambakkam, Chennai 600034, TN","+91-44-39189449, +91-44-39427575","md@jkinsurancemarketing.com,info@naviamarkets.com,bindumadavan@naviamarkets.com,ig@naviamarkets.com,agencymumbai@seawaysindia.com,",
ISF Securities Ltd,Companies(Private),Navi Mumbai,"5A\4B, Ansari Road, Darya Ganj, New Delhi 110002, DL",+91-11-43500300,"mumbai@skylinerta.com,complaints@moneyisle.in,amar@isflimited.com,vidhi3266@gmail.com,SUNIL.KHEMKA@ISFSECURITIES.COM,",
Iris Mediaworks Ltd,Companies(Private),Navi Mumbai,"Banglow 47/47, Opposite Janki Devi School, Maharaha, 4th Banglow, Anderi, Mumbai 400053, MH",+91-22-26320011,"info@jumpnetworks.in,corp.iris@gmail.com,",
Infrastructure Leasing & Financial Services Ltd ( IL&FS ),Companies(Private),Navi Mumbai,"The IL&FS Financial Center, Plot C 22, G Block, Bandra Kurla Complex, Bandra East, Mumbai 400051, MH","+91-22-26533333, +91-22-26593293",,
First Policy Insurance Brokers Pvt Ltd,Companies(Private),Navi Mumbai,"7, Soormani 163, Opposite DAV School, DP Road, Aundh, Pune 411007, MH","+91-20-66073226, +91-20-66305601, +91-20-66073200","x22sridharbroker@yahoo.co.in,pranav.kapadia@globalinsurance.co.in,x3epranav.kapadia@globalinsurance.co.in,sridharbroker@yahoo.co.in,x3esridharbroker@yahoo.co.in,",
CNI Research Ltd,Companies(Private),Navi Mumbai,"A/120, Gokul Arcade, Opposite Garware House, Sahar Road, Vile Parle East, Mumbai 400057, MH","+91-22-28220323, +91-22-28383889","info@cniresearchltd.com,support@cniresearchltd.com,amit@chamatcar.com,",
CFS Financial Services Pvt Ltd,Companies(Private),Navi Mumbai,"DSS 13 &14 Huda Market, Sector 30, Faridabad 121001, HR","+91-129-4103635, +91-9891411200","x3ecompliance@pcfinancial.in,agarwal@ryal.in,billing.cfs@seabird.co.in,",
AGA Assistance India Pvt Ltd,Companies(Private),Navi Mumbai,"1st Floor, DLF Square, M-Block, Jacaranda Marg, Phase 2, Gurgaon 122002, HR","+91-124-4343800, +91 124-4343838","sakshi.mittra@allianz-assistance.in,rnt.helpdesk@linkintime.co.in,",
Aadhaar Ventures India Ltd,Companies(Private),Navi Mumbai,"4th Floor, 4019, World Trade Center, Ring Road, Surat 390002, GJ",+91-261-2346481,"info@adroitcorporate.com,aadhaarviltd@gmail.com,",
Evonik Degussa India Pvt Ltd,Companies(Private),Navi Mumbai,,,"IN-Invoice@evonik.com,x3eHK-Invoice@evonik.com,HK-Invoice@evonik.com,rakesh.shejwal@aartigroup.cominfo,venkatesh.parasuram@evonik.com,x3eID-Invoice@evonik.com,x3eIN-Invoice@evonik.com,ID-Invoice@evonik.com,",
Id8labs,Companies(Private),Navi Mumbai,,,"hr@adani.in,enquiry@audenteslabs.com,",
