Name,Sector,City,Address,Phone,Email,Lat-Long
Lotus Herbals Ltd,Companies(Private),Indore,"2, Forest Lane, Near Ghitorni Metro Station, Sultanpur, New Delhi 110030, DL",+91-11-26541600,",last@lotusherbals.com,ashit.nangia@lotusherbals.com,",
Vedikar Software,Companies(Private),Indore,"3rd Floor, J-4-A Gali No.6 , Laxmi Nagar - 110092, New Delhi","+91-9334158076, +91-9110099122",",kanchan@vedika.co.in,",
Khanna Electronics Corporation,Companies(Private),Indore,"64, Capital Commercial Centre, Ashram Road, Ahmedabad 380009, GJ",+91-79-26578186,,
Karaavali Switchgears,Companies(Private),Indore,"42-C, Industrial Estate, Baikampady, Mangalore 575011, KA",+91-824-2400152,,
Hager Electro Pvt Ltd,Companies(Private),Indore,"19-P, 23, Village Vadhu Khurd, Tomseb Transformer Yard, Phulgaon Road, Nahavara 412210, MH",+91-2137-679300,"info@adette.in,x3eatulya.chandra@hagergroup.com,,atulya.chandra@hagergroup.com,djm966@gmail.com,",
Electro Control Systems,Companies(Private),Indore,"82-B, Sector ?5, Noida 201301, UP",+91-120-2421456,",sales@electrocontrol.co.in,info@electrocontrol.co.in,mail@oswaldata.com,switchgear@jyoti.com,sales.hyd@electricalcontrolsystem.com,",
Birina Industries Ltd,Companies(Private),Indore,"56, 1, Arnab Apt, Deshpran Shasmal Road, Kadamtala, Howrah 711101, WB",+91-33-68888556,",john.smith@example.com,",
Aayur Technology Solutions Pvt Ltd,Companies(Private),Indore,"3-Aayur, 1, KSIDC Indl Est, Rajajinagar, Bangalore 560044, KA",+91-80-23155244,"doejane@aayurtech.com,,sales@aayurtech.com,ramesh.cv@aayurtech.com,",
Vijay Garments Ltd,Companies(Private),Indore,"D3, Phase 2, Mepz Sanotorium, Tambaram West, Chennai 600045, TN","+91-44-22627281, +91-44-22627282",",x3esect@kitexgarments.com,notebook@vijayshri.com,hrm@rbrindia.com,marketing@vijayshri.com,sect@kitexgarments.com,",
Shree Krishna Dyeing And Printing Works,Companies(Private),Indore,"B-4, Giri Vihar Darshan, MK Street, Keshavrao Marg, Jacob Circle, Mumbai 400011, MH","+91-22-23071096, +91-22-23081298","ktppl@rediffmail.com,,",
Anil Hastkala Pvt Ltd,Companies(Private),Indore,"87, Vikas Path, Alwar 301001, RJ",+91-144-2338621,",anilrakhiimpex@gmail.com,ganearts@gmail.com,anilrakhi@gmail.com,",
Mohit Industries Ltd,Companies(Private),Indore,"A/601-B, International Trade Centre, Majura Gate, Ring Road, Surat 395002, GJ","+91-261-2463261, +91-261-2463262",",contact@mohitindustries.com,",
Al-Mizan Garments Pvt Ltd,Companies(Private),Indore,"Rakhial Road, Industrial Area, Rakhial, Ahmedabad 380023, GJ",+91-9376641234,"alazeeexp@gmail.com,,helpdesk@getdistributors.com,peace.moin@gmail.com,",
Deivam Silks,Companies(Private),Indore,"61, Opposite To Saravana Bhavan Hotel, Pondy Bazaar, T Nagar, Chennai 600017, TN","+91-44-24341489, +91-9840920304",",inquiry@nalli.com,",
Citizen Umbrella Manufacturers Ltd,Companies(Private),Indore,"147, MG Road, Kolkata 700007, WB","+91-33-32926995, +91-33-22681396","x3ecitizenkolkata@gmail.com,,citizenkolkata@gmail.com,",
Uday Patterns & Engineers,Companies(Private),Indore,"220/A, C-Wing, Ghatkopar Industrial Estate, Behind R City Mall, Off LBS Marg, Ghatkopar West, Mumbai 400086, MH",+91-22-25008088,,
MSR India Ltd,Companies(Private),Indore,"3, MSR Towers, Road No-36, Jubilee Hills, Hyderabad 500081, TS",+91-40-65577456,"sudhahingmire@gmail.com,,info@msrindia.in,hr@msrindia.in,ganesh.hingmire@gmail.com,",
Mac Power Systems,Companies(Private),Indore,"36, Lakhimi Poth, R.G.B.Road, Jonali, Guwahati 781024, AS",+91-361-2451639,,
Kalpataru Power Transmission Ltd,Companies(Private),Indore,"101, GIDC Estate, Sector 28, Part 3, Gandhinagar 382028, GJ",+91-79-23214000,"x3ekalpataru.cs@kalpataru.com,,rahul.shah@kalpatarupower.com,kalpataru.cs@kalpataru.com,",
R.R. Exports,Companies(Private),Indore,"GH-13/893, Paschim Vihar, New Delhi 110087, DL",+91-9871659885,"Address.info@rrexportsindia.in,,agplindore@gmail.com,rrrfoods@gmail.com,rajeshkhanna_associates@hotmail.com,",
Nalini Sarees Pvt Ltd,Companies(Private),Indore,"1-3-5, Defence Colony, Flyover Market, New Delhi 110024, DL","+91-11-24617813, +91-11-24697267",",contact@nalinisarees.com,eshop@nalli.com,",
Campustore,Companies(Private),Indore,"Untitled Marketing Services, Regus Citi Center, Level 6, 10/11, Dr. Radhakrishnan Salai, Mylapore, Chennai 600004, TN",+91-9840295238,,
AP Group,Companies(Private),Indore,"36-G, Heera Panna Arcade, Haji Ali, Mumbai 400026, MH",+91-22-61463838,",info@agarwalcoal.com,ps@agarwalcoal.com,dhananjoy.das@adani.com,anoopneema10@gmail.com,",
Zoetic Ayurvedics Pvt Ltd,Companies(Private),Indore,"The Chambers, 8th Floor, Gandhinagar Sarkhej Highway, Ahmedabad 380054, GJ",,",cs@zengroup.co.in,cs@zengroup.co,",
Unijules Life Sciences Ltd (RevAyur),Companies(Private),Indore,"1505-1, Universal Square, Shantinagar, Nagpur 440001, MH",,",info@unijules.com,",
Symbolic Pharma,Companies(Private),Indore,"401/4, Rise On Plaza, Sarthana Jakat Naka, Surat 395006, GJ",,",symbiotec@symbiotec.in,harshita.shrivastava@symbiotec.in,",
Soothe Healthcare Pvt Ltd,Companies(Private),Indore,"D14, Site 4, Surajpur Industrial Area, Greater Noida 201306, UP",,",x3esahil.dharia@soothehealthcare.com,last@soothehealthcare.com,sahil.dharia@soothehealthcare.com,",
Sehat Pharma Pvt Ltd,Companies(Private),Indore,"Lala Estate, Outside Mehtapura Railway Crossing, Savagadh, Himatnagar 383001, GJ",,",infoindia@actavis.com,sehatsales@gmail.com,x3einfoindia@actavis.com,sehatpharma@gmail.com,x3esehatsales@gmail.com,",
Ratnamani Healthcare Pvt Ltd,Companies(Private),Indore,"18, Rajmugat Society, Naranpura Char Rasta, Ankur Road, Naranpura, Ahmedabad 380013, GJ",,",rhealthcareroc@gmail.com,jane@ratnamanihealthcare.com,",
Park Pharmaceuticals,Companies(Private),Indore,"272, Industrial Area, Phase II, Panchkula 134113, HR",,",zyg@torrentpharma.com,ed.roind@mpidc.co.in,",
Parabolic Drugs Ltd,Companies(Private),Indore,"SCO 99/100, Level III & IV, Sector 17-B, Chandigarh 160017, CH",,",x3evirender@parabolicdrugs.com,xxxx@parabolicdrugs.com,ashok.jindal@parabolicdrugs.com,virender@parabolicdrugs.com,nidhi.rathore@parabolicdrugs.com,pdl.investors@parabolicdrugs.com,",
Nandlal Bankatlal Pvt Ltd,Companies(Private),Indore,"1204, Lodha Supremus, Senapati Mapat Marg, Lower Parel West, Mumbai 400013, MH",,",info@pharmexcil.com,sales@todyindia.com,akhiltody@vsnl.net,nandlal103@gmail.com,nandlal103@yahoo.com,x3enandlal103@yahoo.com,",
Modi Mundipharma Pvt Ltd (Modi Group),Companies(Private),Indore,"1400/98, Modi Tower, Nehru Place, New Delhi 110019, DL",,",anurag@modimundipharma.com,x3eanurag@modimundipharma.com,",
MDC Pharmaceutical Pvt Ltd,Companies(Private),Indore,"213, Industrial Area, Phase I, Chandigarh 160002, CH",,",info@mdcpharmaceutical.com,",
Gayatri Bio Organics Ltd,Companies(Private),Indore,"B-3, 6-3-1090, T S R Towers, 3rd Floor, Raj Bhavan Road, Somajiguda, Hyderabad 500082, TS",,",n@gmail.com,info@gayatribioorganics.com,gplhyd@gayatri.co.in,",
Eris Lifesciences Pvt Ltd,Companies(Private),Indore,"4, Commerce House, 7th Floor, Besides Shell Petrol Pump, 100 Feet Road, Prahladnagar, Ahmedabad 380015, GJ",,",gaurav.tinani@axiscap.in,kxx@eris.co.in,kxx@eris.co,sxxxxxv@eris.co,",
Cyclone Pharmaceuticals Pvt Ltd,Companies(Private),Indore,"203, Annurag Complex, 2nd Floor, Alandi Road, Vishrantwadi, Pune 411015, MH",,",bhalekarsb@gmail.com,x3enrpharmaceutical@gmail.com,nrpharmaceutical@gmail.com,kr@cycloneindiagroup.com,jkrassociatesca@gmail.com,info@cyclonepharma.com,x3ejkrassociatesca@gmail.com,",
Bio-gen Extracts Pvt Ltd,Companies(Private),Indore,"351/6, 14th Cross, Sunkadakatta Magade Main Road, Bengaluru 560091, KA",,",piyushmohta@bio-gen.in,x3epiyushmohta@bio-gen.in,",
Bestochem Formulations India Ltd,Companies(Private),Indore,"A-4/14, Site 4, Industrial Area, Sahibabad, Ghaziabad 201301, UP",,"info@bestochem.com,milind.bestochem@gmail.com,milindpimple2@gmail.com,,",
Alves Group Of Companies,Companies(Private),Indore,"101 & 102, A Wing 1st Floor, Opposite Mahim Railway Station, Off Senapati Bapat Marg, Mari Nagar, Mahim West, Mumbai 400016, MH",,",alves@alvesgroup.com,shatammohan@gmail.com,marketing@alvesgroup.com,x3ealves@alvesgroup.com,",
Wintex Paper Products Pvt Ltd,Companies(Private),Indore,"144, Sant Nagar, East Of Kailash, New Delhi 110065, DL",+91-9810044401,",wintextissuesindia@gmail.com,",
V K Udyog Ltd,Companies(Private),Indore,"5/2, Russel Street, 6C, Poonam Building, Kolkata 700071, WB",+91-33-22266509,",vkudyog@cal2.vsnl.net.in,packers.indore@gmail.com,vkudyog@cal2.vsnl.net,spashiney@dataone.in,contact@vkudyog.com,paper@vkudyog.com,",
Skm Animal Feeds & Food India Pvt Ltd,Companies(Private),Indore,"Nanjai Uthukuli, Modakurichi, Erode 638104, TN",+91-424-2500211,,
Sing Cheung Co Pvt Ltd,Companies(Private),Indore,"P-12, New C. I. T Road, Lu Shun Sarani, Near Teritti Market, Kolkata 700073, WB","+91-33-22374479, +91-33-22151884","singcheung@gmail.com,,u003esingcheung@gmail.com,mails@singcheung.com,",
Shrawasthi Agrotech Pvt Ltd (Eva Group),Companies(Private),Indore,"Road No 8, UPSIDC, Amausi Industrial Area, Nadarganj, Lucknow 226008, UP",+91-522-2433611,",info@evafeeds.com,",
Shivashakthi Bio Technologies Ltd,Companies(Private),Indore,"7-1-621/98-621/34, Opposite AXIS Bank, S. R. Nagar, Hyderabad 500038, TS","+91-40-66687275, +91-40-66687277","kunal.raja@finobank.com,last@sivashakthi.com,,",
Shanthi Feeds Pvt Ltd,Companies(Private),Indore,"6/15, Main Road, Pappampatti, Ondipudur, Coimbatore 641016, TN",+91-422-2635000,",admin@shanthipoultry.com,",
Rudra Agro International,Companies(Private),Indore,"41, 5th Floor, Shree Krishna Center, Near Mithakhali Six Road, Ahmedabad 380009, GJ",+91-79-26440211,"shreesalasarindustries01@gmail.com,,ca_anilkgupta@rediffmail.com,jane_d@rudraagro.in,",
Prestige Wines & Spirits Pvt Ltd (Avantha Group),Companies(Private),Indore,"Thapar House, 124, Janpath, New Delhi 110001, DL",+91-11-41699255,,
Pravin Masalewale (Suhana),Companies(Private),Indore,"44, Hadapsar Industrial Estate, Hadapsar, Pune 411013, MH","+91-20-26878017, +91-20-26872095",",last@suhana.co.in,",
Paks Agro Division,Companies(Private),Indore,"3A, Bakbay Building, Opposite Charni Road Station, Mama Parmanand Marg, Charni Road, Mumbai 400004, MH",+91-22-23677570,",sgupta.cs@hind.in,indoplast_anil@gmail.com,indoplastz.indore@gmail.com,param.intl@gmail.com,finance@merlinprojects.com,x3esgupta.cs@hind.in,",
Norben Tea & Exports Ltd,Companies(Private),Indore,"Octavius Centre, 15-B, Hemanta Basu Sarani, Kolkata 700001, WB","+91-33-22100553, +91-33-22487685",,
Navyug Enterprises Pvt Ltd,Companies(Private),Indore,"3F, Trinity House, 226/1, A. J. C. Bose Road, Kolkata 700020, WB","+91-33-22894677, +91-33-24858445","x3ehardik@shrotra.com,,info@navyugindia.net,arvind108@gmail.com,mansi@thefrontierslegal.com,hardik@shrotra.com,",
MULTIVAC Laraon India Pvt Ltd,Companies(Private),Indore,"137, IMT Manesar, Sector 5, Gurgaon 122050, HR",+91-124-4610000,",accounts@multivac.co.in,x3eaccounts@multivac.co.in,",
Merry Milk Foods,Companies(Private),Indore,"Near Sapna Park, Bethora Nirankal Road, Ponda, Goa 403000, GA",+91-832-3292180,",x3ecs@govindmilk.com,cs@govindmilk.com,ho@creamyfoods.com,rnamilkfood@gmail.com,",
Maschmeijer Aromatics India Pvt Ltd,Companies(Private),Indore,"Post Box No 3, G. S. T. Road, Chromepet, Chennai 600044, TN",+91-44-22412112,",abdulqadir@maschmeijer.com,accounts@maschmeijer.com,maschmeijer@vsnl.com,",
Mahamaya Life Sciences Pvt Ltd,Companies(Private),Indore,"303, SPAZE IT Park, Sohna Road, Gurgaon 122001, HR","+91-124-4301988, +91-124-4101430",",hr@mahamayalifesciences.com,d.j@mahamayalifesciences.com,",
Krystal Colloids Pvt Ltd,Companies(Private),Indore,"119, Purusharth Building, Mezzanine Floor, Nawroji Hill Road No 2, Dongri, Mumbai 400009, MH","+91-22-32944449, +91-22-25901387",,
Jagdish Foods Pvt Ltd,Companies(Private),Indore,"Ramji Mandir Lane, Kothi Char Rasta, Vadodara 390001, GJ",+91-265-2428479,",jagdishfoods@gmail.com,jagdishfoods@yahoo.com,",
Guybro Chemical,Companies(Private),Indore,"A-201, Maruti Chambers, Fun Republic Lane, Link Road, Andheri West, Mumbai 400053, MH",+91-22-40546800,"guybro@guybro.com,,Info@guybro.in,","22.7236348,75.534173"
Fuerst Day Lawson India Pvt Ltd,Companies(Private),Indore,"45th Milestone, Navrangpur, Sector 78, Gurgaon 122001, HR",+91-124-2378550,",last@fdlworld.com,cgoffice-mh@nic.in,deepti.chandratre@keva.co.in,deepti.chandratre@keva.co,","28.3687502,76.9543374"
Freshtrop Fruits Ltd,Companies(Private),Indore,"A-603, Shapath IV, Opposite Karnavati Club, S. G. Road, Ahmedabad 380051, GJ","+91-79-40307050, +91-79-40307057","secretarial@freshtrop.com,,investor@bigshareonline.com,jane.d@freshtrop.com,","20.0650645,73.8829465"
Flex Foods Ltd,Companies(Private),Indore,"A-108, Sector 4, Noida 201301, UP",+91-120-4012345,",x3esecretarial@uflexltd.com,nduseja@flexfoodsltd.com,rakesh.shejwal@aartigroup.cominfo,beetal@beetalfinancial.com,deepikabansal1992@gmail.com,info@flexfoodsltd.com,himanshu.luthra@flexfoodsltd.com,secretarial@uflexltd.com,RBC@RBGROUP.IN,suggestion@abees.org,","22.7763407,75.8018987"
E I DuPont India Pvt Ltd,Companies(Private),Indore,"7th Floor, C Tower, 25A DLF City, Phase III, Gurgaon 122002, HR","+91-124-4091818, +91-124-2540900",",HRDirect.USA@dupont.com,Sanjit-Kaur.Batra@dupont.com,queries.india@dorfketal.com,sandeep.mehta@ind.dupont.com,","22.3073092,73.1707978"
Dlecta Foods Pvt Ltd,Companies(Private),Indore,"36, Rajnigandha Shopping Centre, Goregaon East, Mumbai 400063, MH","+91-22-42313000, +91-22-42313054",",x3edevendra.garg@dlecta.com,devendra.garg@dlecta.com,info@dlecta.com,","18.7336981,73.2811205"
Bharat Foils Ltd,Companies(Private),Indore,"Plot No 111 & 112, HSIIDC Industrial Estate, Near NIFTEM University, Sector 56, Phase V, Kundli 131028, HR","+91-9810041919, +91-9958775556","bansalengg9@gmail.com,,MAIL@NSBBPO.IN,industubes@gmail.com,","22.7274957,75.5720471"
Bakewell Biscuits Pvt Ltd,Companies(Private),Indore,"Plot No 35 To 38, G. I. D. C, Ganeshpur, Modasa 383315, GJ",+91-2774-243557,",SALES@BAKEWELLBISCUITS.COM,india.cs@pladisglobal.com,x3eindia.cs@pladisglobal.com,sales@bakewellbiscuits.com,","22.7195117,75.8733764"
Bakefresh Biscuits Pvt Ltd,Companies(Private),Indore,"Elegant Towers, 224A, A. J. C BOSE Road, Kolkata 700017, WB","+91-33-22895160, +91-33-22895167","info@bakefresh.in,,oliveledlights@gmail.com,bakefresh2014@yahoo.com,","22.7854682,75.900141"
Avanti Feeds Ltd,Companies(Private),Indore,"G-2, Concorde Apartments, 6-3-658, Somajiguda, Hyderabad 500082, TS","+91-40-23310260, +91-40-23310261",",info.yrm@avantifrozen.com,x3einvestors@avantifeeds.com,avantiho@avantifeeds.com,investors@avantifeeds.com,jane_doe@avantifeeds.com,","20.5092315,72.9690539"
Aster Technologies Pvt Ltd,Companies(Private),Indore,"A6, Naraina Industrial Area, New Delhi 110015, DL",+91-9958098902,",d.gupta@asterindia.com,jane@asterindia.com,salesdesk@asterindia.com,","22.7641942,75.8884814"
Anil & Company,Companies(Private),Indore,"212, Adamji Building, 2nd Floor, 413, Narshi Natha Street, Katha Bazar, Mumbai 400009, MH","+91-22-23446547,+91-22-23422388",,"22.7331029,75.7765756"
Ambo Group Of Companies,Companies(Private),Indore,"3, Pretoria Street, Chandrakunj Building, Kolkata 700 071, WB",+91-33-30083333,",jamil.78663@gmail.com,prabup53@gmail.com,","22.7280836,75.8497646"
Agricultural & Processed Food Products Export Development Authority (APEDA),Companies(Private),Indore,"3, NCUI Building, Siri Institutional Area, August Kranti Marg, New Delhi 110016, DL",+91-11-26534186,,"23.2404172,77.4149389"
Regal Creative Products Pvt Ltd,Companies(Private),Indore,"36-A, G.T. Karnal Road, Industrial Area, New Delhi 110033, DL",+91-11-27463050,"accounts@regalcreative.in,,","22.6904707,75.6869263"
Orient Paper & Industries Ltd,Companies(Private),Indore,"9, 1, R. N. Mukherjee Road, Kolkata 700001, WB",+91-33-30573700,,"19.9930734,73.7934121"
Batliboi Environmental Engineering Ltd (Batliboi),Companies(Private),Indore,"104, Bharat House, 5th Floor, Bombay Samachar Marg, Fort, Mumbai 400001, MH",+91-22-66378200,",investors@batliboi.com,","19.1937657,72.9405905"
Webiced,Companies(Private),Indore,"134, Sector 4, Gurgaon 122001, HR",+91-9899758379,,"22.7287292,75.8036763"
Web.Com India Pvt Ltd,Companies(Private),Indore,"191, 2nd Floor, ETB Building, GN Bordoloi Road, Chandmari, Guwahati 781003, AS","+91-361-2667017, +91-361-2668579","enquiries@webcomindia.biz,,","22.7122,75.8648388"
VITIndia,Companies(Private),Indore,"K-59/10, 2nd Floor, Kalkaji, New Delhi 110019, DL",+91-11-65576548,"a.chandra@email.com,,","22.7113023,75.6818737"
UC Copporation of India,Companies(Private),Indore,"11, 503, Kishor Plaza, Station Road, Anand 388001, GJ",+91-9978829170,",info@urban.co,uco.custcare@ucobank.co.in,","22.6982474,75.6877018"
Talenthouse Entertainment Pvt Ltd,Companies(Private),Indore,"8th Floor, Lotus Grandeur, Veera Desai Road, Andheri West, Mumbai 400053, MH",+91-22-49666000,",re.info@restudios.co.in,zapakcompliance@gmail.com,","22.7236348,75.534173"
Object Technology Solutions India Pvt Ltd,Companies(Private),Indore,"2, Hitech City,? Gachibowli, Hyderabad 500081, TS",+91-40-44251111,"venkat@otsi-usa.com,,info.india@otsi.co,info.india@otsi.co.in,","22.6753614,75.8142577"
Krish Compusoft Services Pvt Ltd,Companies(Private),Indore,"801, Pelican House, GCC Compound, Ashram Road, Ahmedabad 380009, GJ","+91-79-26579333, +91-9374021780",,"22.7407812,75.8530316"
Embitel Technologies India Pvt Ltd,Companies(Private),Indore,"208 To 216, 2nd Floor, Delta Block, SST Park, Varthur, Hobli, Bangalore 560066, KA","+91-80-41694213, +91-80-41694200",",x3esales@embitel.com,sales@embitel.com,",
e-Icon Online Services Pvt Ltd,Companies(Private),Indore,"2, 3rd Floor, Opposite Times Of India, Rajbhavan Road, Banjara Hills, Hyderabad 500034, TS",-40266951,"info@eicononline.com,,first@eicononline.com,",
eBusiness Indya.com,Companies(Private),Indore,"16-2-138/A/1, Beside Akbari Mosque, Akbar Bagh, X Roads, Malakpet, Hyderabad 500036, TS","+91-40-32962671, +91-9391162671",",careers@datumtec.com,ankitgupta2297@gmail.com,hrd@aquila.soft.net,",
Duronto Technologies Pvt Ltd,Companies(Private),Indore,"90, 1st Floor, New Rajdhani Enclave, Near Preet Vihar Metro Station, Vikas Marg, New Delhi 110092, DL","+91-11-42148098, +91-9599194092",",contact@travelkhana.com,pushpindersingh@travelkhana.com,deepak@vshca.com,CompanySecretary@olacabs.com,",
Arjav Diamonds India Pvt Ltd,Companies(Private),Indore,"CE-9010, Bandra Kurla Complex, 9th Floor, Bandra, Mumbai 400051, MH",-40404375,",cs@arjavindia.com,kkdlegal@gmail.com,training@responsiblejewellery.com,KARPSRT@KARPGROUP.CO,saikat.roy@careedge.in,x3ekkdlegal@gmail.com,",
UPS JetAir Express Pvt Ltd,Companies(Private),Indore,"6-A, Off JVSR Majas Village, Shyam Nagar, Jogeshwari East, Mumbai 400060, MH",-28276131,",cpranali@ups.com,jocelyn.vigreux@tomtom.com,",
Sunpoly Tarp Overseas Pvt Ltd,Companies(Private),Indore,"Ahilya Complex, 3rd Floor, Block 306, Behind General Medicine Market, Gandhibagh, Nagpur 440002, MH",-9823048531,",super111rainbond@gmail.com,",
Sash Logistics & Travel Pvt Ltd (Sash Group),Companies(Private),Indore,"A-19/2, Near Bagga Link Services, Road No 2, Mahipalpur Extension, New Delhi 110037, DL","+91-11-47600821, +91-11-47600800",,
Radha Madhav Corporation Ltd,Companies(Private),Indore,"50/9-A, Daman Industrial Estate, Kadiya, Nani Daman, Daman 396210, DD","+91-260-6619000, +91-260-2221177","rmcl@rmclindia.co.in,,investor_complaint@rmclindia.co,info@rmclindia.co.in,investor_complaint@rmclindia.co.in,rnt.helpdesk@linkintime.co,rnt.helpdesk@linkintime.co.in,info@rmclindia.co,",
Neo Packaging Industries,Companies(Private),Indore,"G-414, Upsidc Industrial Area, Phase 2, M G Road, Ghaziabad 201002, UP",-4217452,",Info.Vrgreen@Gmail.Com,helpdesk@neogrowth.in,",
Narendra Plastic Pvt Ltd,Companies(Private),Indore,"3, Vakil Industrial Estate, Walbhat Road, Goregaon East, Mumbai 400063, MH",-42525183,",nayan@narendrabags.com,Greenbioblend@Gmail.Com,info@narendrabags.com,greenbioblend@gmail.com,jane_d@narendrabags.com,",
Dynamic Logistics Pvt Ltd,Companies(Private),Indore,"14, Motilal Talera Road, Pune 411001, MH",-26125787,",accounts@dynamiclogistics.com,aurotrans@aurotrans.com,info@dynamiclogistics.in,info@dynamiclogistics.com,",
Committed Logistics (India) Pvt Ltd,Companies(Private),Indore,"A-13, Okhla Industrial Area, Phase I, New Delhi 110020, DL",-47584678,",info@committedlogistics.org,manoharan@srishunmugashipping.com,",
BVC Group,Companies(Private),Indore,"1102/11, Solitaire Corporate Park, Opposite Mirador Hotel, Chakala, Andheri East, Mumbai 400093, MH",-67112642,"grasim.secretarial@adityabirla.com,,incometax@bvclogistics.com,bvts@bvcgroup.in,",
Airlift India Pvt Ltd,Companies(Private),Indore,"13/14, Adarsh Industrial Estate, Sahar Road, Chakala, Andheri East, Mumbai 400099, MH","+91-22-66973400, +91-22-28378601",",ajay@airliftindia.com,sales.nsa@aslp.co.in,u003eajay@airliftindia.com,nikhilsachdev@gmail.com,agarwal@ryal.in,info@nibavlifts.com,jane-doe@airliftindia.com,info@himalayanshipping.com,",
Monier Roofing Pvt Ltd,Companies(Private),Indore,"143/C3, Phase 1, Bommasandra Industrial Area, Bangalore 560099, KA","+91-80-41268116, +91-80-41268117",",contact.india@bmigroup.com,nagendran.p@bmigroup.com,x3enagendran.p@bmigroup.com,",
WITS Interactive Pvt Ltd,Companies(Private),Indore,"76-D, WIPL House, Government Industrial Estate, Opposite BSES, Charkop, Kandivali West, Mumbai 400067, MH",-65983662,",ashok.parmar@witsindia.com,",
Vantage Advertising Pvt Ltd,Companies(Private),Indore,"C-56, 1st Avenue, Anna Nagar East, Chennai 600102, TN",-26213710,",murugesan@vantage.co.in,manoharan@srishunmugashipping.com,nivetha@vantage.co.in,",
Screwdriver,Companies(Private),Indore,"43, National Park, Lajpat Nagar lV, New Delhi 110024, DL",-9811710678,,
Purandar Publicity Pvt Ltd,Companies(Private),Indore,"201, Raviraj CRU, 4th flower, Gangadham, Kondwa Road, Pune 411037, MH",-24260909,",purandarpublicity@gmail.com,",
Prizma Printing Services,Companies(Private),Indore,"342, Near Modi Ganpati, Beside Parking Lane, Narayanpeth, Pune 411030, MH",-24452085,,
Onyx Advertising & Printing Production,Companies(Private),Indore,"143, 16/9, 5th Cross Road, 1st Block, Rajajinagar, Bangalore 560044, KA","+91-80-23144189, +91-80-65686025",,
NALS Outdoors India Pvt Ltd,Companies(Private),Indore,"7, Vincent Colony, R S Puram, Coimbatore 641002, TN","+91-422-2542800, +91-422-2543800",",enquiry@nals.in,",
Future Brands India Ltd (Future Group) (Future),Companies(Private),Indore,"Knowledge House, Off Jogeshwari Vikhroli Link Road, Shyam Nagar, Jogeshwari East, Mumbai 400060, MH",-61189931,",client1.apa@gmail.com,investor.care@futureconsumer.in,indothaigroup@indothai.co,last@futuregroup.in,indothaigroup@indothai.co.in,",
DreaMarT Interactive Pvt Ltd,Companies(Private),Indore,"37/5, Meanee Avenue, 2nd Floor, Tank Road, Bangalore 560042, KA",-9844108027,",first@dreamartinteractive.com,",
Dainik Ekmat,Companies(Private),Indore,"B-44, Ekmat Bhavan, MIDC, Latur 413531, MH",-223513,",rakesh.shejwal@aartigroup.cominfo,dainikekmat@gmail.com,",
Creative Mediapulse Technologies Pvt Ltd,Companies(Private),Indore,"254/15/3, Main Mahalakshmi Layout, Bangalore 560010, KA","+91-80-65707944, +91-80-65319609",",info@CMPTL.com,info@cmptl.com,info@mediapulsetech.com,",
Climb Media India Pvt Ltd,Companies(Private),Indore,"287, Surbala, 1st Floor, S V Road, Bandra West, Mumbai 400050, MH",-26510957,"manisha.satamkar@gmail.com,,",
BAG Films & Media Ltd,Companies(Private),Indore,"FC-23, Sector 16-A, Film City, Noida 201301, UP",-3911473,,
Atin Promotion & Advertising Pvt Ltd,Companies(Private),Indore,"19, Avenue 5, Road No 8, Banjara Hills, Hyderabad 500034, TS",-23355434,,
Ashutosh Gowariker Productions Pvt Ltd (AGPPL),Companies(Private),Indore,"226, Ferndale Annex, 12th Road, Khar West, Mumbai 400052, MH","+91-22-26487925, +91-22-26049486","info@agppl.com,,u003einfo@agppl.com,jane@agppl.com,",
Techfab India Industries Ltd,Companies(Private),Indore,"712, Embassy Centre, Nariman Point, Mumbai 400021, MH",-22876155,"rpkay@texbiosciences.com,banu@texbiosciences.com,rpkay@texbiosciences.com,x3erpkay@texbiosciences.com,",
T Stanes & Co Ltd,Companies(Private),Indore,"8/23-24, Race Course Road, Coimbatore 641018, TN","+91-422-2221514, +91-422-2223515","rchandan@tatachemicals.com,u003erchandan@tatachemicals.com,sustainability@tatachemicals.com,atalwar@tatachemicals.com,tsrdlcal@tcplindia.co.in,u003erchandan@tatachemicals.com,tsrdlcal@tcplindia.co.in,rchandan@tatachemicals.com,ticl@tata.com,last@tatachemicals.com,x3esustainability@tatachemicals.com,atalwar@tatachemicals.com,",
Sunrise Corporation,Companies(Private),Indore,"143, Railway Parallel Road, Kumarapark West, Bengaluru 560020, KA",-9953364781,"superfibreglass@hotmail.com,jyotifiberglassworks@gmail.com,",
Sona Plastic Industries,Companies(Private),Indore,"24, Gate No 4, Badli Industrial Area Phase 2, New Delhi 110042, DL","+91-11-42445225, +91-11-27853881","hr@adani.in,response@sparchem.com,hr@adani.in,",
Sandhya Group Of Companies,Companies(Private),Indore,"101, 1st Floor, A Wing, Sangam CHS, Opposite Vijay Sales, SV Raod, Santacruz West, Mumbai 400057, MH",-61565486,"info@sanosilbiotech.com,u003einfo@sanosilbiotech.com,info@sanosilbiotech.com,u003einfo@sanosilbiotech.com,info@sanosilbiotech.com,",
Sadhana Nitro Chem Ltd,Companies(Private),Indore,"1st Floor, Hira Baug, Kasturba Chowk, Mumbai 400004, MH",-23822455,"gyprocindia@saint-gobain.com,sgukinfo@saint-gobain.com,Girish.Shajani@saint-gobain.com,priyesh.somaiya@saint-gobain.com,priyesh.somaiya@saint-gobain.com,priyesh.somaiya@saint-gobain.com,priyesh.somaiya@saint-gobain.com,gyprocindia@saint-gobain.com,priyesh.somaiya@saint-gobain.com,priyesh.somaiya@saint-gobain.com,priyesh.somaiya@saint-gobain.com,priyesh.somaiya@saint-gobain.com,x3esgukinfo@saint-gobain.com,Girish.Shajani@saint-gobain.com,",
S H Kelkar & Co Ltd (Kelkar),Companies(Private),Indore,"LBS Marg, Mulund West, Mumbai 400080, MH","+91-22-21649169, +91-22-25642242",,
Raghunath Rubber Industries,Companies(Private),Indore,"Dukheri Road, Mohra, Ambala 133004, HR","+91-171-2871037, +91-171-2871137","info@rajivplastics.com,",
Piyanshu Chemical Pvt Ltd,Companies(Private),Indore,"53/A, 4th Floor, Mescab Center, Tiljala Road, Kolkata 700046, WB","+91-33-22851105, +91-33-22851101","JAIPUR@PODDARPIGMENTSLTD.COM,x3eJAIPUR@PODDARPIGMENTSLTD.COM,",
Omege Ecotech Products India Pvt Ltd,Companies(Private),Indore,"91-5D, Mahanagar, Sarvanampatti, Coimbatore 641035, TN",-9443703293,"ameya@orgamine.com,u003eameya@orgamine.com,u003eameya@orgamine.com,xxxx@orgamine.com,info@orgamine.com,",
Nirvip Dyes & Chemicals Pvt Ltd,Companies(Private),Indore,"23-L, Laxmi Industrial Estate, New Link Road, Andheri West, Mumbai 400058, MH",-26161950,"marketing@nplpet.com,karthik@unitedindustries.co.in,marketing@nplpet.com,rohit@medior.in,x3ekarthik@unitedindustries.co.in,",
mnm Composites Pvt Ltd,Companies(Private),Indore,"3034, Pannalal Compound, Bhandup Industrial Estate, LBS Marg, Bhandup West, Mumbai 400078, MH","+91-22-25961788, +91-22-25961790","sunita.kanigolla@momentive.com,u003esunita.kanigolla@momentive.com,jane.doe@momentive.com,last@momentive.com,u003esunita.kanigolla@momentive.com,last@momentive.com,x3ejane.doe@momentive.com,",
M R Beltings,Companies(Private),Indore,"35, KM, GT Road, Rasoi, Sonepat 131029, HR",-2219258,"ipo@bigshareonline.com,investor@bigshareonline.com,accounts@mbapl.com,info@ostwal.in,ipo@bigshareonline.com,investor@bigshareonline.com,accounts@mbapl.com,",
Lucky International,Companies(Private),Indore,"Office No 38, 4th Floor, Eastern Chambers, Poona Street, Masjid East, Mumbai 400006, MH",-40227738,"kalpataru@eth.net,akapoor@rishiroop.com,pratim.banerjee@careratings.com,jaipurbioferti.96@gmail.com,kalpataru@eth.net,kcplhosur@gmail.com,akapoor@rishiroop.com,pratim.banerjee@careratings.com,",
Kromatiks & Insulants Pvt Ltd,Companies(Private),Indore,"D-8, Industrial Estate, Mogappair West, Chennai 600058, TN",-26243385,"aparekh@kunjal.com,u003eaparekh@kunjal.com,info@komalscientific.com,Mayank@komalscientific.com,u003eaparekh@kunjal.com,aparekh@kunjal.com,info@komalscientific.com,Mayank@komalscientific.com,",
Khandelwal Cables Ltd,Companies(Private),Indore,"Udyog Nagar, Vrindavan, Mathura 281121, UP",-2443253,"info@kimberliteindia.com,info@kimberliteindia.com,idealchemicals@rediffmail.com,info@kimberliteindia.com,info@kimberliteindia.com,info@kimberliteindia.com,info@kimberliteindia.com,x3eidealchemicals@rediffmail.com,",
Hindustan Plastic And Machine Corporation,Companies(Private),Indore,"5, Category 2, DSIDC Industrial Area, Nangloi, New Delhi 110001, DL","+91-11-25471114, +91-11-25473361","epml.ncr@electronicapmd.com,epml.edl@electronicapmd.com,yourname@company.com,epml.ncr@electronicapmd.com,epml.edl@electronicapmd.com,",
Demech Chemical Products Pvt Ltd,Companies(Private),Indore,"T-77, Bhosari Industrial Estate, Pune 411026, MH","+91-20-40775510, +91-20-40775518",,
DBS Chemicals,Companies(Private),Indore,"Yashodeep Building A, Block 2, Rambaug Colony, Sadashiv Peth, Pune 411030, MH",-24320165,"cslalitdhadiwal@gmail.com,u003ecslalitdhadiwal@gmail.com,demosha@gmail.com,demosha@gmail.com,demosha@gmail.com,u003ecslalitdhadiwal@gmail.com,info@demoshachemicals.com,demosha@gmail.com,demosha@gmail.com,demosha@gmail.com,",
ASP Sealing Products Ltd,Companies(Private),Indore,"25/31, Anbros House, East Patel Nagar, New Delhi 110008, DL","+91-11-25729126, +91-11-25817671","babtiste.piazza@gmail.com,idealchemicals@rediffmail.com,sunil.mehta@matthey.com,rkd624@gmail.com,agarwal@ryal.in,babtiste.piazza@gmail.com,RKD624@GMAIL.COM,rakesh.shejwal@aartigroup.cominfo,suresh@atcindia.net,babtiste.piazza@gmail.com,rkd624@gmail.com,agarwal@ryal.in,babtiste.piazza@gmail.com,RKD624@GMAIL.COM,rakesh.shejwal@aartigroup.cominfo,x3eidealchemicals@rediffmail.com,x3esunil.mehta@matthey.com,",
Ashish Dyechem Corporation,Companies(Private),Indore,"20, 5th Floor, Dheeraj Heritage, Milan Subway Junction, SV Road, Santacruz West, Mumbai 400054, MH","+91-22-26601255, +91-22-26601244","mani@apl.in,u003emani@apl.in,mani@apl.in,u003emani@apl.in,mani@apl.in,",
Agro Bio-Tech Research Centre Ltd,Companies(Private),Indore,"Poovanthuruthu Industrial Area, Kottayam 686012, KL","+91-481-2340211, +91-481-2341894","pradeep.kumar@careratings.com,ajanta@ajantacolours.com,pradeep.kumar@careratings.com,info@ajantagroup.in,ajanta@ajantacolours.com,",
Ace India Abodes Ltd,Companies(Private),Indore,"9, Ajmer Road, Jaipur 302006, RJ","+91-141-2229545, +91-141-2229546","info@pcspl.net,info@adarshplant.com,info@adarshplant.com,export@adarshplant.com,info@adarshplant.com,export@adarshplant.com,adarshplant@hotmail.com,info@adarshplant.com,export@adarshplant.com,info@adarshplant.com,cs@adarshplant.com,info@pcspl.net,",
Aadish International Machines,Companies(Private),Indore,"16, Hema Industrial Estate, Sarvodaya Nagar, Jogeshwari East, Mumbai 400060, MH",+91-22-28243377,"sandiptakle87@gmail.com,india@abcchemical.com,india@abcchemical.com,accounts@abcchemical.com,sandiptakle87@gmail.com,india@abcchemical.com,",
ZS Associates India Pvt Ltd,Companies(Private),Indore,"Magarpatta Cyber City, Tower 12, Hadapsar, Pune 411013, MH","+91-20-66065042, +91-20-66065000","support@tatanexarc.com,support@tatanexarc.com,",
V.K. Singh & Co,Companies(Private),Indore,"19, 306, Laxman Place, Veer Swarkar, Madhuban Road, Shakarpur, New Delhi 110092, DL",+91-9811645002,"connect@stellarvaluechain.com,anshuman.singh@stellarvaluechain.com,anshuman.singh@stellarvaluechain.com,x3econnect@stellarvaluechain.com,",
Unison Consultants,Companies(Private),Indore,"101, 1st Floor, Veritas Building, Behind IBIS Hotel, Sector-53, Gurgaon 122009, HR",+91-124-2577101,"sachin@vhrpindia.com,u003esachin@vhrpindia.com,vhrp@vhrpindia.com,sachin@vhrpindia.com,u003esachin@vhrpindia.com,vhrp@vhrpindia.com,sachin@vhrpindia.com,",
Swar HR Services Pvt Ltd,Companies(Private),Indore,"2, Raju Bhai Bhawan, Waghale Industrial Estate, Thane West, Mumbai 400604, MH",+91-9860008898,"hr@synergyinnovation.org,",
Skillwise Consulting,Companies(Private),Indore,"67, Eldams Road, Alwarpet, Chennai 600018, TN","+91-44-24353310, +91-44-65657310",,
Ksb Consultancy,Companies(Private),Indore,"Main Market, Garhi, Kailash, New Delhi 110065, DL",+91-9818677970,"pradeep@stepladdersolutions.com,sales@askagroup.com,hr@laddercareers.com,",
Fourfront Management Solutions Pvt Ltd,Companies(Private),Indore,"310, Sohrab Hall 21, Sasoon Road, Pune 411001, MH",+91-20-27450013,"info@fusionxperts.comThis,corporategifting@sixdegreenetworks.com,ASHISH.GUPTA@DICENTRAL.COM,aminuddin.ansari@dieboldnixdorf.com,vishald41234@gmail.com,kavitha@fusionxperts.com,",
Easy Search,Companies(Private),Indore,"10-B, 25, Gopala Tower, Rajendra Place, New Delhi 110008, DL","+91-11-45062102, +91-11-45062101","sandeep.banati@egonzehnder.com,",
Cnergyis Infotech India Pvt Ltd,Companies(Private),Indore,"5th Floor, Kalpataru Plaza, Chincholi Bunder Road, Malad West, Mumbai 400064, MH","+91-22-61363200, +91-22-28787683","murali@cameoindia.com,info@comma.in,",
Anant Mandgi & Associates,Companies(Private),Indore,"10, 7, 1, Kumara Krupa Road, Bangalore 560001, KA",+91-80-41136284,,
Sarva Haryana Gramin Bank,Companies(Private),Indore,"1st Floor, Cooperative Bank Building, Near Bajrang Bhawan, Delhi Road, Rohtak 124001, HR","+91-1262-252622, +91-1262-252605","partnerforlife@sbimf.com,cs.borivali@sbimf.comm,x3ecustomer.delight@sbimf.com,anand.jha@careratings.com,vinaya.datar@sbimf.com,customer.delight@sbimf.com,",
Pune e Stock Broking Pvt Ltd,Companies(Private),Indore,"1198, Shukrawar Peth, Lane 3, Subhash Nagar, Pune 411002, MH","+91-20-24496161, +91-20-41000635","info@pesb.co,info@pesb.co.in,",
Prime Securities Ltd,Companies(Private),Indore,"1109 / 1110, 11th Floor, Room 9, 10, 11, Maker Chamber 5, Nariman Point, Mumbai 400021, MH","+91-22-24981515, +91-22-6184 2525","rnt.helpdesk@linkintime.co,prime@primesec.com,rnt.helpdesk@linkintime.co.in,n@primesec.com,",
Narnolia Securities Ltd,Companies(Private),Indore,"201, 236B, 2nd Floor, Marble Arch Building, AJC Bose Road, Kolkata 700020, WB","+91-33-40501500, +91-9830320201","rdebnath@narnolia.com,narnoliacare@narnolia.com,",
Indo-American Chamber of Commerce,Companies(Private),Indore,"1-C, Vulcan Insurance Building, Veer Nariman Road, Churchgate, Mumbai 400020, MH","+91-22-22821413, +91-22-22836340","valerie@amchamindia.com,mamta.uppal@amchamindia.com,kamal.vora@iaccindia.com,varanasi@iaccindia.com,BFSI@iaccindia.com,hoaccounts@iaccindia.com,",
Indistock Securities Ltd,Companies(Private),Indore,"91A, Mittal Court, Nariman Point, Mumbai 400021, MH","+91-22-22820418, +91-22-22840019","indistock@yahoo.co.in,",
ePlanet Advisors Pvt Ltd,Companies(Private),Indore,"202 B Rear, 3rd Floor, Sobha Alexander Plaza, 16/1, Commissariat Road, Bangaluru 560025, KA",+91-80-41540240,"nasik@espiconsultants.com,hemant@eplanetcapital.com,ipakarachi@gmail.com,info@nastar.vn,eplanetkanhangad@gmail.com,admin@emacro.net,",
Dhunseri Investments Ltd,Companies(Private),Indore,"Dhunseri House, 4A, Woodburn Park, Kolkata 700020, WB",+91-33-22801952,"mail@dhunseriinvestments.com,",
Capital First Ltd,Companies(Private),Indore,"India Bulls Finance Centre Tower 2, 15th Floor, Senapati Bapat Marg, Elphinstone Road West, Mumbai 400013, MH",+91-22-40423400,"nriservices@idfcfirstbank.com,info@royalfinserv.co,x3enriservices@idfcfirstbank.com,customer.care@capitalfirst.com,royal.finserv@gmail.com,info@royalfinserv.co.in,",
Boyallas Marketing Solutions Pvt Ltd,Companies(Private),Indore,"1-11-252/12, Mothilal Nehru Nagar, Near Shoppers Stop, Begumpeet, Hyderabad 500016, TS",+91-40-44776660,"svkreddy@seshaprasad.com,",
Avanse Financial Services Ltd (Wadhawan),Companies(Private),Indore,"Madhava Building, Bandra Kurla Complex, Near Family Court, Bandra ? East, Mumbai 400051, MH",+91-22-71112233,"wecare@avanse.com,x3ewecare@avanse.com,investorrelations@avanse.com,",
Alice Blue Commodities Pvt Ltd,Companies(Private),Indore,"Flat 224/5, Srinivasanagar Layout, Velachery, Chennai 600042, TN","+91-44-49122333, +91-44-22592726","compliance@aliceblueindia.com,grievances@aliceblueindia.com,",
Adinath Capital Services Ltd,Companies(Private),Indore,"17, Netaji Subhash Marg, Darya Ganj, New Delhi 110002, DL","+91-11-41564252, +91-11-23241669","ashishbhandari1@gmail.com,adinathcap@yahoo.com,adinathcommtrade@gmail.com,",
Mangal Keshav Securities Ltd,Companies(Private),Indore,"501, Heritage Plaza, J P Road, Opp. Indian Oil Colony, Andheri - (West), Mumbai 400053, MH",+91-22-33867910,"ajay@mangalkeshav.com,",
Citigroup Inc,Companies(Private),Indore,,,"WeCare@citi.com,x3ehead.customercare@citi.com,head.customercare@citi.com,",
