Name,Sector,City,Address,Phone,Email,Lat-Long
Harsoria Healthcare Pvt Ltd,Companies(Private),Akot,"110-111, Udyog Vihar, Phase 4, Gurgaon 122001, HR",,",info@harsoria.com,jane@harsoria.com,",
Dai-Ichi Karkaria Ltd,Companies(Private),Akot,"Liberty Building, Sir V Thackersey Marg, Churchgate, Mumbai 400020, MH",,",kishor.kerlikar@mpcb.gov.in,ankit.shah@dai-ichiindia.com,investor@dai-ichiindia.com,",
Biostrum Nutritech Pvt Ltd,Companies(Private),Akot,"248, Dediyasan, GIDC, Mehsana 384002, GJ",,",biostrum_bd@yahoo.co.in,biostrum@gmail.com,",
Arkema India,Companies(Private),Akot,"2nd Floor, B Building, Ruby House, JK Sawant Marg, Dadar West, Mumbai 400028, MH",+91-22-24387500,"jane@artekchemicals.com,jane@artekchemicals.com,",
Ami Pigments Pvt Ltd,Companies(Private),Akot,"627, GIDC Phase 4, Vatva, Ahmedabad 382445, GJ","+91-79-40084462, +91-9227649264","info@anupamcoloursacpl.com,info@anupamcoloursacpl.com,acpl@anupamcoloursacpl.com,info@anupamcoloursacpl.com,info@anupamcoloursacpl.com,acpl@anupamcoloursacpl.com,info@anupamcoloursacpl.com,anupam.chempl@gmail.com,n.chempl@gmail.com,x3eacpl@anupamcoloursacpl.com,",
Aditya Polymers,Companies(Private),Akot,"Office No 18, 1st Floor, Highway Towers, Mumbai Road, Pune 411019, MH",+91-20-66114227,"info@advancepetro.com,jane.doe@advancedpetrochem.com,info@advancepetro.com,subhendu@ascarbon.com,info@advancepetro.com,mail@advancepesticide.com,subhendu@ascarbon.com,x3einfo@advancepetro.com,x3ejane.doe@advancedpetrochem.com,",
Chaturth Business Solutions Pvt Ltd,Companies(Private),Akot,"57, 4th Main Road, Lakshmi Nagar, Chennai 600104, TN",+91-44-28141064,"info@eformation.co.in,dhanraj.dagar@zyduswellness.co,contact@safetyfuse.in,investor@cineline.co.in,",
Antal International Ltd,Companies(Private),Akot,"402, Shalimar Morya Park, New Link Road, Andheri West, Mumbai 400053, MH","+91-22-40634920, +91-22-40108100","pwrtch@gmail.com,projectassociatesO@gmail.com,",
