Name,Sector,City,Address,Phone,Email,Lat-Long
Xtrim Digitech,Companies(Private),Vadodara,"Office No – 205, 2nd Floor TBC Tower, Near Tulsi Tower, Geeta Bhawan To Palasia Road, Indore, Madhya Pradesh, India 452001",9074606808,",xtrimdigitech@gmail.com,rainbowdigilink@gmail.com,rdl@rainbowdigilink.com,hr@xtrimdigitech.com,",
Malu Electrodes Pvt Ltd,Companies(Private),Vadodara,"111, Ramkrishna Appartment, Chaproo Nagar Square, Nagpur 440008, MH",+91-712-2730399,",info@maluelectrodes.com,",
Kakatiya Energy Systems Ltd,Companies(Private),Vadodara,"2, D, Industrial Areamoulali, Hyderabad 500040, TS",+91-40-23262540,",mail@natureswitch.com,",
Integral Systems & Components Pvt Ltd,Companies(Private),Vadodara,"388-D, 1, 1, 1st Stage, Near Peenya Police Station, Peenya Industrial Estate, Bangalore 560010, KA",+91-80-28391709,",sales@integralsys.in,inty.systems@gmail.com,",
Indo Exports,Companies(Private),Vadodara,"120-D, Pocket-B, Mayur Vihar-2, New Delhi 110009, DL",+91-11-22788004,",shares@indoaminesltd.com,deepakumalaxmi@gmail.com,rakesh.shejwal@aartigroup.cominfo,x3eshares@indoaminesltd.com,seplmumbai15@gmail.com,",
Hi - Tech Cable Industries,Companies(Private),Vadodara,"239 A-A, 6-D, V. K. I. Area, Jaipur 302013, RJ",+91-141-2330348,",tchavan@igus.net,",
Green Pearl Electronics Pvt Ltd,Companies(Private),Vadodara,"211, 1, 2, Kattangulathur, Potheri Village, Chennai 603203, TN",+91-44-27402859,"support@greenpearlelectronics.com,,info@greenelectricals.com,gp24gnc@gmail.com,",
Elpro International Ltd,Companies(Private),Vadodara,"17Th Floor Nirmal, Nariman Point, Mumbai, MH 400021.",+91-22-40299000,"helpdesk.evoting@cdslindia.com,,mkt@elpro.co,cs@elpro.co.in,x3ecs@elpro.co.in,",
Electrocom Technology India Ltd,Companies(Private),Vadodara,"12-C, Electronics Zone, Sector-25, G.I.D.C, Gandhinagar 382044, GJ",+91-79-23288084,"info@electrocom.in,,",
Electro Arts India,Companies(Private),Vadodara,"11-K, Midc Area, Ambad, Nashik 422010, MH",+91-253-6697701,",careers.industrial@in.schneider,rajeevsharma@libertyshoes.com,recruit@linde-le.com,munish@libertyshoes.com,baroda@arelectropower.com,careers.industrial@in.schneider-electric.com,bhopal@arelectropower.com,",
Dovy Electricals,Companies(Private),Vadodara,"120-A, 1, Group Industrial Area, Wazirpur, New Delhi 110052, DL",+91-11-45647979,",secretarial@iifl.com,",
Dodia Electricals,Companies(Private),Vadodara,"9, 11, G, Picket X Road, G.T. Building, Lohar Chawl 400002, MH",+91-22-22064807,"headed@ecil.com.in,,laxmivijcon@gmail.com,sales@dodiaelectricals.com,",
Didwania Sales Corporation,Companies(Private),Vadodara,"20-G, Sahara Market, Near Reliance Petrol Pump, Vapi 396195, GJ",+91-260-2428444,",Sales@Didwania.com,sales@energitec.co.in,cng@didwania.com,sales@nesoi.co.in,",
Cogebi Insulation India Pvt Ltd,Companies(Private),Vadodara,"5170, 113-B, 2, Infantry Road, Bangalore 560001, KA",+91-80-40913554,",wong@cogebiasia.com,sales@cogebi.com,komala@cogebi.com,",
Bharat Bijlee Ltd,Companies(Private),Vadodara,"6th Floor, Appasaheb Marathe Marg, Prabhadevi, Mumbai 400025, MH",+91-22-24306237,",info@bharatbijlee.com,",
ASACO Pvt Ltd,Companies(Private),Vadodara,"1, 92, 93, Swapnalok Complex, S.D.Road, Hyderabad 500003, TS",+91-40-27814844,"ashutosh.pgjco@gmail.com,,surendermakhija@gmail.com,accounts@asaco.in,x3eaccounts@asaco.in,sales@asaco.in,",
Akshar Brass Industries,Companies(Private),Vadodara,"1, Gokuldham Society Street, Tele Exchange Road, Mehul Nagar, Jamnagar 361006, GJ",+91-288-2562348,"info@aksharbrass.com,,akshar.products@gmail.com,bhargavsanghani2274@gmail.com,",
Aha 3D Innovations Pvt Ltd,Companies(Private),Vadodara,"166, Janakpuri II Imly Phatak, Jaipur 302015, RJ",+91-141-08003944400,",aakash.ece@gmail.com,",
Adinath Controls Pvt Ltd,Companies(Private),Vadodara,"816, 5, Kothari Industrial Estate, Santej-Rakanpur Road, Santej, Kalol, Kalol 382721, GJ",+91-2764-286573,",devang@devyami.com,",
AAVEG Technology Pvt Ltd,Companies(Private),Vadodara,"9-A, Electronic Complex, Industrial Area, Pardeshipura, Indore 452010, MP",+91-731-2579786,",foodandbeveragematrix@gmail.com,x3einfo@aavegtech.com,shakti@aavegtech.com,connect@aaveg.com,info@aavegtech.com,",
Peass Industrial Engineers Pvt Ltd,Companies(Private),Vadodara,"41, 2nd Floor, Merchant Chambers, New Marine Lines, Mumbai 400020, MH",+91-22-61210900,"navsari@peass.com,last@peass.com,reshmi@reshmiindustries.com,,",
Modern Terry Towels Ltd (Modern),Companies(Private),Vadodara,"16, Kadi Road, Sanand 382110, GJ","+91-2717-222464, +91-2717-222373",",doej@modernterrytowels.com,gauravgoyal@moderninsulators.com,",
Kusumgar Corporates Pvt Ltd,Companies(Private),Vadodara,"RO-101, Manjushree, VM Road, Vile Parle West, Mumbai 400056, MH","+91-22-61125100, +91-22-26184341",",info@kusumgar.com,career@kusumgar.com,",
Lifestyle Chair Gallery India Pvt Ltd,Companies(Private),Vadodara,"248, Sector 6, IMT Manesar, Gurgaon 122050, HR",+91-9711739840,",anu_perfect@sify.com,gbala@roots.co.in,",
Amardeep Designs India Pvt Ltd,Companies(Private),Vadodara,"A-103/5, Sanjay Building, Mittal Estate, Andheri Kurla Road, Marol Naka, Andheri East, Mumbai 400059, MH","+91-22-42917777, +91-22-40057864",",collaborate@amardeepdesign.com,dilip@amardeepchair.com,anand.banka@talatiandtalati.com,order@amardeepdesign.com,",
SIVA Bulk,Companies(Private),Vadodara,"204, Peninsula Corporate Park, Senapati Bapat Marg, Lower Parel 400013, MH",+91-22-49152700,",baroda@talatiandtalati.com,",
Shilpa Steel & Power Ltd,Companies(Private),Vadodara,"1-4, Wanjara Layout, Pilinadi, Kampti Road, Nagpur 440026, MH",+91-712-2640060,",shilpa_ngp@shilparl.com,",
SE Power Ltd,Companies(Private),Vadodara,"7-M, 1-M, Greater Kailash Part-2, New Delhi 110048, DL",+91-11-43518888,",Mohit1.Agarwal@se.com,info@sepower.in,cs@sepower.in,u003ecs@sepower.in,vadodara@linkintime.co.in,Investor.relation@schneider-electric.com,Sales@suil.in,",
Scope T&M Pvt Ltd,Companies(Private),Vadodara,"EPIP, S E-59, 60, 61 GIDC, Vadodara, Savli 391775, GJ",+91-22-43444244,,
Madhya Pradesh Paschim Kshetra Vidyut Vitaran Company Ltd,Companies(Private),Vadodara,"Shakti Bhawan, Jabalpur 482008, MP",+91-761-2661111,",MPEastDiscom@mpez.co.in,cmdwz.indore@gmail.com,x3eMPEastDiscom@mpez.co.in,",
Lalitpur Power Generation Company Ltd,Companies(Private),Vadodara,"Bajaj Bhawan, B-10, Jamnalal Bajaj Marg, Sector 3, Noida 201301, UP",+91-120-4045100,"mca.lpgcl@bajajenergy.com,,cs@lpgcl.com,",
L&T-Sargent & Lundy Ltd,Companies(Private),Vadodara,"L&T Knowledge City, Near Ajwa Waghodia Crossing, National Highway 8, Vadodara 390002, GJ",+91-265-2456001,,
Gulbarga Electricity Supply Company Ltd,Companies(Private),Vadodara,"Opposite Pariwar Hotel, Main Gulbarga Road, Gulbarga 585102, KA",+91-8472-256581,",ps2fa@gescom.in,fa@gescom.in,csgescom@gmail.com,dt@gescom.in,md@gescom.in,mdgesco@gmail.com,",
Gujarat Urja Vikas Nigam Ltd,Companies(Private),Vadodara,"Sardar Patel, Vidyut Bhavan, Race Course, Vadodara 390007, GJ",+91-265-2310585,"x3ecs.guvnl@gebmail.com,,u003ecs.guvnl@gebmail.com,cs.guvnl@gebmail.com,",
Gujarat Transformers Pvt Ltd,Companies(Private),Vadodara,"Maneja, Vadodara 390013, GJ",+91-265-2642422,",jandgtransformer@gmail.com,gujarat@esennar.com,nagpur@esennar.com,u003egujarattransformers@hotmail.com,sales@gpd-transformers.com,sales@tmc-india.com,gujarattransformers@hotmail.com,x3ejandgtransformer@gmail.com,",
Gujarat State Electricity Corporation Ltd,Companies(Private),Vadodara,"Vidyut Bhawan, Race Course, Vadodara 390007, GJ",+91-265-2310582,",sere2.gsecl@gebmail.com,eepnp.gsecl@gebmail.com,cs.gsecl@gebmail.com,gsecl@gebmail.com,u003ecs.gsecl@gebmail.com,",
Gujarat Plug - In Devices Pvt Ltd,Companies(Private),Vadodara,"989, 3, GIDC, Makarpura, Vadodara 390010, GJ",+91-265-2396148,",marketing@gpd-transformers.com,info@reogpd.com,accounts@gpd-transformers.com,info@gpd-transformers.com,sales@gpd-transformers.com,",
Gujarat Industries Power Company Ltd,Companies(Private),Vadodara,"Petrochemicals, Vadodara 391346, GJ",+91-265-2232768,",investors@gipcl.com,vadodara@linkintime.co.in,",
Electronet Systems,Companies(Private),Vadodara,"1154, Sri Pada Layout, BDA Double Road, Banashankari 6th Stage, Bangalore 560098, KA",+91-80-9535025205,",ho@electronet.co.in,ca.asco@yahoo.in,",
Aster Pvt Ltd,Companies(Private),Vadodara,"141, 1, I.D.A, Cherlapally, Phase ?2, Hyderabad 500062, TS",+91-40-29805127,",x3ecs@aster.in,clifford.pinto@roquette.com,asternissan@gmail.com,x3eclifford.pinto@roquette.com,cs@aster.in,first@aster.in,",
Annapurna Export,Companies(Private),Vadodara,"Ajir Bagan More, Matir Bag, Kachan Nagar, Burdwan 713102, WB",+91-342-09330942802,",x3eketur81@gmail.com,seshadri.s@buchi.com,x3eseshadri.s@buchi.com,ketur81@gmail.com,x3eaccounts@sumilon.com,atozfoodtrader@gmail.com,ajay@atiradesign.com,annpurnamng@gmail.com,sampath2311@gmail.com,accounts@sumilon.com,x3eajay@atiradesign.com,",
Alectrona Papers and Energy Ltd,Companies(Private),Vadodara,"24, 32, South Mada Street, Mylapore, Chennai 600004, TN",+91-44-24934440,",diksat1999@gmail.com,",
"New Era Overseas, New Delhi",Companies(Private),Vadodara,"Plot No 4, F-105, 1st Floor, Alliance Tower, Savita Vihar Local Shopping Complex, New Yammuna Sport Complex, New Delhi 110092, DL","+91-11-43061308, +91-8447574131",",exports@fairexports.net,info@uniquefragrances.com,",
Bubber Handicrafts,Companies(Private),Vadodara,"6 & 7, Pratap Market, Link Road, Bapu Bazar, Jaipur 302003, RJ",+91-141-2571756,,
Vasudeva Vilasam Arya Vaidya Sala and Ayurveda Nursing Home,Companies(Private),Vadodara,"Vasudeva Vilasam Road, Fort, Thiruvananthapuram 695023, KL",,"md@vasudeva.com,,info@vasudeva.com,",
Unidrug Innovative Pharma Technologies Ltd,Companies(Private),Vadodara,"115, 581/5, Bansi Trade Centre, M G Road, Indore 452015, MP",,",bharat_jain@unidrugindia.com,info@unidrugindia.com,",
Shrenik Pharma Ltd,Companies(Private),Vadodara,"103, Deluxe Court, Rao Bahadur, Near Bandra Station, V B Road, Bandra West, Mumbai 400050, MH",,",lkv@splrc.com,dagonpharma@rediffmail.com,info@montagelabs.com,",
Shiv Sakthi Cellulose Pvt Ltd,Companies(Private),Vadodara,"2/108, Gurun Nagar Colony, Chittoor 517001, AP",,",shivsakthi_cells2002@yahoo.co.in,vaanicarboxy@rediffmail.com,shivsakthicells2002@yahoo.co.in,",
Shamshree Lifesciences Ltd,Companies(Private),Vadodara,"1136/37, Sector 22-B, Chandigarh 160022, CH",,",shamshree@gmail.com,prasad@adithyapharma.com,x3eshamshree@gmail.com,acronpharmaaceuticals@yahoo.com,salespcd@shamshree.com,",
Shakti Bio Science Ltd,Companies(Private),Vadodara,"103, Bhakti Apartment, Near Moksh Plaza, Jambali Gali, Borivali West, Mumbai 400092, MH",,",x3eanup@shaktibioscience.com,anup@shaktibioscience.com,",
Reliance Life Sciences Pvt Ltd,Companies(Private),Vadodara,"R-282, TTC Industrial Area, Thane Belapur Road, MIDC, Rabale, Navi Mumbai 400701, MH",,"RLS.CompanySecretary@Relbio.com,,customer@relmedlab.com,x3eRLS.CompanySecretary@Relbio.com,",
Poly Medicure Ltd,Companies(Private),Vadodara,"105, HSIDC Industrial Area, Sector 59, Faridabad 121059, HR",,",x3ecs@polymedicure.com,n@obelis.net,info@polymedicure.com,polymed.eu@polymedicure.com,cs@polymedicure.com,mdoffice.delhi@polymedicure.com,",
Panacea Biotec Ltd,Companies(Private),Vadodara,"B-1, A-27, Mohan Co-operative Industrial Estate, Mathura Road, New Delhi 110044, DL",,",x3ecompanysec@panaceabiotec.com,companysec@panaceabiotec.com,corporate@panaceabiotec.com,last@panaceabiotec.com,",
Novotech Clinical Research India Pvt Ltd,Companies(Private),Vadodara,"304-A & 304-B, Embassy Square, 148th Infantry Road, Bengaluru 560001, KA",,"rajan.pandey@novotech-cro.com,,Cosec@novotech-cro.com,",
Nestor Pharmaceuticals Ltd,Companies(Private),Vadodara,"S-22/6, DLF Phase 3, Gurgaon 122002, HR",,",info@anod.in,shatammohan@gmail.com,x3esanjeev@nestorpharmaceuticals.com,sanjeev@nestorpharmaceuticals.com,",
MSD India (Fulford India Ltd),Companies(Private),Vadodara,"C-59, Platina, 8th Floor, G-Block, Bandra Kurla Complex, Bandra East, Mumbai 400051, MH",,",dpoc_india@merck.com,x3emicompliance@merck.com,micompliance@merck.com,contactmsdindia@merck.com,business@accutestindia.com,",
Karmic Lifesciences LLP,Companies(Private),Vadodara,"02, Plot No K-10, Reliable Plaza, Thane Belapur Road, Airoli, Navi Mumbai 400708, MH",,",vijay@cliantha.in,",
Hindustan Opticals,Companies(Private),Vadodara,"22, Lytton Road, Dehradun 248001, UK",,",corporatehse@mail.hpcl.co.in,bhiwani@hindustangum.com,",
Everest Organics Ltd,Companies(Private),Vadodara,"127/128, Kavuri Hills, Madhapur, Hyderabad 500033, TS",,"x3eheenal.shah@amoliindia.com,,info@vccilindia.com,eolcs0405@gmail.com,heenal.shah@amoliindia.com,jane@everestorganicsltd.com,investor@technocraftgroup.com,",
Divis Laboratories Ltd,Companies(Private),Vadodara,"1-72/23-P/303, Divi Towers, Cyber Hills, Gachibowli, Hyderabad 500032, TS",,",x3email@divislaboratories.com,mail@divislaboratories.com,mail@divislabs.com,cs@divislabs.com,",
Chaitanya Biologicals Pvt Ltd (Chaitanya Group),Companies(Private),Vadodara,"15/2, Malkapur Bypass, National Highway No 6, Malkapur 443101, MH",,",mktccm@gmail.com,manan@ozonebio.com,",
Caplin Point Laboratories Ltd,Companies(Private),Vadodara,"3, Narbavi, Lakshmanan Street, T Nagar, Chennai 600017, TN",,"info@caplinpoint.net,,investor@caplinpoint.net,x3einfo@caplinpoint.net,",
Brooks Laboratories Ltd,Companies(Private),Vadodara,"502/2, Kanakia Atrium, Next To Hotel Courtyard Marriott, Andheri Kurla Road, Andheri East, Mumbai 400093, MH",,"investors@brookslabs.net,,",
Biostrass Therapeuties Inc,Companies(Private),Vadodara,"211, Silver Coin, Shrenik Park Crossing, Productivity Road, Akota, Vadodara 391310, GJ",,"biostrass@indiatimes.com,,n@indiatimes.com,",
ASG BIOCHEM Pvt Ltd,Companies(Private),Vadodara,"607/3, Rohit House, Tolstoy Marg, New Delhi 110001, DL",,",x3easgbiochempl@gmail.com,x22asgbiochempl@gmail.com,asgbiochempl@gmail.com,co@asgbiochem.com,",
Algen Healthcare Ltd,Companies(Private),Vadodara,"487/65, Near National Market, Chaudhary Prem Sukh Marg, Peeragarhi Village, Paschim Vihar, New Delhi 110087, DL",,",bhatiaalgen@yahoo.com,",
Alexion Pharmaceuticals,Companies(Private),Vadodara,"301, Kensington SEZ, A Wing, South Avenue, Hiranandani Gardens, Powai, Mumbai 400076, MH",,"jane.doe@alexion.com,,x3ejane.doe@alexion.com,",
Alembic Pharmaceuticals Ltd,Companies(Private),Vadodara,"Alembic Road, Vadodara 390003, GJ",,",John.Smith@alembic.co.in,JSmith@alembicpharmaceuticals.com,alembic@alembic.co.in,apl.investors@alembic.co.in,vadodara@linkintime.co.in,infoal@alembic.co.in,x3eJohn.Smith@alembic.co.in,last@alembic.co.in,",
Akorn India Pvt Ltd,Companies(Private),Vadodara,"9-B, DLF Cyber City, 4th Floor, Gurgaon 122002, HR",,",GlobalPV@akorn.com,",
Tiku Ram Gum & Chemicals Pvt Ltd,Companies(Private),Vadodara,"Dhani Ramjas, Bhiwani, Siwani 127046, HR",+91-9991091007,,
Sundex Process Engineers Pvt Ltd,Companies(Private),Vadodara,"201 - 202, Omex Chambers, Rajarshi Shahu Maharaj Marg, Andheri East, Mumbai 400069, MH","+91-22-26846793, +91-22-26820336",",info@sundexindia.com,x3einfo@sundexindia.com,x3ev3engineers01@gmail.com,",
S N J Trade Link Pvt Ltd,Companies(Private),Vadodara,"8-A, Queens Road, Amritsar 143001, PB",+91-183-2221678,",info@snjtradelink.com,rbajaj@snjtradelink.com,abajaj@snjtradelink.com,contectas@sntradelink.com,",
Oceanic Edibles International Ltd (Oceanaa Group),Companies(Private),Vadodara,"6, 1st floor, Wellington Estate 53, Ethiraj Salai, Egmore, Chennai 600008, TN",+91-44-30241900,",shine@oceaniagroup.in,email@assocom-india.com,u003eoceanic@oceanicedible.com,oceanic@oceanicedible.com,",
Kumar Metal Industries Pvt Ltd (KMIPL),Companies(Private),Vadodara,"101, Kakad Bhavan, Opposite Gaiety Galaxy Cinema, 30th Road, Bandra West, Mumbai 400050, MH",+91-22-26441667,",info@kumarmetal.com,",
JTC Tea Industries Pvt Ltd,Companies(Private),Vadodara,"84, Phase 4, HSIIDC Industrial Estate, Kundli, Sector 56, Sonepat 131028, HR",+91-130-2374184,"x3eaccounts@sumilon.com,accounts@sumilon.com,contact@jtctea.com,,",
Jindal Arya Impex Pvt Ltd,Companies(Private),Vadodara,"D-16, 3rd Floor, Prashant Vihar, Rohini, Outer Ring, New Delhi 110085, DL","+91-11-49161616, +91-11-49161600",",info@aakarinnovations.com,x22ram@alphaogm.com,x3ebcpl_calcutta@bcplindia.com,x22support@navpad.in,x3esupport@navpad.in,x3eadmin@rampimpex.com,bcpl_calcutta@bcplindia.com,u003ejindals.arya@gmail.com,ram@alphaogm.com,admin@rampimpex.com,support@navpad.in,jindals.arya@gmail.com,captsandeep@uvmshipping.com,x3eram@alphaogm.com,",
Jalani Enteprises Pvt Ltd,Companies(Private),Vadodara,"C-34, M. I. A, Phase 1, Basni, Jodhpur 342005, RJ",+91-291-2722463,",info@jalani.in,",
J D Food Products Pvt Ltd,Companies(Private),Vadodara,"Lane L4, Vinoba Nagar, Bilaspur 495001, CG",+91-7752-430803,"girish@jdfoodproducts.com,,hmpatelandco@gmail.com,info@jdfoodproducts.com,",
Hilda Automation,Companies(Private),Vadodara,"810-R/811, TTC Industrial Area, Thane Belapur Road, Rabale, Navi Mumbai 400701, MH",+91-22-27641585,"hildaautomationpvt@gmail.com,,info@hildaautomation.in,9821334822_022-65564430_accounts@hildaautomation.in,accounts@hildaautomation.in,marketing@hildaautomation.in,",
Goldrich Agro Ltd,Companies(Private),Vadodara,"A-56, Naraina Industrial Area, Phase 1, New Delhi 110028, DL",+91-11-42177700,",akshay.aggarwal@hublit.com,Emailggaicbaroda@yahoo.com,ggaicbaroda@yahoo.com,mrtattla@rediffmail.com,","22.3386967,72.8198076"
Goldin India Engineering Company,Companies(Private),Vadodara,"10/11, Last Lane B.I.D.C Estate, Gorwa, Vadodara 390016, GJ","+91-265-2284120, +91-265-2291540",",goldinequip@gmail.com,info@goldenturbovent.com,goldin1971@gmail.com,goldenengineering@gmail.com,","22.3311876,73.1587325"
Global International,Companies(Private),Vadodara,"1, Buddu Street, 3rd Floor, Chennai 600001, TN","+91-44-25221241, +91-44-25213409",",toronto@immigrationwwics.com,","22.3045679,73.1288892"
FORTUNE Gourmet Specialities Pvt Ltd,Companies(Private),Vadodara,"Galla No 107, 108 & 227, Adhyaru Industrial Estate, Sun Mill Compound, Lower Parel, Mumbai 400013, MH",+91-22-43664444,"u003eaccounts@fortunegourmet.com,,accounts@fortunegourmet.com,","18.9942827,72.8166688"
Chitale Bandhu Mithaiwale (Chitale),Companies(Private),Vadodara,"759/54, Deccan Gymkhana, Pune 411004, MH",+91-20-25671748,",care@gannug.com,shoponline@chitalebandhu.in,tradeenquiries@chitalegroup.in,x3eshoponline@chitalebandhu.in,","22.3217694,72.843409"
BBL Foods Pvt Ltd,Companies(Private),Vadodara,"17-1-382/A/1, Santoshnagar X Road, Hyderabad 500059, TS",+91-40-24530680,"bblfoods@gmail.com,bblfoods1@gmail.com,,bagoosafood@yahoo.com,","22.3217694,72.843409"
AUM Himalaya Sanjeevini Essences Pvt Ltd,Companies(Private),Vadodara,"15-E, Jay Bharat Society, 3rd Road, Khar West, Mumbai 400052, MH","+91-22-26486819, +91-22-26057529",",info@aumhimalaya.com,","22.3217694,72.843409"
Regal Cards,Companies(Private),Vadodara,"14, 2, New Palasia, Indore 452001, MP",+91-731-2532292,",presales@rigelnetworks.com,anand_shah@marc.net.in,","22.3062046,73.1464099"
Pushpa Printers Pvt Ltd,Companies(Private),Vadodara,"1, Rajprabha Mohan Industrial Estate, Naikpada, Waliv, Vasai East, Thane 401208, MH",+91-9967036648,",accounts@pushpaprinters.com,pushpaprinters@yahoo.com,","22.4037741,73.1052158"
Pattabi Enterprises,Companies(Private),Vadodara,"166, Ramavilas Road, Mysore 570024, KA",+91-9845128672,",pattabi@pattabi.in,alazeeexp@gmail.com,enterprises.orcus@gmail.com,orecast-india@rediffmail.com,","22.2925717,73.0977628"
Encore Exports,Companies(Private),Vadodara,"143-C, Greater Kailash-I, New Delhi 110048, DL",+91-11-29234028,"guptaashok39g@gmail.com,,arkayimpex9@gmail.com,plantcentury@gmail.com,encorebusiness@gmail.com,encore@agmgroup.com,","22.3271857,73.1447526"
Control Print Ltd,Companies(Private),Vadodara,"106-C, Hind Saurashtra Industrial Estate, Andheri-Kurla Road, Andheri East, Mumbai 400059, NH",+91-22-28599065,",companysecretary@controlprint.com,","22.3039039,73.025463"
Wex Technologies Pvt Ltd,Companies(Private),Vadodara,"37-38, Bandal Dhankude Plaza, Opposite PMT Depot, Paud Road, Kothrud, Pune 411038, MH","+91-20-25285635, +91-20-25285636",",info@vexmatech.com,create@vexmatech.com,wextech@vsnl.net,dbanerjee@wextech.co.in,jane_doe@gmail.com,","18.593325,73.720024"
Novatech Enviro Systems Pvt Ltd,Companies(Private),Vadodara,"Building No 13, Shakti Nagar, Dahisar East, Mumbai 400068, MH",+91-22-28481118,",pranav@novatechenviro.com,novatech3@rediffmail.com,","19.2609058,72.8502116"
Karnataka State Pollution Control Board,Companies(Private),Vadodara,"49, 4th & 5th Floor, Parisara Bhavan, Church Street, Bangalore 560001, KA","+91-80-25581383, +91-80-25589111",",kadams.cpcb@nic.in,ccb.cpcb@nic.in,memsecy@kspcb.gov.in,chairman@kspcb.gov.in,centrallab@kspcb.org,mscb.cpcb@nic.in,x3emscb.cpcb@nic.in,HO@kspcb.gov.in,x3eccb.cpcb@nic.in,x3ekadams.cpcb@nic.in,seon@kspcb.gov.in,vo-gpcb-vado@gujarat.gov.in,iccc.kspcb@gmail.com,","22.3170998,73.1477445"
Greenscape Eco Management Pvt Ltd,Companies(Private),Vadodara,"512, Elegence Tower, Commercial Centre, Jasola, New Delhi 110025, DL",+91-11-40515662,"info@prodotgroup.com,,ashok@greenscape-eco.com,","28.5381165,77.278208"
Eco Chimneys Pvt Ltd,Companies(Private),Vadodara,"318, Manickampalayam, Erode 638004, TN","+91-424-2290561, +91-424-2290562",",hrm@ecochimneys.com,accounts@ecochimneys.com,","22.7860804,72.3246953"
Doshion Ltd,Companies(Private),Vadodara,"Building No 9 & 10, Sigma Corporate, Behind Rajpath Club, Off S. G. Road, Bodakdev, Ahmedabad 380054, GJ",+91-79-61600600,",mumbai@doshion.com,cs@doshionveolia.com,cs@doshion.com,sales@LawyerServices.in,info@LawyerServices.in,","22.2774712,73.1389582"
DHI (India) Water & Environment Pvt Ltd,Companies(Private),Vadodara,"3rd Floor, NSIC STP Complex, NSIC Bhawan, Okhla Industrial Estate, New Delhi 110020, DL",+91-11-47034500,,"22.3267456,73.1268331"
Decimin Control Systems Pvt Ltd,Companies(Private),Vadodara,"1st Floor, Pushpa Heights, Bibwewadi Corner, Satara Road, Pune 411037, MH",+91-20-65240896,"srinibas.patnaik@nord.com,,accounts@decimin.com,decimin@decimin.com,","22.2509865,73.1842717"
Bardia Technology Systems Pvt Ltd,Companies(Private),Vadodara,"408, Apollo Square, 7/2, Dr. Roshan Singh, Bhandari Marg, Janjirwala Chouraha, Indore 452001, MP",+91-731-2539667,",indore@btsystems.co.in,operations@devganmills.com,","22.2912644,73.1544654"
RankUno Interactive Technologies Pvt Ltd,Companies(Private),Vadodara,"201, Shopping Arcade Parmar Park, Wanowrie, Pune 411040, MH","+91-20-67273900, +91-20-26856604","first@rankuno.com,info@rankuno.com,,","18.4939641,73.8894549"
Patel Information Technology Services,Companies(Private),Vadodara,"131, Near Mullick Bazar, Park Street Area, Kolkata 700016, WB",+91-33-65222579,,"22.2614267,73.1708641"
AaramShop Pvt Ltd,Companies(Private),Vadodara,"National Highway 1, C Block, Community Center, Naraina Vihar, New Delhi 110028, DL",-64780373,",corp@aaramshop.com,arvinair@yahoo.com,",
Ashi Jewellery Pvt Ltd,Companies(Private),Vadodara,"FE-2013, Entry FC Core Loby, Bharth Diamond Bourse, G Block, Bandra Kurla Complex, Bandra East, Mumbai 400051, MH",-23679421,",mehul121@gmail.com,mukundenterprisescolgate@gmail.com,CustomerService@AshiDiamonds.com,ContactUs@AshiDiamonds.com,",
XPO Logistics India Pvt Ltd,Companies(Private),Vadodara,"Rz-A-219, 1st Floor, Road No 5, Mahipalpur Extension, New Delhi 110037, DL",-26783478,",x3eJohn.Smith@xpo.com,LTLinfo@xpo.com,ltlccg@xpo.com,John.Smith@xpo.com,",
Tetra Pak India Pvt Ltd,Companies(Private),Vadodara,"5, DLF Cyber Terrace, Tower C, 16th Floor, DLF Cyber City, DLF Phase 3, Gurgaon 122002, HR",-4124633,"sunil.tembe@tetrapak.com,rahul.kanade@huhtamaki.com,x3esunil.tembe@tetrapak.com,,",
Team United Express Ltd,Companies(Private),Vadodara,"1/337, Omkar Apartments, Shraddhanand Road Extension, Vile Parle East, Mumbai 400057, MH","+91-22-26120099, +91-22-26178899",,
Sunshine Logistics Pvt Ltd,Companies(Private),Vadodara,"17/9, Mooker, 3rd Floor, Nallamuthu Street, Parrys, Chennai 600001, TN",-25215319,",info@jsklogix.com,gslogistics_2006@yahoo.com,royalbhaskaran@yahoo.com,x3einfo@jskshippingindia.com,paarservices@gmail.com,agencymumbai@seawaysindia.com,x3eaccounting@jsklogix.com,logistics@rishichem.com,accounting@jsklogix.com,csv@jsklogix.com,info@agslogistics.in,info@jskshippingindia.com,x3ecsv@jsklogix.com,x3einfo@jsklogix.com,x3egslogistics_2006@yahoo.com,x3einfo@agslogistics.in,",
Shri Jagdamba Polymers Ltd,Companies(Private),Vadodara,"803, Narnarayan Complex, Navrangpura, Ahmedabad 380014, GJ",-26565780,",x3eadmin@jagdambapolymers.com,admin@jagdambapolymers.com,admin@jagdambapolymers.corn,",
SafeHouse Information Management Solutions Pvt Ltd,Companies(Private),Vadodara,"111, Currimjee Building, 1st Floor, M G Road, Fort, Mumbai 400001, MH","+91-22-65277623, +91-22-22650816","carl@safehouse.in,,support@safehousetech.com,madhuri.sawant@ironmountain.com,",
Ondot Couriers & Cargo Ltd,Companies(Private),Vadodara,"8/42, Kirti Nagar Industrial Area, New Delhi 110015, DL","+91-8377005355, +91-8377005396",,
Mangalam India,Companies(Private),Vadodara,"38, Mangalam House, 3rd Floor, Walchand Hirachand Marg, Mumbai 400038, MH",-43487931,",info@mangalamsteelcast.com,mangalamindustrialfinanceltd@gmail.com,vca.hpsh@gmail.com,mcsnwork@gmail.com,manglambaroda@hotmail.com,compliance@miflindia.com,",
Gujarat Polythene Industries,Companies(Private),Vadodara,"8/93, Marine House, Dr.Maheshwari Road, Dongri, Mumbai 400009, MH","+91-22-23774466, +91-22-23778472","vadodara@chemcogroup.com,,info@chemcogroup.com,Vadodara@epcind.com,vijay@shrinidhifoam.com,",
Dynamic Liner & Container Services Pvt Ltd,Companies(Private),Vadodara,"811, 4 & 5, Shekhar Central, A B Road, Manoramaganj, Indore 452001, MP",-4100560,,
Devanshi Electronics Pvt Ltd,Companies(Private),Vadodara,"880-R, Near Golden Garage Ttc, Industrial Area, Thane 400701, MH",-27642452,",accounts@devanshi.com,baroda@devanshi.com,sales1@devanshi.com,jhalani_anup@yahoo.co.in,",
Bharat Logistic Solutions Pvt Ltd,Companies(Private),Vadodara,"20, VGP Murphy Square, 1st Street, St Thomas Mount, Chennai 600016, TN",-42901854,",sankar@bharatlogistics.com,rahul@srintcargo.com,",
Basar Exports Pvt Ltd,Companies(Private),Vadodara,"C-1, Al Hafiz Manzil, 1st Floor, Ready Money Compound, Mumbai, 400008, MH","+91-22-23001572, +91-22-23065047",",maabasantirm@gmail.com,info@basarexports.com,documentation@agraeng.com,",
Agencia Comercial Maritima Logistics Pvt Ltd,Companies(Private),Vadodara,"53/3239, 1st Floor, Bhuvaneswary Road, Ponnurunni, Vytilla, Kochi 682019, KL",-2303251,"shaji@svc.ind.in,,vparkkot@gmail.com,exim@afford.co.in,asif@seakingindia.com,delhi@bbcargo.com,",
Aakash Plastopack Pvt Ltd,Companies(Private),Vadodara,"402, Meridian Towers, Besides Rajkumar Cinemas, Udhna, Surat 395002, GJ",-2345881,",pradeep@svpindia.com,bharattulsiani@yahoo.com,pankaj@aakashpackaging.com,HARDIK@ARTFRANSI.COM,aadiplastic@gmail.com,",
Shree Agencies Pvt Ltd,Companies(Private),Vadodara,"233, Shopping Center, Kota 324007, RJ","+91-744-2364219, +91-744-2362463",",shreesaiseed@gmail.com,jane@worldofstones.com,kamleshgokani@gmail.com,",
Bharat Floorings & Tiles (Mumbai) Pvt Ltd,Companies(Private),Vadodara,"32, Fort, Samachar Marg, Mumbai 400023, MH",-40574331,,
Valuable Technologies Pvt Ltd,Companies(Private),Vadodara,"53/1, Opposite Akruti Trade Centre, Road No 7, MIDC, Andheri East, Mumbai 400096, MH","+91-22-40553333, +91-22-40553300",",info@valuablegroup.com,compliance@valuablegroup.com,hr@adani.in,",
Tiger Sports Marketing Pvt Ltd,Companies(Private),Vadodara,"E-135/136, 2nd Floor, Amar Colony, Lajpat Nagar 4, New Delhi 110024, DL","+91-11-26215761, +91-11-26215762","tigers@tigermail.in,,brandon.desouza@gmail.com,",
Shilpagya Events,Companies(Private),Vadodara,"401, Malhar Complex, S G Highway, Sola, Ahmedabad 380061, GJ","+91-79-30491416, +91-9824319242",",info@weddingplannerindia.net,info@shilpagya.com,shilpagyaevents05@gmail.com,shilpagyaarts@gmail.com,",
Roots Advertising Services Pvt Ltd,Companies(Private),Vadodara,"601, Sushant Towers, Sushant Lok, Phase 2, Sector 56, Gurgaon 122001, HR",-4114013,",accounts@rootsadvertising.com,",
First Cord Solutions Pvt Ltd,Companies(Private),Vadodara,"D-439, 2nd Floor, Palam Extension, Sector? 7, Dwarka, New Delhi 110075, DL","+91-11-25080308, +91-8800540707",",Vadodara@aimil.com,info@mjchemicals.com,globalstring@gmail.com,bhopal@arelectropower.com,",
Dreams Creation Advertising Pvt Ltd,Companies(Private),Vadodara,"Krishna Chamber, 2nd Floor, Beside Hotel Janaki, Seven Hills Fly Over, Jalna Road, Aurangabad 431005, MH","+91-240-2443666, +91-240-6610542",",habib.shaikh@dreamscreationads.com,",
A to Z Barter Pvt Ltd,Companies(Private),Vadodara,"C-14, Mansarovar Garden, New Delhi 110015, DL","+91-11-45678500, +91-11-45678530",",sanjaykapoor.ca@gmail.com,",
Zerone Consulting,Companies(Private),Vadodara,"106, Lulusaiba Tower, SEZ Kakkanad, Kochi 682030, KL",,"acc.sandaw@gmail.com,",
Enoah Isolution India Pvt Ltd,Companies(Private),Vadodara,"3, 4, Elnet Software City, Rajiv Gandhi Salai, Taramani, Chennai 600113, TN",,"sales@expresskcs.com,jdoe@expresskcs.com,doe_jane@gmail.com,finance@expresskcs.com,",
Contech Bpo Services Pvt Ltd,Companies(Private),Vadodara,"4, Pushpak, Panchavati Cross Road, Ellisbridge, Ahmedabad 380006, GJ",,"mkaria@pacificacompanies.com,rajesh2481@hotmail.com,mkaria@pacificacompanies.com,sakgoel@gmail.com,rajesh2481@hotmail.com,",
C G Meditrans,Companies(Private),Vadodara,"22-B, Opposite Pakwan 2, Corporate House, Judge Bunglows Road, Ahmedabad 380054, GJ",-40032184,"info@cesltd.com,indiainfo@ces-ltd.com,",
Zylog Plastalloys Pvt Ltd,Companies(Private),Vadodara,"Lane No 4, Sovereign Annexe, Behind Bank Of Baroda, Main Road, Kalyani Nagar, Pune 411006, MH",-26650148,"achandrasekaran@activdoctors.com,",
Vinmar International India Pvt Ltd,Companies(Private),Vadodara,"901, 9th Floor, Akruti Star, Andheri East, Mumbai 400093, MH","+91-22-33051900, +91-22-33051901","labviv@yahoo.co.in,frontlinecochi@gmail.com,harin@dynaind.com,roc.chennai@mca.gov.in,info@vivilexports.com,labviv@yahoo.co.in,harin@dynaind.com,vivilexports@vsnl.com,info@vivilexports.com,roc.chennai@mca.gov.in,export@urmitchem.com,x3efrontlinecochi@gmail.com,",
Vaibhav Industries,Companies(Private),Vadodara,"216, Jhalawar, Patanwala Complex, LBS Marg, Ghatkopar West, Mumbai 400086, MH","+91-22-25005234, +91-22-25005235","varad301@gmail.com,varad301@yahoo.com,harshagarwal@oriplast.com,u003cvarad301@varadhasta.com,varad301@gmail.com,varad301@yahoo.com,harshagarwal@oriplast.com,",
United Pestichem & Nonionics Pvt Ltd,Companies(Private),Vadodara,"Ahura, Road No 4, Sion East, Mumbai 400022, MH","+91-22-24074295, +91-22-24074296","info@icraindia.com,info@urviplastic.com,urviplastic@hotmail.com,info@icraindia.com,",
Uniloids Biosciences Pvt Ltd,Companies(Private),Vadodara,"5-138, Seesali, Kalla Mandal West, Godavari, Bhimavaram 534237, AP",-249725,"sales-in@tcichemicals.com,unitedchemie@gmail.com,sahil.chemistry@gmail.com,baroda@sud-chemie-india.com,ap@sud-chemie-india.com,sales-in@tcichemicals.com,",
Umicore India Pvt Ltd,Companies(Private),Vadodara,"102, G Block, Bandra Kurla Complex, Naman Centre, Bandra East, Mumbai 400051, MH",-66275587,"account1@unisolindia.com,u003eaccount1@unisolindia.com,sushma@rewale.com,jitender@djgroup.co.in,u003eaccount1@unisolindia.com,d.jane@unisolindia.com,sushma@rewale.com,jitender@djgroup.co.in,",
Transworld Furtichem Pvt Ltd,Companies(Private),Vadodara,"Plot No 9, 18th Floor, The Affairs, Palm Beach Road, Sector 17, Sanpada, Navi Mumbai 400705, MH","+91-22-27813100, +91-22-27731783",,
Transpek Silox Industry Pvt Ltd,Companies(Private),Vadodara,"Kalali Road, Atladra, Vadodara 390012, GJ","+91-265-2680401, +91-265-2680405","diptiranjanmohanty@tuflex.murugappa.com,x3ediptiranjanmohanty@tuflex.murugappa.com,",
Toms Pipes Pvt Ltd,Companies(Private),Vadodara,"Industrial Nagar, Changanacherry, Kottayam 686106, KL",-2725197,"jane-doe@trimurtiindustriesltd.com,info@trimurtifilms.com,sunil.bhure@trimurtiinfra.in,alamashaikh02@gmail.com,info@trimurtifilms.com,jane-doe@trimurtiindustriesltd.com,info@trimurtifilms.com,globalfintech1@yahoo.co.in,alamashaikh02@gmail.com,",
Synthite Industries Ltd (Synthite),Companies(Private),Vadodara,"Synthite Valley, Kolenchery, Kochi 682311, KL","+91-484-3051200, +91-484-3012222","inquiry@tarakchemicals.com,inquiry@tarakchemicals.com,marketing@tarakchemicals.com,marketing@tarakchemicals.com,",
Swati Menthol And Allied Chemicals Ltd,Companies(Private),Vadodara,"Opposite Akashwani, Bareilly Road, Modipur, Rampur 244901, UP",-2357676,,
Swamy Plastics,Companies(Private),Vadodara,"6/A, IDA Chellapally, Phase 5, Hyderabad 500051, TS",-65917194,"helpdesk@swastika.co.in,swastikapestcontrol@gmail.com,",
Sunrise Overseas,Companies(Private),Vadodara,"B-11, Industrial Area, GD Karnal Road, New Delhi 110033, DL",-65167429,"doe@gmail.com,accounts@superplasticcoats.com,doe@gmail.com,",
Sukesh Group,Companies(Private),Vadodara,"432, 4th Floor, Gundecha Industrial Complex, Near Big Bazaar, Akurli Road, Kandivali East, Mumbai 400101, MH","+91-22-28464618, +91-22-28464619","nmv@spipl.co.in,nmv@spipl.co.in,info@sunarchind.com,",
Star Plastics,Companies(Private),Vadodara,"6, Phase 3, Gangyal Industrial Area, Tavi, Jammu 180010, JK","+91-191-2481488, +91-191-2480072",,
Standard Surfactants Ltd,Companies(Private),Vadodara,"8-15, Arya Nagar, Kanpur 208002, UP",-2532183,"pratik@sterlchem.com,info@sterlchem.com,jayant.arbatti@yahoo.com,sales@sterlingaux.com,pratik@sterlchem.com,info@sterlchem.com,sterling.chem@gmail.com,deepak@artekchemicals.com,jayant.arbatti@yahoo.com,sales@sterlingaux.com,",
Soujanya Colour Pvt Ltd,Companies(Private),Vadodara,"C-35/36, TTC Industrial Area, MIDC, Panvel, Navi Mumbai 400705, MH",-41711165,"spiccorp@spic.co.in,sas.associates07@gmail.com,sas.associates07@gmail.com,shares.dep@spic.co.in,spiccorp@spic.co.in,spiccorp@spic.co.in,",
SL Drugs & Pharmaceuticals,Companies(Private),Vadodara,"Flat No 2, Pragati Plaza Apartment, Mothi Nagar, Hyderabad 500018, TS",-23840241,"solvosolpaints@rediffmail.com,solvosolpaints@rediffmail.com,mail@furnitureworlwww.furnitureworldindia,",
Simandhar Polymer,Companies(Private),Vadodara,"B/3, Jay Jayant Estate, Opposite Kewal Kanta, Rakhial, Ahmedabad 380023, GJ",-22745030,"helpdesk@skipperlimited.com,",
Signet Chemical Corporation Pvt Ltd,Companies(Private),Vadodara,"A-801, Crescenzo, C/38-39, G Block, Bandra Kurla Complex, Mumbai 400051, MH",-61462656,,
Shanthi Plastic Industries,Companies(Private),Vadodara,"23, Mount Road, Chennai 600002, TN","+91-44-28527950, +91-44-42156590","xxxxn@asisindia.com,xxxxn@asisindia.com,",
Shalimar Paints Ltd,Companies(Private),Vadodara,"Plot No 64, 4th Floor, Sector 44, Gurgaon 122001, HR",-4616633,,
Saurav Chemicals Ltd,Companies(Private),Vadodara,"Plot No 370, Industrial Area Phase 2, Panchkula 134109, HR","+91-172-5054818, +91-172-5054817",,
Samrat Pharmachem Ltd,Companies(Private),Vadodara,"701/702, Business Square MA Road, Andheri West, Mumbai 400058, MH",-26700981,,
Sainath Plastochem Pvt Ltd,Companies(Private),Vadodara,"18, 3rd Floor, Shanti Bhawan A, Mulund West, Mumbai 400080, MH","+91-22-25641695, +91-22-25689941","contact@samratremedies.com,contact@samratremedies.com,marketing@samratremedies.com,contact@samratremedies.com,contact@samratremedies.com,marketing@samratremedies.com,contact@samratremedies.com,",
Sabic India Pvt Ltd,Companies(Private),Vadodara,"105-B, 5th Floor, The Capital Court, Munirka, New Delhi 110067, DL",-26713041,"info@saiplastic.in,sales@shreesaiplast.in,info@saiplastic.in,sales@shreesaiplast.in,sales@saigroupglobal.com,sales@shreesaiplast.in,",
Rubber King Tyre India Pvt Ltd,Companies(Private),Vadodara,"102-104, Naindhara Aparments, Near GNFC Infotower SG Road, Bodakdev, Ahmedabad 380054, GJ","+91-79-26855619, +91-79-26850567","ishant@skdyeing.org,sanjay@skdyeing.org,ishant@skdyeing.org,sanjay@skdyeing.org,",
Rockwood Lithium India Pvt Ltd,Companies(Private),Vadodara,"103, Windfall, Sahar Plaza Complex, JB Nagar, Andheri East, Mumbai 400059, MH",-61386069,,
RoadStar Bitumen India Pvt Ltd,Companies(Private),Vadodara,"E-45/6, Okhla Phase 2, New Delhi 110020, DL",-46547620,"info@klassik.in,info@klassik.in,",
Prakriti Naturals India Pvt Ltd,Companies(Private),Vadodara,"211, Doulat Udyog, Bavan Building, Off Golf Club, Chembur, Mumbai 400074, MH",-9702990906,"info@precitex.com,accounts@precitex.com,accounts@precitex.com,accounts@precitex.com,",
Prakash Chemicals Pvt Ltd,Companies(Private),Vadodara,"505, Mayfair Atrium, Kalali-Vadsar Road, Atladra, Vadodara 390012, GJ","+91-265-2774925, +91-265-2772788","sudhir.gupta@vspv.in,rfiger@omira.co.in,info@jayprecision.com,sudhir.gupta@vspv.in,rfiger@omira.co.in,",
Poddar Pigments Ltd,Companies(Private),Vadodara,"302, 3rd Floor, Nanak Chambers, Opposite Fun Republic, New Link Road, Mumbai 400053, MH",-26740513,"pragnachemical@gmail.com,project.director@pragnaconsultants.com,pragnadyechem@gmail.com,",
Perfect Home Products Pvt Ltd,Companies(Private),Vadodara,"3C-909, 3rd Cross, 9th Main 1st Block, HRBR Layout, Kalyan Nagar, Bengaluru 560043, KA","+91-80-65661010, +91-9243459980","chintan.singhvi@phoenixglobal.in,info@phoenixglobal.us,chintan.singhvi@phoenixglobal.in,safeerhamed313@gmail.com,info@phoenixlogistics.in,info@phoenixarc.co.in,info@phoenixglobal.us,",
Panache Greentech Solutions Pvt Ltd,Companies(Private),Vadodara,"201-202, A-3, Shivanjali Apartment, Opposite Swaminarayan Temple, Jawahar Nagar, Diwalipura, Vadodara 390021, GJ",-9925187955,"ketan_bhatt10@yahoo.com,ketan_bhatt10@yahoo.com,ketan_bhatt10@yahoo.com,paras@parasint.com,n@parasint.com,ketan_bhatt10@yahoo.com,ketan_bhatt10@yahoo.com,x3eketan_bhatt10@yahoo.com,",
Nilachal Refractories Ltd (JS Group),Companies(Private),Vadodara,"30-D, Jawarharlal Nehru Road, Kolkata 700016, WB","+91-33-22298566, +91-33-40029400","silicate@noblealchem.com,",
NexGen Fluoropolymers Pvt Ltd,Companies(Private),Vadodara,"4 & 5, 2nd Floor, Pavitra House, Shahzada Bagh Extension, New Delhi 110035, DL","+91-11-23122312, +91-11-23122313","praveenrjain74@yahoo.com,praveenrjain74@yahoo.com,nikunjfashion@gmail.com,",
Neel Chem (INDIA),Companies(Private),Vadodara,"17/B, Sardar Patel Estate, Narol Highway, Narol, Ahmedabad 382405, GJ",-25714775,"dheerajb@netmatrixindia.com,sales@netmatrixIndia.com,info@maheshwaribio.com,dheerajb@netmatrixindia.com,sales@netmatrixIndia.com,info@maheshwaribio.com,hrd@cosyn.in,md@cosyn.in,bhopal.reddy@cosyn.in,",
Monarch Ergonomics India Pvt Ltd,Companies(Private),Vadodara,"304, Bhuvana Towers, S. D. Road, Secunderabad 500003, TS",-66311392,"srmaf@multiorganics.com,u003esrmaf@multiorganics.com,abirewar@multiorganics.com,heenal.shah@amoliindia.com,u003esrmaf@multiorganics.com,abirewar@multiorganics.com,srmaf@multiorganics.com,sxxxxe@multiorganics.com,srmaf@multiorganics.com,x3eabirewar@multiorganics.com,x3eheenal.shah@amoliindia.com,",
Mithros Chemicals Pvt Ltd,Companies(Private),Vadodara,"S-66/B, Phase 2, IDA Mallapur, Hyderabad 500076, TS","+91-40-23547993, +91-40-23480095","nalkametal@finolexpipes.com,zafarbookdistributor@gmail.com,nalkametal@finolexpipes.com,",
Milan Plast Pvt Ltd,Companies(Private),Vadodara,"B-16, Nand Bhavan Industrial Estate, Mahakali Caves Road, Andheri East, Mumbai 400093, MH","+91-22-28342069, +91-22-28342068","mcap-mbx-mcc_india_info@mchcgr.com,prakash.satyam@ma.mc-india.co.in,Smith.John@m-chemical.co.jp,tcf_roc@tokyoconsultingfirm.com,mcap-mbx-mcc_india_info@mchcgr.com,xxxx@mc-india.co.in,tcf_roc@tokyoconsultingfirm.com,x3eprakash.satyam@ma.mc-india.co.in,x3eSmith.John@m-chemical.co.jp,",
Microl Remedies,Companies(Private),Vadodara,"5-35/304/1/1, Behind Truck Parking, Mytri Nagar, Kukatpally, Hyderabad 500072, TS",-23076993,"info@mithros.com,",
Maniar Injectoplast Pvt Ltd,Companies(Private),Vadodara,"187/62, Tirthanker Estate, Aarey Road, Goregaon East, Mumbai 400063, MH",-8087914073,"more@bayer.com,info@marutichemicals.com,maruticcpl@yahoo.co.in,maruticcpl@yahoo.co.in,maruti.more@bayer.com,",
Mahalaxmi Rubber & Engineering Works,Companies(Private),Vadodara,"3 To 8, Amarnath Estate, Near Uttam Dairy, Amraiwadi, Ahmedabad 380026, GJ",-27522311,"customercare@mahindra.com,service.mmfsl@mahindra.com,contact@mahendrabhavsar.com,contact.miln@mahindra.com,contact.milv@mahindra.com,mahendracredit@gmail.com,x3ecustomercare@mahindra.com,x3eservice.mmfsl@mahindra.com,",
Kosi Plast Pvt Ltd,Companies(Private),Vadodara,"Gat No 529, 530 & 531, Koregaon Bhima, Nahavara 412216, MH",-9823206779,"scbandassociates@rediffmail.com,jainandsanjay@gmail.com,skmltd@gmail.com,scbandassociates@rediffmail.com,skvipldelhi@gmail.com,",
Kedarnath Plastics Pvt Ltd,Companies(Private),Vadodara,"33, Uma Industrial Estate, Viramgam Road, Vasna-Lyava, Ahmedabad, Sanand 382170, GJ",-9374234133,"keroxoffice@kerox.org,prakash@kerox.org,prakash@kerox.org,",
Inventro Polymers,Companies(Private),Vadodara,"108/4, Raj Prabha Industrial Estate, Bhoidapada Sativali Road, Vasai East, Bassein, Thane 401208, MH",-3291231,,
Infra Industries Ltd,Companies(Private),Vadodara,"9, 7th Floor, Dhiraj Chambers, Hazarimal Somani Marg, Mumbai 400001., MH",-32946303,"doe.jane@inventys.in,dbirewar@inventys.in,chetan@sunraysia.co.in,vasapharma@yahoo.com,marketing@progresslifesciences.com,progress@progresslifesciences.com,doe.jane@inventys.in,dbirewar@inventys.in,chetan@sunraysia.co.in,vasapharma@yahoo.com,marketing@progresslifesciences.com,progress@progresslifesciences.com,",
Impression Inks Pvt Ltd,Companies(Private),Vadodara,"203, East Coast Road, Injabakkam, Chennai 600115, TN",-65652882,"championind1@yahoo.com,info@dkkindia.com,v_jpansare@rediffmail.com,salesenquiry@jayahind.com,championind1@yahoo.com,info@dkkindia.com,v_jpansare@rediffmail.com,salesenquiry@jayahind.com,",
Heveacrumb Rubber Pvt Ltd,Companies(Private),Vadodara,"Poovarany, Pala 686577, KL","+91-4822-226150, +91-4822-225250","kolkata@linkintime.co.in,contactus@hindcon.com,cs@hindcon.com,kolkata@linkintime.co.in,contactus@hindcon.com,Contactus@hindcon.com,contactus@hindcon.com,contactus@hindcon.com,",
Hariram Industries,Companies(Private),Vadodara,"Plot 318/4, 40, Shed Area, Nearv Trans, Vapi 396195, GJ","+91-260-2424990, +91-260-2432217","dinesh.rana@henkel.com,jane.doe@henkel.com,dinesh.rana@henkel.com,last@henkel.com,shilpa.belsare@henkel.com,shilpa.belsare@henkel.com,x3edinesh.rana@henkel.com,x3ejane.doe@henkel.com,",
H K Group,Companies(Private),Vadodara,"701/702, 7th Floor, Karishma Plaza, Commercial Premises, Pushpa Park, Daftari Road, Malad East, Mumbai 400097, MH","+91-22-28775829, +91-22-28774445",,
Gulnar Plastics Pvt Ltd,Companies(Private),Vadodara,"20, Podar Chambers, SA Brelvi Road, Fort, Mumbai 400001, MH",-3919369,,
Gujarat Insecticides Ltd (GIL),Companies(Private),Vadodara,"Plot No 805/806, GIDC Estate, Ankleshwar 393002, GJ","+91-2646-251472, +91-2646-222271","gunjan@gunjanpaints.com,gunjan@gunjanpaints.com,accounts@gunjanpaints.com,gunjan@gunjanpaints.com,accounts@gunjanpaints.com,x3eaccounts@gunjanpaints.com,",
Gujarat Chemicals,Companies(Private),Vadodara,"102, Siddhachal Residency, Ankur Society, Behind Ravindra Park, Adajan Road, Surat 395009, GJ",-2786189,"mumbai.office@gujaratpolybutenes.com,mumbai.office@gujaratpolybutenes.com,",
Gras Impex Pvt Ltd,Companies(Private),Vadodara,"Office No 4&5, Parivar CHS, SV Road, Santacruz West, Mumbai 400054, MH","+91-22-26611051, +91-22-26611052",,
Gayatri Industries.,Companies(Private),Vadodara,"D-1, Shamila Building, Opposite Model Town, Mulund West, Mumbai 400080, MH","+91-22-21642743, +91-22-21643957",,
Fairmont Polymers India Pvt Ltd,Companies(Private),Vadodara,"Block No 4, 2nd Floor, Maher Building. Bajiprabhu Deshpande Road, Naupada, Thane 400602, MH","+91-22-25382851, +91-9323272139","csrajora@eyantra.net,siddharth@uniconfibro.com,csrajora@eyantra.net,",
Dibha Paints,Companies(Private),Vadodara,"J/6102/5, 4th Phase, GIDC, Vapi 396195, GJ",-2453270,"sales@dnsfine.com,sales@dnsexports.com,",
Deepak Polyplast Pvt Ltd,Companies(Private),Vadodara,"405, 4th Floor, Sur Mount, Opposite Iskon Temple, Ahmedabad 380015, GJ","+91-79-26860342, +91-79-26860443","devrubber@gmail.com,u003edevrubber@gmail.com,u003edevrubber@gmail.com,devrubber@gmail.com,devrubber@gmail.com,devrubber@gmail.com,n@gmail.com,",
Compack Pvt Ltd,Companies(Private),Vadodara,"208, GIDC, Waghodia 391760, GJ","+91-2668-262107, +91-2668-262108","doej@corning.com,appaswamy@owenscorning.com,malikk@corning.com,tejas.pandya@dowcorning.com,gullapudv@corning.com,sachin.a.gaikwad@owenscorning.com,appaswamy@owenscorning.com,x3edoej@corning.com,",
Chintan Rubber Industries,Companies(Private),Vadodara,"51, Chirag Diamond Estate, Memco Road, Bapunagar, Ahmedabad 380025, GJ",+91-79-22203189,"doe-j@chtindia.com,support@tofler.in,doe-j@chtindia.com,support@tofler.in,singh.vijay69@cht.gov.in,ankit.gangwal@cht.com,",
Chemdist Process Solutions,Companies(Private),Vadodara,"Plot No 4/2, PCNTDA, Opposite Vishweshwar Complex, Sector 10, Bhosari, Pune 411026, MH",+91-20-66301809,"tsindwani@gmail.com,xxxx@chemilac.com,doe-jane@chemilac.com,tsindwani@gmail.com,",
Chandras Chemical Enterprises Pvt Ltd (PC Chandra Group),Companies(Private),Vadodara,"P-35, CIT Road, Kolkata 700014, WB",+91-33-22656286,"info@chemetchemicals.comThis,chemetkolkata@chemetindia.com,mail@chemetchemicals.com,",
Chandan Industries,Companies(Private),Vadodara,"331/K1/A2/5, GIDC, Makarpura Industrial Estate, Vadodara 390010, GJ",+91-265-2640770,"accounts@chemdist.in,u003eaccounts@chemdist.in,u003eaccounts@chemdist.in,accounts@chemdist.in,",
Basell Polyolefins India Pvt Ltd,Companies(Private),Vadodara,"303/305, Delphi, B-Wing, Hiranandani Business Park, Powai, Mumbai 400076, MH",+91-22-67061111,"admin@belchem.com,u003eadmin@belchem.com,roc@miindia.in,u003eadmin@belchem.com,jobs@belchem.com,amit@belchem.com,x3eroc@miindia.in,",
Aquapharm Chemicals Pvt Ltd,Companies(Private),Vadodara,"12B, 9th & 10th Floor, Amar Synergy, Pune 411001, MH",+91-20-66090000,"premonit@bom7.vsn.net.in,umesh.nihalani@smera.in,info@ariesgroup.in,info@ariesgroup.in,ariesdye@hotmail.com,umesh.nihalani@smera.in,asiaticmahesh@gmail.com,info@ariesgroup.in,x3epremonit@bom7.vsn.net.in,",
Allied Global Plastics Pvt Ltd,Companies(Private),Vadodara,"A-218, Virwani Industrial Estate, Goregaon East, Mumbai 400063, MH","+91-22-29271162, +91-22-40212675","matin@alpschem.com,info@companydetails.in,aquaair_surat@hotmail.com,info@companydetails.in,aquaair_surat@hotmail.com,matin@alpschem.com,x3ematin@alpschem.com,",
Active Carbon India Pvt Ltd,Companies(Private),Vadodara,"House No 8-2-686/G-1/K-5, Kimtee Colony, Road No 12, Banjara Hills, Hyderabad 500034, TS","+91-40-23324884, +91-40-23324885","silicone@vsnl.net,adityaenterprises1178@gmail.com,x3esilicone@vsnl.net,",
Abhishek Impex,Companies(Private),Vadodara,"601-A, Amogh Building, Tejpal, Scheme 5, Sahakar Road, Vile Parle East, Mumbai 400057, MH",+91-22-26834689,"jane@active-carbon.net,info@active-carbon.net,info@active-carbon.net,",
Abhilash Chemicals Pvt Ltd,Companies(Private),Vadodara,"26-D, Ganesapuram, K Pudur, Madurai 625007, TN","+91-452-4369132, +91-452-4368132","acmesujan@gmail.com,acmesujan@gmail.com,acmesujan@gmail.com,acmesujan@gmail.com,",
ZEUS Law,Companies(Private),Vadodara,"2, Palam Marg, Vasant Vihar, New Delhi 110057, DL",+91-11-41733090,"sales@abcarterindia.com,accounts@abcarterindia.com,klp_abcorp@gmail.com,accounts@abcarterindia.com,may@catecegypt.com,xxxx@abcarterindia.com,sales@abcarterindia.com,klp_abcorp@gmail.com,accounts@abcarterindia.com,may@catecegypt.com,xxxx@abcarterindia.com,x3eaccounts@abcarterindia.com,",
UXL Consultants,Companies(Private),Vadodara,"198, 12, 1st Floor, Ramesh Market, New Delhi 110059, DL",+91-9911119344,"raaj_kgupta@yahoo.co.in,accounts@valeurhr.com,raaj_kgupta@yahoo.co.in,",
Transcend Consulting India Pvt Ltd,Companies(Private),Vadodara,"214, 604, 6th Floor, Raheja Centre, Nariman Point, Mumbai 400021, MH","+91-22-40024043, +91-22-40024044","sxxxxxxxb@trilegal.com,",
Talent Corner HR Services Pvt Ltd,Companies(Private),Vadodara,"308, Vodafone Showroom, Opposite Shreyas Cinema, Swastik Disa Corporate Park, L.B.S.Marg, Ghatkopar West, Mumbai 400086, MH",+91-22-42444002,"ramkumar.SANKARANARAYANAN@talentproindia.com,Jayakumar.HARIKRISHNAN@Talentproindia.com,info@mastersindia.co,",
Petras HR Consultancy Services,Companies(Private),Vadodara,"99-A, Velachery Main Road, Sembakkam, Chennai 600073, TN","+91-44-43324626, +91-44-43324627",,
Parekh & Co,Companies(Private),Vadodara,"Ballard House, Adi Marzban Path, Fort, Mumbai 400001, MH",+91-11-23311282,"info@paybharat.in,mark.samlal@payasia.asia,x3esrinivas.rao@payasia.asia,srinivas.rao@payasia.asia,",
OilMax Energy Pvt Ltd,Companies(Private),Vadodara,"3-A, Om Esquare, Chunabhatti Signal, Eastern Express Highway, Sion East, Mumbai 400022, MH",+91-22-42441100,"accounts@idmindia.com,rajiv.dutt@optimummanagementsolutions.in,x3eaccounts@idmindia.com,",
Nandini Consultancy Centre Pvt Ltd,Companies(Private),Vadodara,"60-M, 1-6 Cross Street, Besant Nagar, Chennai 600090, TN",+91-44-43511945,"wecare@in.nestle.com,harriet.mossop@in.ey.com,communication@in.nestle,investor@in.nestle.com,",
Manpower Bureau,Companies(Private),Vadodara,"23, 31-A, Tilak Nagar, New Delhi 110018, DL","+91-11-25994661, +91-9810239778",,
Manav Corporate Consultants,Companies(Private),Vadodara,"2, 18, Sita Park, Opposite ST Stand Exit Gate, Pune 411005, MH",+91-20-25512151,"smscst@gmail.com,info@manthanexperts.com,",
Macro Corporate Services Pvt Ltd,Companies(Private),Vadodara,"4, Samruddhi Venture Park MIDC, Andheri East, Mumbai 400093, MH",+91-22-61509800,,
L&T Infrastructure Engineering Ltd (L&T),Companies(Private),Vadodara,"3-D, 7-C, 5th Floor, Building 4th, Industrial Estate Guindy, Chennai 600032, TN",+91-44-22509999,"ashok@intellectsource.com,intellect@lawindia.com,",
iPrimed Education Solutions Pvt Ltd,Companies(Private),Vadodara,"62-B, Opposite Electronic City Post Office, Phase-1, Bangalore 560100, KA","+91-80-40941642, +91-80-65832406","manoj@istrat.co.in,manojgupta@yahoo.com,jd@istratsolutions.com,",
Hisolve Technology Pvt Ltd,Companies(Private),Vadodara,"312, 17, Jaya Nagar, Bangalore 560011, KA",+91-80-41502486,,
Hebaa Chanakya,Companies(Private),Vadodara,"8, 2, 3, 2nd Floor, Kowsikam Apartments, Unnamalai Amman Street, T Nagar, Chennai 600017, TN",+91-9025258755,"x3einfo@cibil.com,info@cibil.com,crifcare@crifhighmark.com,x3ecrifcare@crifhighmark.com,customerservice@crifhighmark.com,",
Dart Consulting Pvt Ltd,Companies(Private),Vadodara,"2, 3rd Floor, 27th Main Road, Sector-1, Bangalore, 560102, KA",+91-80-42247136,,
BBC Migration Consultants,Companies(Private),Vadodara,"502, 5th Floor, Makhija Arcade, Off Linking Road, Bandra West, Mumbai 400052, MH","+91-22-26059098, +91-22-67582786","accounts@bestinfosystems.co.in,secretariat@tatatinplate.com,jane.d@bestinfosystems.co.in,company.secretariat@tatatinplate.com,becpl76@gmail.com,",
AuthBridge Research Services Pvt Ltd,Companies(Private),Vadodara,"123, 2nd Floor, Phase IV, Udyog Vihar, Gurgaon 122016, HR",+91-124-4605700,"tushar@avtaar.me,",
Value Research India Pvt Ltd,Companies(Private),Vadodara,"5, DDA, Commercial Complex, Chitra Vihar, New Delhi 110092, DL",+91-11-22457916,"viswanathan@vedacorp.com,jane@vedacorp.com,accounts06@gmail.com,",
Vaishya Sahakari Bank Ltd,Companies(Private),Vadodara,"25-A, Adhyaru Industrial Premises, SJ Marg, 3/A, Sunmill Compound, Lower Parel West, Mumbai 400013, MH","+91-22-24960302, +91-22-24960303","vck.cs123@gmail.com,cs123@gmail.com,",
United Bank Of India,Companies(Private),Vadodara,"United Bank of India Building, 5th Floor, 11, Hemanta Basu Sarani, Kolkata 700001, WB","1800-345-0345, +91-33-22487523, +91-33-22625003","John.Smith@utiitsl.com,shashi.ranjan@utiitsl.com,madhuri.more@utiitsl.com,u003emadhuri.more@utiitsl.com,last@utiitsl.com,",
Markit India Services Pvt Ltd,Companies(Private),Vadodara,"7th And 8th Floor, Tower B, DLF Cyber Greens, Phase 3, DLF Cyber City, Gurgaon 122010, HR",+91-124-6696610,"xxxx@markit.com,vadodara@linkintime.co.in,info@plindia.com,corpsec.india@ihsmarkit.com,hr@adani.in,",
Margadarsi Chit Fund Pvt Ltd (Ramoji ),Companies(Private),Vadodara,"Margadarsi House, 5-10-195, Opposite Police Control Room, Fatehmaiden Road, Nampally, Hyderabad 500004, TS","+91-40-23442160, +91-9701450150, +91-9701556656","x3efinal-accounts@mail.margadarsi.com,final-accounts@mail.margadarsi.com,enrol@margadarsi.com,",
M S N Securities Pvt Ltd,Companies(Private),Vadodara,"108, Veena Chambers, Dalal Street, Fort, Mumbai 400001, MH",+91-22-66356300,"mehrab@msnsecurities.com,gvk1hyd@gmail.com,",
JHP Securities Pvt Ltd,Companies(Private),Vadodara,"201B, Dev Neo Vikram, Sahakar Nagar, Above Audi Car Showroom, New Link Road, Andheri West, Mumbai 400053, MH",+91-22-40824242,"hello@jhpsecurities.com,cdsl@jaypeecapital.com,jspl.jhp@jhpsecurities.com,",
Fortune InterFinance Ltd,Companies(Private),Vadodara,"19, British Indian Street, Flat 2 & 3, Kolkata 700069, WB",+91-33-22101152,"fifl.1994@yahoo.com,unitedfortuneltd@yahoo.in,subhendu@ascarbon.com,fortunefiscal@yahoo.co.in,Rekha.srivastava2016@gmail.com,",
A C Choksi Share Brokers Pvt Ltd,Companies(Private),Vadodara,"2nd Floor, ITTS House, 33 Shree Saibaba Marg, Kalaghoda, Fort, Mumbai 400001, MH","+91-22-22044000, +91-22-61595100","depository@acchoksi.com,acchoksi@acchoksi.com,u003eacchoksi@acchoksi.com,account@acchoksi.com,",
Bharat Re- Insurance Brokers Pvt Ltd,Companies(Private),Vadodara,"New 6, Old 12, Poes Road, Tenumpet, Chennai 600018, TN",+91-44-43418700,"jxxxxa@bharatre.in,support@bharatre.in,x22sridharbroker@yahoo.co.in,sridharbroker@yahoo.co.in,x3esridharbroker@yahoo.co.in,",
Clinigene International Ltd,Companies(Private),Vadodara,,,"kiran.kumar@biocon.com,productqueries@cipla.com,",
