Name,Sector,City,Address,Phone,Email,Lat-Long
Webmite Technologies,Companies(Private),Jaipur,,,"x22SANJEEV08G@GMAIL.COM,,mail@oswaldata.com,SANJEEV08G@GMAIL.COM,x3eSANJEEV08G@GMAIL.COM,manager@achariyagroup.com,enquiries@sandhar.in,info@achariyagroup.com,",
Agacs Pvt Ltd,Companies(Private),Jaipur,"501, 5th Floor, Sai Tirumala Towers, Hyderguda – Basheerbagh Main Road, Hyderabad 500029,TL","+91-9505000900, +91-8801571290",",info@agacs.in,",
Nana Nani Foundation,Companies(Private),Jaipur,"324, A To Z Estate, Ganpatrao Kadam Marg, Lower Parel, Mumbai 400013, MH",+91-22-40358585,",SKJAT8@GMAIL.COM,",
Brrandom,Companies(Private),Jaipur,"Suit No. 807, Aurora Waterfront, GN 34/1, Sector V, Bidhannagar, Kolkata 700091,WB",+91-3348026785,",hello@brrandom.com,",
Ananda Dairy,Companies(Private),Jaipur,"H-112, Sector - 63, Noida 201301, UP",+91-9582775555,",x3esupport@Ananda.in,",
Brand Drums,Companies(Private),Jaipur,"Gulab Bagh Road ,Udaipur, Rajasthan313001",+91-8619995065,",corporate@ctr.in,info@vtransgroup.com,",
Torso Healthcare,Companies(Private),Jaipur,"SCO 251, Second Floor, Motia Plaza, Baddi, Himachal Pradesh 173205",+91-9996088990,"dryftpocalypse@gmail.com,,enquiryaanch@gmail.com,",
New Era Education,Companies(Private),Jaipur,"26-A/304, Akashdeep Building, 3rd Floor, Barakhamba Road, Connaught Place, New Delhi 110001, DL","+91-9311412277, +91-9870330433",",info@neweratech.in,gsomanicompany@rediffmail.com,",
Infinitybrains,Companies(Private),Jaipur,"408, Luxuria Business Hub, Near VR Mall, Vesu, Surat 395007, GJ",+91-9426734485,,
AdStyle,Companies(Private),Jaipur,"2255, Glades Road, Boca Raton, Florida 33431, USA",,"adg.hghq.rj@RAJASTHAN.GOV.IN,,dcg1.hghq.rj@RAJASTHAN.GOV.IN,dg.hghq.rj@RAJASTHAN.GOV.IN,",
Jaipur Global Services,Companies(Private),Jaipur,"80-A, Rameswar Dham, Murlipura, Jaipur 302039, RJ",+91-8829984007,"sales@jgservices.in,,business@jgservices.in,",
Ruia Agro Farms,Companies(Private),Jaipur,"101, Kedia Chambers, Opposite Bank Of Baroda, S.V. Road, Malad West, Mumbai 400064, MH",+91-8828824450,",email-enquiryruiaagrofarms@gmail.com,sagarwal1978@rediffmail.com,",
Magnum Switchgear,Companies(Private),Jaipur,"40, 2, Pete Chenappa Industrial Estate, Kamakshipalya, Magadi Road, Bangalore 560079, KA",+91-80-23580952,",mail@grandpolycoats.com,",
Macro Powertech India Pvt Ltd,Companies(Private),Jaipur,"505, 5, Laxmideep Building Laxmi Nagar, New Delhi 110092, DL",+91-11-42448101,",JAINRAHUL07@GMAIL.COM,info@macropowertech.in,",
JSK Industries Pvt Ltd,Companies(Private),Jaipur,"9, A. K. Naik Marg, Cst, Mumbai 400001, MH",+91-22-66253700,",jsk@jskindia.in,x3ejsk@jskindia.in,",
JRK Industries Pvt Ltd,Companies(Private),Jaipur,"203-B, 9, V.K.I. Area, Jaipur 302013, RJ",+91-141-2330504,",support@jrkindustries.com,jrkindustries@gmail.com,98290-16235_support@jrkindustries.com,ram@jrkindustries.com,",
JMV LPS Ltd,Companies(Private),Jaipur,"50-W, Sector-11, Noida 201301, UP",+91-120-4590000,",info@jmv.co.in,x3einfo@jmv.co.in,",
Insulators & Electricals Company (Unit of Hindustan Vidyut Products Ltd),Companies(Private),Jaipur,"1-8, 1, New Industrial Area, Mandideep 462046, MP",+91-7480-400800,,
Hical Technologies Pvt Ltd,Companies(Private),Jaipur,"46, 47, Electronics City, Phase 2, Hosur Road, Bangalore 560100, KA",+91-80-66189681,",d-jane@hical.com,Chainsupplychain@hical.com,sujaya.shashikiran@hical.com,",
GEM Manufacturers Pvt Ltd,Companies(Private),Jaipur,"23, 24, Textool Feeder Industrial Estate Ganapathy, Coimbatore 641006, TN",+91-422-2531687,",gm@gemplaza.net,gcepl123@yahoo.com,mail@gemplaza.net,gem@gemelectro.com,akshitgokhroo0@gmail.com,akshitgokhroo@gmail.com,",
Garg Associates Pvt Ltd,Companies(Private),Jaipur,"3-D, Meerut Road Industrial Area 3, Ghaziabad 201003, UP",+91-120-2712128,",sales@gargasso.com,",
Emkay Enterprises,Companies(Private),Jaipur,"3, 4-A, Near Turkmaan Gate Asaf Ali Road, New Delhi 110002, DL",+91-11-23251111,"fcavijaysubhash@gmail.com,,officeworkjaipur@gmail.com,enkaymedicare001@gmail.com,",
Elematec Trading India Pvt Ltd,Companies(Private),Jaipur,"601, 6, Prestige Meridian 1,No.29 M.G Road, Bangalore 560001, KA",+91-80-40935645,",jd@elematec.com,",
Dynatron Electronics Pvt Ltd,Companies(Private),Jaipur,"54-A, Jyoti Estate, Grant Road 400007, MH",+91-22-23891336,"info@dynatron.in,,d_jane@dynatron.co.in,",
Dark Eye (Muskaan Safety Solutions Pvt Ltd),Companies(Private),Jaipur,"3, Masjid Road, Jangpura, New Delhi 110014, DL","+91-11-24375332, +91-11-24375335",",tpmldh@tpmindia.com,",
Century Rubber and Cables Industries,Companies(Private),Jaipur,"2-G, Jay Vailankanni industrial Estate, tirupati Gas Godown, Bhayander, Mumbai 401105, MH",+91-22-28147776,,
BioEnable Technologies Pvt Ltd,Companies(Private),Jaipur,"203, 2nd Level Cyber City, Tower S4, Magarpatta City, Hadapsar, Pune 411013, MH",+91-20-66813680,",support@bioenabletech.com,doejane@bioenabletech.com,John@bioenabletech.com,first@bioenabletech.com,sales@bioenabletech.com,",
Anand Arc Ltd,Companies(Private),Jaipur,"701, Trade Center Bandra Kurla Complex(BKC), Bandra, Mumbai 400051, MH",+91-22-42688484,",Email-shivam2019321@outlook.com,shivam2019321@outlook.com,",
Airborn International Ltd,Companies(Private),Jaipur,"Concorde Towers, Level 15, UB City, Bangalore 560001, KA",+91-80-09008748628,",albatrossmrn@gmail.com,ENVACARELABORATORY@GMAIL.COM,info@airbornerecruiting.com,HR@airbornint.com,",
Welfit Garments Mfg Co,Companies(Private),Jaipur,"114, 2nd Floor, Chittaranjan Avenue, Kolkata 700073, WB","+91-33-22199911, +91-33-22413740","info@vinayak.biz,,shubhamoverseas1@gmail.com,",
Vinson Exports,Companies(Private),Jaipur,"174, Industrial Estate, Patparganj, New Delhi 110092, DL",+91-9811603288,",chandanfashions@yahoo.co.in,jamil.78663@gmail.com,vinod.vahinipati@vinsonlogistics.com,jamiinfratech@gmail.com,",
Tantra Universe,Companies(Private),Jaipur,"73, Mittal Towers, A Wing, Nariman Point, Mumbai 400021, MH","+91-22-66314533, +91-22-22826019",,
Sonu Handicrafts,Companies(Private),Jaipur,"72-B, Pal Link Road, Dev Nagar, Jodhpur 342001, RJ",+91-291-2715204,",sharma.megha303@gmail.com,info@bagmaker.in,rphandicrafts@yahoo.co,privainternational@gmail.com,",
"Shiva Enterprises, Bangalore",Companies(Private),Jaipur,"1059, 1st Stage, 2nd Phase, Mehta Industrial Complex, Triveni Road, Bangalore 560054, KA",+91-80-41219588,,
Saratoga Tex Pvt Ltd,Companies(Private),Jaipur,"5/10, Alex Gardens, Rakkiyapalayam Pirivu, Kangeyam Road, Tirupur 641606, TN","+91-421-2421607, +91-421-2423607",",tandcoroc@gmail.com,contact@saratexports.com,accounts@saratogatex.com,",
Real Innerspring Technologies Pvt Ltd,Companies(Private),Jaipur,"B-7, Sector 3, Noida 201301, UP",+91-120-4737700,",accounts@kingkoil.in,ACCOUNTS@REALINNERSPRING.COM,",
Rateria Fabrics Pvt Ltd,Companies(Private),Jaipur,"RZK-161, Mahipalpur, New Delhi 110037, DL","+91-11-41687402, +91-11-41687403","kapil@rateria.com,accounts.mgr@rateria.com,rugsnriches.suresh@gmail.com,,",
Pratap Synthetics Ltd,Companies(Private),Jaipur,"15-A, 5th Floor, Continental Chambers Hemanta, Basu Sar, Kolkata 700001, WB",+91-33-66141200,",Info@pratap.co.in,cs@pratap.co.in,Email-brotherminerals2023@gmail.com,girdharplastic@yahoo.com,x3ecs@pratap.co.in,",
Pooja Clothing Pvt Ltd,Companies(Private),Jaipur,"83, Vishal Industrial Estate, Bhandup Village Road, Bhandup West, Mumbai 400078, MH",+91-22-25661251,",aditya@poojaclothing.com,",
Pazel International Ltd,Companies(Private),Jaipur,"223, 2nd Floor, Natraj Market, SV Road, Malad West, Mumbai 400064, MH",+91-22-28449591,",rutron1980@gmail.com,1980@gmail.com,",
Pacific Garments Pvt Ltd,Companies(Private),Jaipur,"D-41, Hosiery Complex, Phase 2, Noida 201305, UP",+91-120-4720000,",logistic@pacificgarments.com,pacific@pacificgarments.com,pradeep.kumar@careratings.com,achin.nirwani@careratings.com,ombalaji@vsnl.com,cheersagar@cheersagar.com,jitendragoyalcs@hotmail.com,",
Pachrangi Silk & Sarees,Companies(Private),Jaipur,"263-64, Johari Bazar, Jaipur 302003, RJ",+91-141-2562004,,
OM International.,Companies(Private),Jaipur,"D-89, Sector 2, Noida 201301, UP",+91-120-4263422,",sygniusship@gmail.com,crewing@sygniusship.com,care@choiceindia.com,eksambekars@kecrpg.com,feedback.jai@adani.com,",
APM Industries Ltd (Orient Syntex Ltd),Companies(Private),Jaipur,"910, Chiranjiv Tower, 43, Nehru Place, New Delhi 110019, DL","+91-11-26441015, +91-11-26441017",",n@yahoo.in,csapmindustriesltd@gmail.com,bhiwadi@apmindustries.co.in,meerut@apmindustries.co.in,",
Mukesh Udyog Ltd,Companies(Private),Jaipur,"Near Kohara, Bhudhewal Road, Ludhiana 141112, PB",+91-161-2843425,",mukeshgupta14616@gmail.com,mukeshgarg@riico.co.in,mukeshjaipur27@gmail.com,ncd.itax@gmail.com,",
M P Creation,Companies(Private),Jaipur,"67-C, Angeripalayam Road, Gandhi Nagar, Tirupur 641603, TN","+91-421-2470238, +91-421-2470239",",Ranveersingh.doit@rajasthan.gov.in,unit@birlacorp.com,rlsolanki@rajasthan.gov.in,rang.creationspvt@gmail.com,",
Kuldeep Labels Pvt Ltd,Companies(Private),Jaipur,"B-11, Industrial Area Phase 2, Mayapuri, New Delhi 110064, DL",+91-11-28113915,",kuldeeplabelspvtltd@gmail.com,",
Kishore Industries,Companies(Private),Jaipur,"28/30, Opposite 3rd Khetwadi, Khetwadi Back Road, Grant Road, Khetwadi, Mumbai 400004, MH","+91-22-66394565, +91-9820874881",",kamalbaid9@gmail.com,kishore@surajmetal.com,VINOD-FCA@HOTMAIL.COM,jkvpbkn@yahoo.com,",
Katare Spinnings Mills Ltd,Companies(Private),Jaipur,"259, KAMALA, Sakhar Peth, Solapur 413005, MH","+91-217-2623981, +91-217-2627697",",katarespinningmills.@gmail.com,katarespinningmills@gmail.com,",
Kasba Indi Arts,Companies(Private),Jaipur,"217, Gom Defence Colony, Vaishali Nagar, Jaipur 302021, RJ",+91-141-5123514,",kasbaindiarts@gmail.com,babita.ahlawat2@gmail.com,u003ebabita.ahlawat2@gmail.com,sumit23@indiamart.com,",
Jamnadas International,Companies(Private),Jaipur,"12/A, Room 208, Lord Sinha Road, Kolkata 700071, WB",+91-33-22829629,"crcimpex@gmail.com,,mail@jamnadas.in,",
Hiltex Indusrtial Fabrics Pvt Ltd,Companies(Private),Jaipur,"26/50, Birhana Road, Kanpur 208001, UP",+91-512-2365632,"hiltexfabrics@gmail.com,,info@hiltexoverseas.com,ratingdesk@smera.in,",
Gopal & Company,Companies(Private),Jaipur,"55/111, Seth Market, General Ganj, Kanpur 208001, UP","+91-512-2364600, +91-512-3912600",,
Gem Spinners India Ltd,Companies(Private),Jaipur,"78, Cathedral Road, Chennai 600086, TN",+91-44-28115190,",info@rubbabu.com,investor@cameoindia.com,info@mkexim.com,sales@gemspin.com,accounts@gemspin.com,",
Gangai Garments,Companies(Private),Jaipur,"217/1, Gangai Gardens, Kovilipalayam Road, Sirupooluvapatti, Tirupur 641603, TN",+91-421-2236066,",samarth@textilestock.in,pragadeesh@dedica.in,",
Ennar Spinning Mills Pvt Ltd,Companies(Private),Jaipur,"307, Sathy Main Road, Kadathur, Pudur, Coimbatore 641107, TN","+91-422-2654544, +91-422-2654266",",ennar_kpk@yahoo.co.in,",
Desire,Companies(Private),Jaipur,"3-105, 1st Floor, Opposite To HP Petrol Bunk, Cross Road, Bal Nagar, Hyderabad 500037, TS",+91-8686322006,",vibhorgulati8@gmail.com,gkgupta@desireenergy.com,info@mastersindia.co,",
Chendur Dress Manufacturers Pvt Ltd,Companies(Private),Jaipur,"W-429, MIDC, TTC Industrial Area, Rabale, Mumbai 400701, MH",+91-22-27698543,",ca_rshah@hotmail.com,",
Cheer Sagar Exports,Companies(Private),Jaipur,"G-171-173, EPIP Garment Zone, Sitapura, Jaipur 302022, RJ",+91-141-4094200,",it@cheersagarexports.com,cheersagar@cheersagar.com,MUKESHBGOYAL@GMAIL.COM,",
Bhupendra & Brothers Machinery Pvt Ltd,Companies(Private),Jaipur,"58, Swaminarayan Godown, Outside Dariapur Gate, Shahibagh, Ahmedabad 380004, GJ",+91-79-22165379,",upbjppradeshadhyaksh@gmail.com,",
Asm Industries India Pvt Ltd,Companies(Private),Jaipur,"5B/285, Sanjay Building, Mittal Industrial Estate Andheri, Kurla Road, Andheri East, Mumbai 400059, MH",+91-22-42900000,",ca@asmindustries.co.in,",
Akhilam International,Companies(Private),Jaipur,"Shop No 5/6, Sunlight Plazza, Pedak Road, Ranchod Nagar, Rajkot 360003, GJ",+91-281-6557278,",psa.hghq.rj@RAJASTHAN.GOV.IN,",
Ahaan Exports,Companies(Private),Jaipur,"F-126, Basement, Lajpat Nagar 1, New Delhi 110024, DL",+91-11-29810620,",roshan_jaipur@live.com,shubhamoverseas1@gmail.com,gargsonsexportsindia@gmail.com,ahaanexports@gmail.com,",
Valiant Glassworks Pvt Ltd,Companies(Private),Jaipur,"384-M, 5th Floor, Dhabolkar Wadi, Kalbadevi Road, Kalbadevi, Mumbai 400002, MH","+91-22-40542222, +91-22-40542202","Arunava.Paul@careratings.com,,pulkit.agarwal@careratings.com,sales@valiantindia.com,valiantgwpl@gmail.com,info@LawyerServices.in,",
Ultimate Industries Ltd,Companies(Private),Jaipur,"E-260, Greater Kailash 2, New Delhi 110048, DL",+91-9873504252,,
Tarpaulins India,Companies(Private),Jaipur,"86, Near Madhavaram Fly Over, GNT Road, Ponniamman Medu, Chennai 600110, TN","+91-44-25510332, +91-9444480335","info@mkexim.com,,info@jaipurplastopack.com,info@onecertinternational.com,",
Suryaamba Spinning Mills Ltd,Companies(Private),Jaipur,"A-101, Kanha Apartment, Chhaoni Katol Road, Nagpur 440013, MH","+91-712-2591072, +91-712-2591406",",samba.ngp@gmail.com,suryaudayspinningmills@yahoo.com,pujit@suryaamba.com,einward.ris@karvy.com,jane@suryaamba.com,",
STI India Ltd,Companies(Private),Jaipur,"Rau-Pithampur Link Road, Tehsil Mhow, Indore 453332, MP","+91-731-4014400, +91-731-4020000",",tax.jaipur@relyonsoft.com,n.mg@rajasthan.gov.in,payroll.jaipur@relyonsoft.com,mg@rajasthan.gov,reservations@ihcltata.com,Emailinfo@vtransgroup.com,srinivas.an@stl.tech,",
Soundararaja Mills Ltd,Companies(Private),Jaipur,"Soundararaja Buildings, GTN, Salai, Dindigul 624005, TN",+91-451-2430104,",mandavait@gmail.com,csplslm@gmail.com,parasrampuria@gmail.com,subramanian.m@soundararaja.com,srmaccounts@soundararaja.com,",
Anugraha Fashion Mill Pvt Ltd,Companies(Private),Jaipur,"15, ABT Road, Suriyan Nagar, Karuvampalayam, Tirupur 641604, TN",+91-421-4301500,",info@anugrahafashion.com,",
Shree Ceramic Fibers Pvt Ltd,Companies(Private),Jaipur,"417, Prem Trade Centre, Maharani Road, Indore 452007, MP",+91-731-4078752,",info@shreecera.com,",
Shree Dayal Exports,Companies(Private),Jaipur,"Plot No 212, 80 Feet Road, Mahesh Nagar, Gopal Pura Mode, Jaipur 302018, RJ",+91-141-2621612,"shreedayalexpo@yahoo.com,,accounts@shreedayalexports.com,info@shreedayalexports.com,",
Shahem Designers Pvt Ltd,Companies(Private),Jaipur,"37-B, Raja Park, Ambala 133001, HR","+91-9253060001, +91-9215222210",",info@shahemdesigners.com,",
Sarla Handicrafts Pvt Ltd,Companies(Private),Jaipur,"Flora Chowk, Sector 29, Panipat 132103, HR","+91-180-2660646, +91-180-2663646",",amit@sarlahandicrafts.com,jane-doe@sarlahandicrafts.com,cakanwardeepsingh@gmail.com,",
Reliance Chemotex Industries Ltd,Companies(Private),Jaipur,"73, Kanpur, Udaipur 313003, RJ","+91-294-2491490, +91-294-2490488",",u003ecs@reliancechemotex.com,mumbai@reliancechemotex.com,cs@reliancechemotex.com,udalpur@rellancechemotex.com,cs.vmanda@gmail.com,",
Rajkamal Synthetics Ltd,Companies(Private),Jaipur,"391, 4th Floor, Diamond Plaza, DB Marg, Girgaon, Mumbai 400004, MH",+91-22-23861672,"rajkamalsynthetics@gmail.com,,",
Anglo French Textiles (Unit Of PTC Ltd),Companies(Private),Jaipur,"Mudaliarpet, Puducherry 605004, PY","+91-413-2358951, +91-413-2358958",",sales@LawyerServices.in,info@LawyerServices.in,info@vijaytextiles.in,",
Pradip Overseas Ltd,Companies(Private),Jaipur,"601/603, Narnarayan Complex, Navrangpura, Ahmedabad 380009, GJ",+91-79-26560630,",exim@pradipoverseas.com,nigam@pradipoverseas.com,investor@pradipoverseas.com,",
Parthas Textiles,Companies(Private),Jaipur,"1774, MG Road, Ernakulam 682016, KL",+91-484-2374175,",sales@LawyerServices.in,info@LawyerServices.in,anup.gupta@paayasmilk.com,",
Malar Export,Companies(Private),Jaipur,"6, Senthilkumar Street, Near Konganagiri Kovil Street, College Road, Odakkadu, Tirupur 641602, TN",+91-421-2231745,",info@malaniimpexinc.com,malani@malaniimpexinc.com,anil@malaniimpexinc.com,a1greens.india@gmail.com,",
Karnataka State Handicrafts Development Corporation Ltd (Cauvery),Companies(Private),Jaipur,"45, KSHD Ltd Complex, MG Road, Bangalore 560001, KA",+91-80-25581187,",md@cauveryhandicrafts.net,info@cauverycrafts.com,",
Kannan Garments,Companies(Private),Jaipur,"712, Near 60 feet, EB Nagar, Velliangadu, Tirupur 641608, TN",+91-421-2253542,"uma@kannangarments.in,info@vishnuclothing.in,,vidhya9kannan@gmail.com,exim@kgfabrics.com,hrm@rbrindia.com,",
Alps Industries Ltd,Companies(Private),Jaipur,"57/2, Site 4, Industrial Area, Sahibabad, Ghaziabad 201007, UP",+91-120-4161700,",x3eajaygupta@alpsindustries.com,customercare@alpsindustries.com,ajaygupta@alpsindustries.com,",
K. Mohan & Company Exports Pvt Ltd,Companies(Private),Jaipur,"B1, 62/5, 2nd Cross, Begur Road, Bommanahalli, Bangalore 560068, KA","+91-80-41967110, +91-80-41967111",,
Alok Industries Ltd,Companies(Private),Jaipur,"Peninsula Business Park, Ganpatrao Kadam Marg, Lower Parel, Mumbai 400013, MH","+91-22-61787000, +91-22-24996200",",John.Smith@alokind.com,rights@ffsil.com,jane@alokind.com,x3einvestor.relations@alokind.com,investor.relations@alokind.com,alok.rights@ffsil.com,",
Enjoy Textiles India Pvt Ltd,Companies(Private),Jaipur,"29/A, Angeripalayam Road, Tirupur 641603, TN","+91-421-2478480, +91-9843010324",",vhktex@yahoo.co.in,info@skytextiles.in,info@jaipurfabric.com,kbs@enjoytex.com,x3evhktex@yahoo.co.in,x3einfo@skytextiles.in,",
DFABS,Companies(Private),Jaipur,"Site No 10-13, Tip Top Buildings, Ramasamy Muthammal ST, Palladam Road, Tirupur 641604, TN",+91-421-4544429,",karthik@dfabs.in,seve0907@gmail.com,santosh.pillai@solvay.com,info@indiasinvitation.com,hr@dfabs.in,jaipur@rajasthan-travel-guide.com,dharaniyarn@eth.net,",
Deenu International,Companies(Private),Jaipur,"79/22-B-4, Easwaramoorthy Gounder Layout, Samundipuram East, Gandhi Nagar, Tirupur 641603, TN","+91-421-2481570, +91-421-2470568",",apurva@360mediasolutions.co.in,gwaplants@gmail.com,Hr.deenu@gmail.com,",
Chinar Syntex Ltd,Companies(Private),Jaipur,"13/21, Industrial Area, Bhiwani 127021, HR",+91-9812542932,",keshav_singh@welspun.com,cgssyntex@gmail.com,accounts@chinarfabrics.com,amd@arvind.in,",
Chemtex Technologies Pvt Ltd,Companies(Private),Jaipur,"D-1/25, 2nd Floor, Janakpuri, New Delhi 110058, DL",+91-11-28525801,",anmol@mubychem.com,info@chemtexltd.com,aravalichemtex@gmail.com,",
Bipin Exports,Companies(Private),Jaipur,"20, SNVS Layout, Kongu Main Road, Tirupur 641607, TN","+91-421-2220213, +91-421-2220269",",b9608411698@gmail.com,jsnagrifoods@gmail.com,marutiexports@yahoo.co,mkchopra269@gmail.com,navkraft@hotmail.com,",
Bhilosa Industries Pvt Ltd,Companies(Private),Jaipur,"3rd Floor, Bakhtawar, Opposite Oberoi Hotel, Nariman Point, Mumbai 400021, MH","+91-22-22838611, +91-22-22838612",",xx@bhilosa.com,info@bhilosa.com,murtuza.patrawala@careratings.com,last_initial@bhilosa.com,kunalb.shah@careratings.com,",
Sarda Plywood Industries Ltd,Companies(Private),Jaipur,"113, 4th Floor, North Block, Park Street, Kolkata 700016, WB",+91-33-22652274,"corp@duroply.com,,jtchaurasia2@gmail.com,komal.desai@duroply.com,",
Ebco Pvt Ltd,Companies(Private),Jaipur,"402/403, Hyde Park, Saki Vihar Road, Andheri East, Mumbai 400072, MH","+91-22-67837777, +91-22-67837700",",rfagpesales@gmail.com,patna.taraenterprises@gmail.com,marketing@shreejeeshardware.in,info@ebco.in,csc@ebco.in,sales@ramsfittings.com,marketing@ebco.in,help@ebco.in,",
DIVINE CHAIRS Pvt Ltd,Companies(Private),Jaipur,"A-165, TTC Industrial Estate, MIDC, Kopar Khairane, Navi Mumbai 400705, MH",+91-22-27783085,",info.divinechairs@gmaul.com,info@divinedhairs.com,rishabkothari@gmail.com,sundarmayavan@gmail.com,",
Artisan Furnishings Pvt Ltd,Companies(Private),Jaipur,"C-143, Lajpat Nagar 1, New Delhi 110024, DL",+91-11-41749046,",anamika.chaudhary@jif.co.in,suprinttextiles@gmail.co,ramakant.sharma13@gmail.com,",
Alsha Hotel Supplies Pvt Ltd,Companies(Private),Jaipur,"3, Peters Road, Royapetteh, Chennai 600014, TN",+91-44-28133439,",Omkarplastic89sps@Gmail.Com,mspcooffice@gmail.com,accounts@alshahotelsupplies.com,enquiry@alshahotelsupplies.com,",
Rural Electrification Corporation Ltd,Companies(Private),Jaipur,"4, SCOPE Complex, 7, Lodhi Road, New Delhi 110003, DL",+91-11-43091500,",pojammu@recl.nic.in,cire@recl.nic.in,reccorp@recl.nic.in,bond.helpdesk@linkintime.co.in,ajit.patankar@linkintime.co.in,",
RCB Business Solutions Pvt Ltd,Companies(Private),Jaipur,"85, 3, Karpaga Nagar, Selaiyur, Chennai 600073, TN",+91-44-22291099,",rcbshila@gmail.com,",
Rapowergen Engineers Pvt Ltd,Companies(Private),Jaipur,"53, 3, Shree Chambers, Nettkallappa Circle, Basavanagudi, Bangalore 560004, KA",+91-80-26622769,,
Rajasthan Renewable Energy Corporation Ltd,Companies(Private),Jaipur,"166-E, Yudhishthir Marg, Scheme C, Jaipur 302005, RJ",+91-141-2225859,",rrec2016@gmail.com,gmec.rrecl@rajasthan.gov.in,u003errec2016@gmail.com,",
Rajasthan Rajya Vidyut Utpadan Nigam Ltd,Companies(Private),Jaipur,"Jaipur Rajasthn Rajya Vidyut Utpadan Nigam Limited, vidyut Bhawan, Jyoti Nagar, Janpath, Jaipur 302005, RJ",+91-141-2740692,",u003ecs@rrvun.com,hrd@rrvun.com,comp.sec@rvpn.co.in,E-mail.hrd@rrvun.com,x3ecomp.sec@rvpn.co.in,cs@rrvun.com,",
Jammu & Kashmir State Power Development Corporation Ltd,Companies(Private),Jaipur,"Exihibition Road, Srinagar 190001, JK",+91-194-9419010630,,
Imergy Power Systems India Pvt Ltd,Companies(Private),Jaipur,"732-D, Pace City, Sector 37, Gurgaon 122001, HR",+91-124-3998555,"sgupta@santo.in,,Vitastaenviro@Hotmail.Com,n-Vitastaenviro@Hotmail.Com,",
Germinal Power Technologies Pvt Ltd,Companies(Private),Jaipur,"118, 1, J P House, Shahpur Jat, Khelgaon, New Delhi 110049, DL",+91-11-46088962,,
Ajmer Vidyut Vitran Nigam Ltd,Companies(Private),Jaipur,"Makarwali Road, Panchsheel Nagar, Ajmer 305004, RJ",+91-145-2644551,",sraoiacorp.avvnl@gmail.com,eproc@rajasthan.gov.in,csavvnl@gmail.com,u003ecsavvnl@gmail.com,",
Sushi Junction (Tomato Pvt Ltd),Companies(Private),Jaipur,"628, Udyog Vihar, Phase 5, Gurgaon 122001, HR",+91-124-4251950,",hnzemarai@gmail.com,",
Supermarket Grocery Supplies Pvt Ltd (BigBasket.com).,Companies(Private),Jaipur,"7/1, 1st Floor, Above HDFC Bank, 1st Main, Domlur 2nd Stage, Off 100 Feet Road, Indiranagar, Bangalore 560071, KA",+91-80-33551000,",sneha.singh2@bigbasket.com,customerservice@bigbasket.com,vipul@bigbasket.com,",
Siddharth Enterprises,Companies(Private),Jaipur,"596, Mogappair Eri Scheme, Near Banyan, 15th Cross Street, Chennai 600037, TN",+91-44-26533407,",support@siddharthnozzles.com,sujithn81@gmail.com,x3esujithn81@gmail.com,",
Kazo Fashion Ltd,Companies(Private),Jaipur,"A-5, Sector 64, Noida 201301, UP",+91-120-4200100,",customercare@kazo.com,",
Chermas Exquisite Ltd,Companies(Private),Jaipur,"5-8-341, Shanti Niketan Apartment, Chiragali Lane, Hyderabad 500001, TS","+91-40-23204221, +91-40-23202045",",tchandrareddy@yahoo.com,chermas@eth.net,chermasindiaofficial@gmail.com,mukesh_shivlani@yahoo.com,",
Butta Group (Butta),Companies(Private),Jaipur,"Butta House, 2nd Floor, 4/14, Khanamet, Madhapur, Hyderabad 500081, TS","+91-40-49149736, +91-40-23119259",,
Rajasthan Herbals International Pvt Ltd,Companies(Private),Jaipur,"A-102, Sani Apartment, S V Road, Jogeshwari West, Mumbai 400102, MH",,"rajasthan_aushdhalaya@yahoo.com,,factoryrhi@hotmail.com,",
Cryo-Save India Pvt Ltd,Companies(Private),Jaipur,"183, Gayatri Tech Park, Road 1-B, EPIP, Whitefield, Bengaluru 560066, KA",,",palani.k@cryosave.in,",
Candor Biotech Ltd,Companies(Private),Jaipur,"SCO 66, Sector 32-C, Chandigarh 160032, CH",,"jaipurshivam@gmail.com,,avnish61@hotmail.com,lionkcbansal@gmail.com,",
Amoli Organics Pvt Ltd,Companies(Private),Jaipur,"407, Dalamal House, J B Road, Nariman Point, Mumbai 400021, MH",,"x3eheenal.shah@amoliindia.com,,last@amoliindia.com,John.Smith@amoliindia.com,",
Yashaswi Fishmeal and Oil Company,Companies(Private),Jaipur,"9-184B, Pithrody, Udyavara, Udupi 574118, KA",+91-820-2533720,",email@ekopro.in,info@fishmealoil.com,yasmarieinc@gmail.com,yashfishmeal@yahoo.co.in,eia@ekopro.in,",
Uniquebrew Cafe,Companies(Private),Jaipur,"1st Floor, Sai Darbaar Residency, Beside Budhiya Building, Navsari 396445, GJ","+91-2637-611745, +91-9825775575",",ed@khil.com,",
Supreme Plasto Containers,Companies(Private),Jaipur,"101/102, 2nd Link Street, Nehru Nagar, Kottivakkam, Chennai 600041, TN","+91-44-24540077, +91-44-24540066",",Mail@Shalimarpack.Com,supremeplasto@gmail.com,",
SitaShree Food Products Ltd,Companies(Private),Jaipur,"332/4/2, R. D. Udyog Nagar, Palda, Nemawar Road, Indore 452001, MP",+91-731-2439901,",info@abhyudaypsyllium.com,info@sitashri.com,",
Shree Balaji Gums & Spice Stuff Pvt Ltd,Companies(Private),Jaipur,"170/72, Samuel Street, Mumbai 400009, MH",+91-22-40985151,,
Shiv Sales Corporation,Companies(Private),Jaipur,"252, Kotla, Near Gujjar Bhavan, Mayur Vihar, Phase 1, New Delhi 110091, DL",+91-11-22790282,",export@shivorganics.com,",
Shakti Agrotech Pvt Ltd,Companies(Private),Jaipur,"90-B, Old Grain Market, Sriganganagar 335803, RJ","+91-154-2443719, +91-154-2445718",",vasu46453@yahoo.co.in,itcjaipur01@gmail.com,info@shaktiseeds.com,u003einfo@shaktiseeds.com,",
Saf Yeast Company Pvt Ltd,Companies(Private),Jaipur,"419/420, Swastik Chambers, Umarshi Bappa Chowk, Chembur East, Mumbai 400071, MH","+91-22-25223364, +91-22-25223370",",sycpl.ho@gmail.com,",
Rasi Seeds Pvt Ltd,Companies(Private),Jaipur,"174, Sathyamurthy Road, Ramnagar, Attur, Coimbatore 641009, TN",+91-422-2233844,",arvindkumar@rasiseeds.com,info@mastersindia.co,",
Rajdhani Flour Mills Ltd (Rajdhani Group),Companies(Private),Jaipur,"B-32, Lawrence Road, Industrial Area, New Delhi 110035, DL","+91-11-49019999, +91-11-45325501",",last@rajdhanigroup.com,help@rajdhanigroup.com,x3echetan.jain@rajdhanibesan.com,chetan.jain@rajdhanibesan.com,",
Rajasthan State Agricultural Marketing Board,Companies(Private),Jaipur,"Pant Krishi Bhawan, Jaipur 302005, RJ",+91-141-2227914,",rsamb@rajasthan.gov.in,",
Rajasthan Mechanical Works Ltd,Companies(Private),Jaipur,"A-188-B, Road No 6-D, V. K. I Area, Jaipur 302013, RJ","+91-141-2331549, +91-141-2332239",",ramcharan@aryacollege.in,",
Rajasthan Cooperative Dairy Federation Ltd (Saras),Companies(Private),Jaipur,"Saras Sankul, Opposite MRE College, Jawahar Lal Nehru Marg, Jaipur 302017, RJ","+91-141-2702501, +91-141-2702502",",x3eplant@jaipurdairy.com,chairman@jaipurdairy.com,x3enewplant@jaipurdairy.com,ecdfho_jp1@sancharnet.in,jaipurdairy@jaipurdairy.com,plant@jaipurdairy.com,x3emd@jaipurdairy.com,md@jaipurdairy.com,newplant@jaipurdairy.com,faredf@gmail.com,fa-red@rajasthan.gov.in,x3echairman@jaipurdairy.com,",
Prataap Snacks Pvt Ltd,Companies(Private),Jaipur,"Khasra No 378/1/4, Nemawar Road, Palda, Indore 452020, MP","+91-731-2437607, +91-731-2437608",",prataap.ipo@karvy.com,info@yellowdiamond.com,x3ecomplianceofficer@yellowdiamond.in,complianceofficer@yellowdiamond.in,jane@yellowdiamond.in,",
Pisces Eservices Pvt Ltd (foodpanda),Companies(Private),Jaipur,"Plot No 29, Udyog Vihar, Phase I, Gurgaon 122016, HR",+91-124-6149200,",m.saxena@foodpanda.in,",
Pioneer Agro Extracts Ltd,Companies(Private),Jaipur,"Chhoti Nehar, Malakpur, Pathankot 145025, PB","+91-186-2345352, +91-186-2345353",",complianceofficer@pioneeragro.co.in,",
Morde Food Products Pvt Ltd,Companies(Private),Jaipur,"55/1, Victoria Building, Dr. Ambedkar Road, Byculla, Mumbai 400027, MH",+91-22-23737300,",info.india@monsterenergy.com,rakesh.shejwal@aartigroup.cominfo,sales@morde.com,accounts@morde.com,",
Lovely Sweets House Pvt Ltd,Companies(Private),Jaipur,"Nakodar Road, Jalandhar 144001, PB",+91-9876477777,"info@lovelysweets.com,,csankitgandhi@gmail.com,",
Jaipuria Group (CK Jaipuria),Companies(Private),Jaipur,"7th Floor, 702, Ansal Bhawan, Kasturba Gandhi Marg, New Delhi 110001, DL","+91-11-23721746, +91-11-23716782",",info@jaipuriagroup.com,",
Hindustan Unilever Ltd,Companies(Private),Jaipur,"Unilever House, B. D. Sawant Marg Chakala, Andheri East, Mumbai 400099, MH","+91-22-39830000, +91-22-39832532",",x3ecomsec.hul@unilever.com,lever.care@unilever.com,comsec.hul@unilever.com,consumer.affairs-za@unilever.com,levercare.shareholder@unilever.com,",
B Kay Machine Works,Companies(Private),Jaipur,"181, Avanashi Road, Opposite To Kovai Hospital, Coimbatore 641014, TN",+91-422-2573439,",info@bkaymachineworks.in,","27.022242,75.7984334"
Wonderpac,Companies(Private),Jaipur,"308, 7, Vardhman Grand Plaza, Sector 3, Rohini, New Delhi 110085, DL",+91-11-47080797,",tarunbkg@vsnl.net,mail@guptaabrasives.com,psa.hghq.rj@RAJASTHAN.GOV.IN,business@impexsyndicate.com,","26.9784907,75.7737415"
Siepmanns Card Systems Pvt Ltd,Companies(Private),Jaipur,"12, 14, Maharashtra Bhavan, Bora Masjid, D.N. Road, Fort, Mumbai 400001, MH",+91-22-22614110,",pradeep.kumar@careratings.com,","19.1695879,72.8475772"
Red Ink Literary Agency,Companies(Private),Jaipur,"6, Khan Market, New Delhi 110003, DL",+91-11-24694611,,"26.9117702,75.7379311"
Polygraph Printing Technologies Ltd,Companies(Private),Jaipur,"88, Mistry Industrial Complex, MIDC, Cross Road, Mumbai 400093, MH",+91-22-66938055,",SALES@POLYGRAPHLIMITED.COM,accounts@polygraphlimited.com,INFO@POLYGRAPHLIMITED.COM,","19.1162864,72.8546101"
Mangal Enterprise,Companies(Private),Jaipur,"97-C, Karmachari Nagar, Ghatlodia, Ahmedabad 380061, GJ",+91-79-27504507,",seiaams2021@gmail.com,apareekcs@gmail.com,","26.9054303,75.615303"
Jaico Publishing House,Companies(Private),Jaipur,"1-A, Jash Chamber, Mehta Road, Fort, Mumbai 400023, MH",+91-22-40306767,"ketan.thaker@jaicobooks.com,,jaicopub@jaicobooks.com,","23.4191974,66.0441791"
Global Interactive Malls Pvt Ltd ( Magazinemall.in ),Companies(Private),Jaipur,"846, Phase-5, Udyog Vihar, Gurgaon 122016, HR",+91-124-4994999,",hr@cwe.in,","26.8709353,75.6207723"
GGS Information Services India Pvt Ltd,Companies(Private),Jaipur,"26, 2, 3rd Floor, ASV Titanium Building, Kandanchavadi, Chennai 600096, TN",+91-44-49023600,",omprakashbagaria@gmail.com,rajiv.bhandari@ggsinc.com,last@ggsinc.com,","12.9802268,73.6771505"
Ergin Imaging Systems Pvt Ltd,Companies(Private),Jaipur,"419, Near Vikram Dharam Kata, Bawana Road, Shahbad, Daulatpur, New Delhi 110042, DL",+91-11-27299272,",info@erginimaging.com,","28.745244,77.1014124"
A.S. Print Aids Pvt Ltd,Companies(Private),Jaipur,"6-B, Samrat Bhawan, Commercial Complex,Ranjit Nagar, New Delhi, 110008, DL",+91-11-25703490,",khullar.jayant@gmail.com,bcpl.jpr@gmail.com,","26.8699186,75.6026075"
Green India Building Systems and Services Pvt Ltd (GIBSS),Companies(Private),Jaipur,"606, Avior, Nirmal Galaxy, Lbs Marg, Mulund, Mumbai 400080, MH",+91-22-65566336,",arun_shenoy@gibss.in,","26.92086,75.7818955"
Wickedeye Entertainment Pvt Ltd,Companies(Private),Jaipur,"WZ-9C/2, Near Janak Puri Metro Station, Mahavir Nagar, New Delhi 110018, DL",+91-9711201351,",kshitij@wickedeyeentertainment.com,ravinchoudhary@gmail.com,","26.8378836,75.7877227"
Vridhi Softech Services,Companies(Private),Jaipur,"401, 4th Floor, Vardhman Star Shop Mall, Sector 19, Faridabad 121002, HR","+91-129-4135057, +91-129-2435057",",rpdhiman@vridhisoftech.com,last@vridhisoftech.com,","26.8963195,75.7259594"
RK Master Net.Com Services Pvt Ltd,Companies(Private),Jaipur,"27-12-67, 1st Floor, GT Towers, Governorpet, Vijayawada 520002, AP",+91-866-2570000,",greencitysurveyor@yahoo.com,manoharan@srishunmugashipping.com,","26.9036509,75.8251834"
Rays Culinary Delights Pvt Ltd,Companies(Private),Jaipur,"117B/9, Kishangarh, Vasant Kunj, New Delhi 110070, DL",+91-11-41717171,"EAT@SATTVIKO.COM,,eat@sattviko.com,","26.8848282,75.460884"
Ramraj Cotton,Companies(Private),Jaipur,"10, Ramraj 5 Tower, 1st Street, Mangalam Road, Sengunthapuram, Tirupur 641604, TN",+91-421-4304147,",mail.transraj@gmail.com,d.j@ramrajcotton.in,","26.9064102,75.7419785"
Jolly Food Fellow,Companies(Private),Jaipur,"A-803, Solataire Park, lSG Highway, Ahmedabad 380015, GJ",-9979244012,,
Jasper Infotech Pvt Ltd,Companies(Private),Jaipur,"362-363, ASF Centre, Udyog Vihar, Phase 4, Sector 18, Gurgaon 122016, HR",-6600633,",ceo@impact-infotech.com,x22ceo@impact-infotech.com,companysecretary@snapdeal.com,x3ecs.legalmca@gmail.com,cs.legalmca@gmail.com,jasparinfotech@gmail.com,x3eceo@impact-infotech.com,u003ecompanysecretary@snapdeal.com,",
Jaipur4U,Companies(Private),Jaipur,"225, 1st Floor, Apex Mall, Tonk Road, Jaipur 302019, RJ","+91-141-4044788, +91-141-4101666",",inquiry@jaipurrugs.com,",
Intencity,Companies(Private),Jaipur,"1, 1979, Kumar Castle Hsg Soc Basement, Opposite ST Anne`s School, Convent Street, Pune 411001, MH",-26353472,",jaipurcollective@gmail.com,ccU-cexjpr@nic.in,",
GuruInfo Solutions,Companies(Private),Jaipur,"42, Rajendra Prasad Road, Nehru Nagar, Chromepet, Chennai 600044, TN",-44464399,"corp.sec@guruinfo.co.in,,",
Green Rootz,Companies(Private),Jaipur,"430/431, New Sonal Industrial Estate, Near Movietime Theatre, Malad Link Road, Malad West, Mumbai 400064, MH",-42665201,",rmclsales@rootsemail.com,",
G-Auto,Companies(Private),Jaipur,"203, Parth Milan Building, Near Hotel, Nest CG Road, Ahmedabad 380009, GJ",-9274444353,",jaipurjanu@gmail.com,SALES.JPR23@GMAIL.COM,",
Emprasa,Companies(Private),Jaipur,"4-110/37, Service Road, Marathahalli, Bangalore 560035, KA",-45999989,",Business@volansoft.com,ieil@ionexchange.co.in,",
Apna Paisa Marketing and Services Pvt Ltd,Companies(Private),Jaipur,"402, 4th Floor, Sheil Estate 158, CST Road, Kalina, Santacruz East, Mumbai 400098, MH",-61356131,",sushil.mishra@apnapaisa.com,grievance.officer@andromeda.in,u003esushil.mishra@apnapaisa.com,",
VIR Impex,Companies(Private),Jaipur,"73-B/8, Chandreshwar Building, 1st Floor, Near Aryan School, Girgaon, Opera House, Mumbai 400004, MH",-9322900919,"pavan@coastasinc.com,,ncd.itax@gmail.com,contact@11techsquare.com,",
Varun Udyog,Companies(Private),Jaipur,"B-9/10, Sector 6, Vashi, Navi Mumbai 400703, MH",-27824407,",Email-paramountmineralsb1@gmail.com,varunirrigation@gmail.com,vishal@zybra.in,contact@zybra.in,sharmav@jpc-india.com,",
Valentine Jewellery India Pvt Ltd,Companies(Private),Jaipur,"G-1-15/16, Gem & Jewellery Zone, EPIP, Sitapura, Jaipur 302022, RJ","+91-141-3117772, +91-141-3117773",",accounts@valentinejewelleryindia.com,x22prabal@canopi.in,x3eprabal@canopi.in,prabal@canopi.in,u003eaccounts@valentinejewelleryindia.com,",
Uma Jewellers,Companies(Private),Jaipur,"249, 12/B, Zaveri Bazar, Gandhidham, Kachchh, Anjar 370485, GJ",-233293,",motisons@gmail.com,sales@umaornents.com,amitrinawa1@gmail.com,amargca@gmail.com,",
Time Avenue ( Officine Panerai ),Companies(Private),Jaipur,"189, Time Avenue, Turner Road, Bandra West, Mumbai 400050, MH","+91-22-26515858, +91-22-26515757",,
The Helvetica Swiss Watch Boutique ( Panerai ),Companies(Private),Jaipur,"S-02 & 03, Express Avenue Mall, Whites Road, Royapettah, Chennai 600014, TN",-28464048,",anil.dhiman@ethoswatches.com,",
TBZ Nirmal Zaveri Ltd,Companies(Private),Jaipur,"62/64, Zaveri House, 1st Floor, Opposite Dharam Palace, Hughes Road, Mumbai 400007, MH",-23687046,",benezi@shaze.in,doe.j@tbznz.com,u003ebenezi@shaze.in,info@tbzoriginal.com,",
Tatiwalas Gehna,Companies(Private),Jaipur,"30, City Pluse Mall, Narayan Singh Circle, Jaipur 302004, RJ",-3259770,",tg@tatiwalasgehna.com,",
Tapti Exports,Companies(Private),Jaipur,"AW-5030, Bharat Diamond Bourse, G Block, Bandra Kurla Complex, Bandra East, Mumbai 400051, MH",-23696228,",mashipmanagement@gmail.com,asifpetiwala@hotmail.com,hiroshi_sumi@toyobo.jp,x3ehiroshi_sumi@toyobo.jp,AOPL@AOPL.NET.IN,SURYABHANU.JAIPUR@GMAIL.COM,",
"Swatch Group India Pvt Ltd ( Rado, Omega )",Companies(Private),Jaipur,"D-4, 4th Floor, Rectangle 1, Saket District Centre, New Delhi 110016, DL","+91-11-46092900, +91-11-46092901",",connect@swatch.com.au,jane.doe@swatchgroup.com,",
Surat Diamond Jewelry Pvt Ltd,Companies(Private),Jaipur,"31, Vasant Vilas, 5th Floor, Dr. D.D. Sathye Marg, Mumbai 400004, MH","+91-22-23826864, +91-8080826864",",cs@suratdiamond.com,rajiv@suratdiamond.com,ho@gjepcindia.com,enquiry.jlyseepz@kgkmail.com,",
Sunjewels Pvt Ltd,Companies(Private),Jaipur,"116, SDF IV, Seepz, Andheri East, Mumbai 400096, MH",-66230131,",last@sunjewels.com,compliance@sunjewels.com,",
Sunita Jewels,Companies(Private),Jaipur,"1-11-254/11/1, 302, Opposite B & C, Maruti Basera, Motilal Nehru Nagar, Street No 2, Begumpet, Hyderabad 500016, TS","+91-40-64525451, +91-9885498181",",xxxx@gmail.com,info@sunitashekhawat.com,",
Sunita Gems,Companies(Private),Jaipur,"223, 1st Floor, Memiyon Ka Darwaja, Haldiyon Ka Rasta, Johri Bajar, Jaipur 302003, RJ",-2573109,"sunitajewels@gmail.com,,",
Sun Expo,Companies(Private),Jaipur,"2525/2, Shop No 2, Gurudwara Road, Karol Bagh, New Delhi 110005, DL",-45562472,",azim@sun-rack.com,contact@indiasolarexpo.org,",
Star Rays,Companies(Private),Jaipur,"Shivam Chambers, Khand Bazar, Varachha Road, Surat 395006, GJ",-4030614,",info@starsolitaire.com,manish@insolationenergy.in,NKASHISH2001@YAHOO.CO.IN,srsolitairedmcc@gmail.com,last@rayspowerinfra.com,",
Sri Durga Jewelers,Companies(Private),Jaipur,"21/23, Nilgiri Aditya Enclave, Opposite Sarathi Studio, Ameerpet, Hyderabad 500038, TS",-23743296,",autofuels01@gmail.com,shafeekh@malbargroup.com,getwealth@durgajewellery.com,",
Sky Jewels,Companies(Private),Jaipur,"215/217, Shop No 11, Abhinandan Market, Kalbadevi Road, Mumbai 400002, MH","+91-22-22433000, +91-22-22444000",",info@skyjewels.in,",
Silver Queen,Companies(Private),Jaipur,"119 & 120, Plaza Asiad, Near VIP Collection, Station Road, Santacruz West, Mumbai 400054, MH","+91-22-65055647, +91-22-26001590",,
SIA Jewels Pvt Ltd,Companies(Private),Jaipur,"Sejal Encasa Building, 2nd Floor, Opposite Jain Temple, S.V. Road, Kandivali West, Mumbai 400067, MH",-67717731,",website@siajewellery.com,trivedikarun@yahoo.co.in,bijal.shah@siajewellery.com,",
Shringaar Exports Pvt Ltd,Companies(Private),Jaipur,"B-48, Sector 2, Noida 201301, UP",-4267509,",ajayb@shringaarexports.com,faheem@hnhandicrafts.com,xxxx@shringaarexports.com,gargsonsexportsindia@gmail.com,info@shrigaarexports.com,divysspl@gmail.com,kamalg@shringaarexports.com,",
Shri Haridarshan Jewellers,Companies(Private),Jaipur,"Navneet Plaza, 3rd Floor, Near Municipal Market, C G Road, Navrangpura, Ahmedabad 380009, GJ","+91-79-26565459, +91-79-40303449",",INFO@NAGCHAMPA.NET.IN,haridarshan@live.com,suprinttextiles@gmail.co,sanket@livingstones.co,",
Shrenuj & Company Ltd,Companies(Private),Jaipur,"HW-7011/13, Bharat Diamond Bourse, Bandra Kurla Complex, Bandra East, Mumbai 400051, MH",-67897719,"diamondshrenuj1-kd0H--621x414@LiveMint.jpg,,",
Shree Raj Jewellers,Companies(Private),Jaipur,"31, Kundan Nagar, Dhankwadi, Pune 411043, MH",-24370436,",rrgjpvtltd@gmail.com,info@shreerajjewellers.com,u003einfo@shreerajjewellers.com,sales@LawyerServices.in,info@LawyerServices.in,",
Shakti Gems and Jewels Pvt Ltd,Companies(Private),Jaipur,"GF-10, Jmd Kohinoor Mall, Savitri Cinema Road, Greater Kailash 2, New Delhi 110048, DL","+91-11-29211955, +91-11-32019555",",shaktigemsjewels@yahoo.in,u003eshaktigemsjewels@yahoo.in,ilajewels@gmail.com,gguptatax@hotmail.com,",
Shah Gems & Jewellery Manufacturing Co,Companies(Private),Jaipur,"H-1/40, SEZ 1, Gems and Jewellery Zone, Export Promotion Industrial Park, Sitapura Industrial Area,Tonk Road, Jaipur 302022, RJ",-2771521,",shahgems@outlook.com,",
Sawansukha Jewellers Pvt Ltd,Companies(Private),Jaipur,"9, 2nd Floor, Entrance From Pretoria, St Camac Street, Kolkata 700016, WB","+91-33-22895281, +91-33-22822419",",virtual@sawansukha.com,info@sawansukha.com,accounts@sawansukha.com,",
Sattva Jewellers,Companies(Private),Jaipur,"31-B, Adi Bans Tolla Lane, Kolkata 700007, WB","+91-9830017122, +91-33-22690157",",sattvaknowledgeinstitute@sattva.co.in,2004sjadl@gmail.com,choudharykapil68@gmail.com,",
Sampada Diamond Collection,Companies(Private),Jaipur,"Near Jagdish Store, Hardhyan Singh Road, Karol Bagh, New Delhi 110005, DL","+91-11-28750335, +91-11-28752021",",akash@vakilkaro.co.in,mansinghjewellers1992@gmail.com,",
Ruchita Chains Pvt Ltd,Companies(Private),Jaipur,"18/22, Office No 204, DD Image, 2nd Floor, Opposite Bank Of Baroda, Champagally, Zaveri Bazar, Mumbai 400002, MH","+91-22-23411477, +91-22-33524019",",rajeev.choudhary1234@gmail.com,gyan.rmc@gmail.com,salonijewellers@yahoo.co.in,shailendra_baijal@yahoo.com,",
Rolex Watch Company Pvt Ltd,Companies(Private),Jaipur,"123, 1st Floor, N M Wadia Building, M G Road, Fountain, Mumbai 400023, MH","+91-22-66253600, +91-22-22617846",",chirag.thaker@rolex.com,",
RMC Gems India Ltd,Companies(Private),Jaipur,"24, Bardiya Colony, Museum Road, Jaipur 302004, RJ","+91-141-2602373, +91-141-2602881",",u003eGYAN.RMC@GMAIL.COM,x3ecsacrowindialtd@gmail.com,GYAN.RMC@GMAIL.COM,gyan.rmc@gmail.com,rmcsitapura@gmail.com,csacrowindialtd@gmail.com,",
Rikon Clocks,Companies(Private),Jaipur,"Morbi?rajkot Road, Lajai, Morbi 363641, RJ","+91-2822-285300, +91-2822-285301","info@rikonclocks.com,,ib@hemsecurities.com,",
Ridhi Sidhi Gems & Jewellery,Companies(Private),Jaipur,"204, Tikkarmal Ka Rasta, Kishanpole Bazar, Jaipur 302001, RJ",-2319508,,
RBZ Jewellers Pvt Ltd,Companies(Private),Jaipur,"101, Rembrandt Building, 1st Floor, Opposite Associated Petrol Pump, C.G Road, Ahmedabad 380006, GJ","+91-79-66314910, +91-79-66314912",",info@rbzjewellers.com,",
Rank International,Companies(Private),Jaipur,"A-34, Nandjyot Industrial Estate, Saki Naka, Andheri East, Mumbai 400072, MH",-42442431,",info@renewpower.in,anup.gupta@paayasmilk.com,wecare@bisleri.co.in,",
Rajesh Exports Ltd,Companies(Private),Jaipur,"4, Batavia Chambers, Kumara Krupa Road, Kumara Park East, Bangalore 560001, KA","+91-80-22266735, +91-80-22260443",",jane@rajeshindia.com,John@rajeshindia.com,ilajewels@gmail.com,x3ecompsect@rajeshindia.com,compsect@rajeshindia.com,",
Raia Jewels Pvt Ltd,Companies(Private),Jaipur,"11-80/88, Opposite Hakoba Mills, D. L. Marg, Kalachowki, Mumbai 400033, MH","+91-22-43222111, +91-22-24704647",",kiran@raia.in,gparya@gmail.com,gyan.rmc@gmail.com,accounts@oro.in,",
Pretty Jewellery Pvt Ltd,Companies(Private),Jaipur,"402, 4th Floor, Block 1, Opposite Jvl, Seepz, Andheri East, Mumbai 400096, MH",-40859930,",sunilagarwaljaipur@gmail.com,rocasrajanco@gmail.com,info@suniljewellers.com,training@responsiblejewellery.com,x22rocasrajanco@gmail.com,x3erocasrajanco@gmail.com,voyllafashions@gmail.com,x3elrsinghvi@chintamanis.in,prettyjewellery@vsnl.net,lrsinghvi@chintamanis.in,",
Poddar Diamond Ltd ( Sparkles Diamonds ),Companies(Private),Jaipur,"DC-3111, Bharat Diamond Bourse, Bandra Kurla Complex, Bandra East, Mumbai 400051, MH",-40345609,",yxx@sparklesindia.com,d.j@sparklesindia.com,",
Peora Fashions Pvt Ltd,Companies(Private),Jaipur,"NB-14, Office No 4, Sona Udyog, Old Nagardas Road, Andheri East, Mumbai 400093, MH",-28263262,",x3ecmapremgupta@gmail.com,cmapremgupta@gmail.com,reports@peora.com,",
Parishi Diamonds,Companies(Private),Jaipur,"EC-2081/2082, Bharat Diamond Bourse, Bandra Kurla Complex, Bandra East, Mumbai 400051, MH","+91-22-43436262, +91-9324740156",",info@parishidiamond.com,adarsh@parishidiamond.com,PARINGEMS.MUMBAI@GMAIL.COM,training@responsiblejewellery.com,ncd.itax@gmail.com,",
P Mangatram Jewellers Pvt Ltd,Companies(Private),Jaipur,"5-8-599, Ratan Mall Complex, 2nd Floor, Mubarak Bazar, Abids, Hyderabad 500001, TS","+91-40-23204640, +91-40-66565598",",pmangatram@hotmail.com,omj916@gmail.com,account@pmangatram.com,x3eomj916@gmail.com,x22omj916@gmail.com,jewels@sancharnet.in,vivek@icraindia.com,",
OP Chains Ltd,Companies(Private),Jaipur,"8/16-A, Seth Gali, Agra 282003, UP",-3059588,"opchains@rediffmail.com,,",
Noor Sons International Pvt Ltd,Companies(Private),Jaipur,"20, Nuseer House, Opposite Panchratna Building, Mama Parmanand Marg, Opera House Charni Road, Mumbai 400004, MH","+91-22-33948986, +91-9833108031",",info@noorsonsinternational.com,noorsonsinternational@gmail.com,",
Nolkha Jewellers,Companies(Private),Jaipur,"3745, Nolkha House, Nolkha Chowk, K.G.B. Lane, Johari Bazar, Jaipur 302003, RJ",-9828064412,",accounts@nolkha.com,",
Nikhil Silver Arts,Companies(Private),Jaipur,"140, Near Panch Batti, M I Road, Jaipur 302001, RJ",-2371718,",nikhilsilverarts@hotmail.com,",
Nelkt Creation,Companies(Private),Jaipur,"55/57, Office No 9-A, Mirza Estate, 1st Floor, Dhanji Street, Zaveri Bazar, Mumbai 400002, MH",-23474374,,
Mohit Diamonds Pvt Ltd,Companies(Private),Jaipur,"BC-7011, Bharat Diamond Bourse, 7th Floor, Tower B, Central Block, G Block, Bandra Kurla Complex, Bandra East, Mumbai 400051, MH",-26755688,",secretarial@mehtas.me,MOHARDIAMONDS@GMAIL.COM,neil@dhruvstar.com,doe@mohitdiamonds.com,",
Maruti Impex,Companies(Private),Jaipur,"63, Adarsh Society, Near R.T.O Vijayrajnagar, Mahidharpura, Bhavnagar 364001, GJ","+91-278-2510085, +91-278-2510086",",info@ramyagroup.in,x3einfo@ramyagroup.in,jane_d@marutiimpex.co.in,",
LVMH Watch & Jewellery India Pvt Ltd,Companies(Private),Jaipur,"301-312, International Trade Tower, 3rd Floor, Block F, Nehru Place, New Delhi 110019, DL",-47474061,,
Khazana Jewellery Pvt Ltd,Companies(Private),Jaipur,"252-A, TTK Road, Alwarpet, Chennai 600018, TN",-42297653,",corporate@khazanajewellery.com,djane@khazanajewellery.com,sanka.indrani@khazanajewellery.com,jane@khazanajewellery.com,",
Jodhani Brothers,Companies(Private),Jaipur,"FC-4120, 4th Floor, Bharat Diamond Bourse, Bandra Kurla Complex, Bandra East, Mumbai 400051, MH",-42584189,",anand.jha@careratings.com,rajat.jpr11@gmail.com,",
Jindal Diamonds Pvt Ltd,Companies(Private),Jaipur,"C-54, Greater Kailash 1, New Delhi 110048, DL","+91-11-65652613, +91-11-41431496",",jindalsid@gmail.com,",
Jagdamba Jewellers Pvt Ltd,Companies(Private),Jaipur,"70, 1st Floor, Burtolla Street, Kolkata 700007, WB",-9830087409,",jagdambajewellers@rediffmail.com,mukundenterprisescolgate@gmail.com,",
Gili India Ltd ( Gitanjali ),Companies(Private),Jaipur,"6/19, Transmission House, 1st Floor, Marol Cooperative Industrial Estate, Near Marol Bhavan, Andheri East, Mumbai 400059, MH",-42458819,",investors@gitanjaligroup.com,pankhuri@gitanjaligroup.com,x3epankhuri@gitanjaligroup.com,",
Gems Paradise,Companies(Private),Jaipur,"Gulab Niwas, M.I. Road, Jaipur 302001, RJ",-2370357,",rajesh@gemsparadise.com,mukesh.jjs@gmail.com,gems@gemsparadise.com,",
Ethos Swiss Watch Studios,Companies(Private),Jaipur,"SCO-88/89, Sector 8 -C, Madhya Marg,Chandigarh 160017, CH","+91-172-2548227, +91-172-2548223",",x3esupport@ethoswatches.com,support@ethoswatches.com,",
Dwarkadas Chandumal Diamonds ( D C Jewellers ),Companies(Private),Jaipur,"184/186, Zaveri Bazar, Mumbai 400002, MH",-22413866,,
Dharamraj Jewellers,Companies(Private),Jaipur,"5/6, Navneet Plaza, Near Municipal Market, C.G. Road, Ahmedabad 380001, GJ","+91-79-26561185, +91-79-26561174",",ujjwal.patel@careratings.com,vikas@rajvanshica.com,omdeepak@gmail.com,vikasrajvanshi.jaipur@gmail.com,",
Dev Group ( Devotie ),Companies(Private),Jaipur,"2006, Panchratna Building, Opera House, Mumbai 400004, MH",-23640252,",pendingexam.tmr@nic.in,x3ebtofficial@outlook.com,btofficial@outlook.com,Vaishali.paradkar@ucb.com,x3eVaishali.paradkar@ucb.com,",
Davanam Jewellers Pvt Ltd,Companies(Private),Jaipur,"Commercial St. Branch No 8, Commerical St. Junction, Kamaraj Road, Bangalore 560042, KA",-41418170,"harishdavanam@gmail.com,,doej@davanam.com,contactus@davanam.com,",
Classic Ornaments Pvt Ltd,Companies(Private),Jaipur,"226/230, Shop No 303, Giriraj Building, 3rd Floor, Above ICICI Bank, Zaveri Bazar, Mumbai 400002, MH",-22409184,"accounts@copl.in,,motisons@gmail.com,info@copl.in,",
Blue Lotus Jewellery Pvt Ltd,Companies(Private),Jaipur,"211, Bharat Industrial Estate, Tokersi Jivraj Road, Sewree, Mumbai 400015, MH",-24100031,",account@elvee.in,u003einfo@bluelotusjewellery.com,info@bluelotusjewellery.com,",
Birla Gold and Precious Metals Ltd,Companies(Private),Jaipur,"202, Mourya Landmark Complex, 2nd Floor, New Link Road, Andheri West, Mumbai 400053, MH","+91-22-40482611, +91-8451048705",",cs@kserasera.com,",
Bijoux Argent Pvt Ltd,Companies(Private),Jaipur,"UG-7, 18/22, Aurum, Next To Jewel World, Near Shruti Hotel, Sheikh Menon street, Javeri Bazar, Mumbai 400002, MH","+91-22-22642364, +91-22-22642365",",gyan.rmc@gmail.com,BIJOUXARGENT@GMAIL.COM,info@kalajee.com,bijouxargent@gmail.com,",
Belief Handicrafts,Companies(Private),Jaipur,"327, Bhagirathi Vihar, New Delhi 110094, DL",-9999245594,"rajheritagejaipur@gmail.com,sales@belief-handicrafts.com,tcporwal@rediffmail.com,,",
Barton Son & Co Pvt Ltd,Companies(Private),Jaipur,"84, Barton Centre, Mahatma Gandhi Road, Bangalore 560001, KA",-40851850,,
Anjalee Jewellers India Pvt Ltd,Companies(Private),Jaipur,"Anjalee House, Opposite Lal Bungalow, C G Road, Ahmedabad 380009, GJ","+91-79-26564791, +91-79-26564792","anjaleejewellers@gmail.com,,x3eanjalijewellers1@yahoo.com,u003eanjaleejewellers@gmail.com,anjalijewellers1@yahoo.com,info@anjalijewellers.in,",
Anglo Swiss Watch Co,Companies(Private),Jaipur,"6, B B D Bag,Kolkata 700001, WB","+91-33-22300297, +91-33-22300295",",info@angloswiss.in,service@angloswiss.in,",
Amrit Gem Tech Pvt Ltd ( Amrit Group ),Companies(Private),Jaipur,"H-124/125, Ansa Industrial Estate, Saki Vihar Road, Andheri East, Mumbai 400072, MH","+91-22-28473138, +91-22-28473094",",amritfood@vsnl.net,info@amritcorp.com,amritcorporation@gmail.com,agpl@amritgroup.com,",
Agni Jewels Pvt Ltd,Companies(Private),Jaipur,"15, Road No 10, Phase II, MIDC, Andheri East, Mumbai 400093, MH",-40207708,",info@amorejewels.in,ajaysbaid@gmail.com,agj@agnijewels.com,gyan.rmc@gmail.com,",
Abhushan Diamonds and Gold Pvt Ltd,Companies(Private),Jaipur,"Suresh Plaza, M.G. Road, Agra 282002, UP",-4034521,",abhushanjewellers@gmail.com,",
A.K. Zaveri,Companies(Private),Jaipur,"8, Iscon Centre, Shivranjani Cross Road, Satellite, Ahmedabad 380015, GJ","+91-79-26926081, +91-79-26926082",",aditigupta31094@gmail.com,anup.gupta@paayasmilk.com,bvk@vsnl.com,",
Thermoshell Industries,Companies(Private),Jaipur,"7, Anjani Kumar Industrial Estate, Subhash Nagar, Sonapur Lane, Bhandup West, Mumbai 400078, MH","+91-22-25666661, +91-22-25666662",,
Signode India Ltd (ITW India),Companies(Private),Jaipur,"8-2-120/84, Jyothi Majestic, 3rd Floor, Road No 2 Banjara Hills, Hyderabad 500034, TS","+91-40-67468900, +91-40-67468926",",info.india@signode.com,",
Rajdeep Cans Pvt Ltd,Companies(Private),Jaipur,"4-A, New Tejpal Industrial Estate, Kurla Andheri Road, Sakinaka, Mumbai 400072, MH",-28595179,,
Mitsui O.S.K. Lines Maritime India Pvt Ltd,Companies(Private),Jaipur,"52, Kalpataru Square, 5th Floor, Next to Hotel Vits, Off Andheri Kurla Road, Kondivita Lane, Andheri East, Mumbai 400059, MH","+91-22-61507000, +91-22-66960999",",molmi@molgroup.com,x3eharsha.malusare@molgroup.com,molmi@molmi.com,tlogs@tigerlogistics.in,harsha.malusare@molgroup.com,",
Lift & Shift India Pvt Ltd (Natvar Parikh) (Natvar Parikh),Companies(Private),Jaipur,"96, Chembur Mankhurd Link Road, Shivaji Nagar, Mumbai 400020, MH","+91-22-25484180, +91-22-25560101",,
Tamilnadu Cement Corporation Ltd,Companies(Private),Jaipur,"735, 2nd Floor, LLA Buildings, Anna Salai, Chennai 600002, TN","+91-44-28525471, +91-44-28525461",",itsl@idbitrustee.com,sushant.sawant@acclimited.com,x3etancemcs@gmail.com,csco.tancem@tn.gov.in,tancemcs@gmail.com,",
Swastik Tiles (Vimal),Companies(Private),Jaipur,"D/801-807, 8th Floor, Ganesh Meridian, Opposite Gujarat High Court, Sola-SG, Highway, Ahmedabad 380060, GJ",-40097060,",sales@swastiktiles.in,swastiktiles.jpr@gmail.com,",
Starrox Industries,Companies(Private),Jaipur,"905-907, Embassy Centre, Nariman Point, Mumbai 400021, MH","+91-9820313687, +91-22-22821553",",info@starrox.in,sakastone@yahoo.co.in,",
SS Export House,Companies(Private),Jaipur,"A-4, Indrapuri, Lal Kothi, Jaipur 302001, RJ",-9414079764,",deepakumalaxmi@gmail.com,info@sbgranites.com,suhanaoversea@gmail.com,",
Simpolo Vitrified Pvt Ltd,Companies(Private),Jaipur,"Old Ghuntu Road, Morbi 363642, GJ","+91-2822-241622, +91-2822-240930",",customercare@simpolo.net,",
Shri Sai Enterprises,Companies(Private),Jaipur,"105, Hari Enclave, Sultanpuri, New Delhi 110086, DL","+91-11-65162225, +91-8376806690",",x3egroupsai@hotmail.com,x22groupsai@hotmail.com,groupsai@hotmail.com,",
Scan Projects Ltd,Companies(Private),Jaipur,"Jorian, Yamuna Nagar, Jagadhari 135001, HR",-652136,",accounts.project@scanprojects.in,",
Samir Ceramics Pvt Ltd,Companies(Private),Jaipur,"Majithia Apartment, Below IRLA Nursing Home, SV Road, Vile Parle West, Mumbai 400056, MH","+91-22-26254771, +91-22-26254772",",ravimathur1@hotmail.com,samirceramics@gmail.com,",
Neptune Industries Ltd,Companies(Private),Jaipur,"297, GIDC Phase 2, Modhera Road, Mehsana 384004, GJ",-227222,",info@neptune.com,x3einfo@neptune.com,info@neptune-india.com,sanchetineptune@gmail.com,",
Golcha Associated Group,Companies(Private),Jaipur,"Golcha Gardens, Agra Road, Jaipur 302003, RJ","+91-141-2640301, +91-141-2640302",",last@golcha.com,",
Face Ceramics Pvt Ltd,Companies(Private),Jaipur,"8-A, National Highway, Lakhadhirpur Road, Morbi 363642, GJ","+91-9879606217, +91-9879606215, +91-9825605900",",ravimathur1@hotmail.com,faceceramicsindia@gmail.com,malpani@vidresindia.net,accounts_faceceramics@yahoo.com,x3emalpani@vidresindia.net,x3eglobal@glocera.com,global@glocera.com,accounts.head@adarshmarketing.com,",
Diamond International Inex Pvt Ltd,Companies(Private),Jaipur,"309, Phase 2, Udyog Vihar, Gurgaon 122001, HR",-4308058,",CustomerService@DiamondsInternational.com.com,info@suppliersplanet.com,info@diamondtm.net,x3eCustomerService@DiamondsInternational.com.com,accounts@diamondtm.net,",
Bajaj Tiles,Companies(Private),Jaipur,"206, 2nd Floor, SG Highway, Near Iscon Cross Road, Dev Arc, Ahmedabad 380015, GJ","+91-9909952850, +91-9825720638",,
Asia Pacific Marbles Pvt Ltd,Companies(Private),Jaipur,"Near Laxmi Narayan Temple Westen Express Highway, Airport Side Service Road, Vile Parle East, Mumbai 400099, MH","+91-22-26186975, +91-22-26186976",",rakesh.shejwal@aartigroup.cominfo,accounts@asiapacific.in,",
Akash Manufacturing Company Pvt Ltd (Alcon),Companies(Private),Jaipur,"1st Floor, Sukerkar Mansion, MG Road, Panjim, Goa 403001, GA","+91-832-2224451, +91-832-2224452","mohit@pmc.co.in,,info@divinecreations.co.in,cs@alcongoa.com,",
Aggarwal Readymix Pvt Ltd,Companies(Private),Jaipur,"SP1-A3, RIICO Industrial Area, Opposite Honda Car Factory, Tapukara, Alwar, Tijara 301017, RJ",-519050,"murarilal.agarwal@yahoo.com,,readymixagarwal@gmail.com,",
Agarwal Stone Exports,Companies(Private),Jaipur,"612, 6th Floor, Crown Square, Gandhi Path, Vaishali Nagar, Jaipur 302021, RJ",-5112345,",agarwalindustries.298@gmail.com,manish50721@gmail.com,",
Sparkpro Creatives Pvt Ltd,Companies(Private),Jaipur,"271, Sri Ganesh Complex, Hosur Main Road, Madiwala, Bangalore 560017, KA",-41289033,",pradheesh@sparkprocreatives.com,doejane@sparkprocreatives.com,",
Seventh Channel Communications,Companies(Private),Jaipur,"Chettinad Chambers, 5th Street, Dr. Radhakrishnan Road, Chennai 600004, TN","+91-44-24997989, +91-44-24997979",,
Sankalan India,Companies(Private),Jaipur,"Patparganj, New Delhi 110091, DL",-8049673118,",sharad.pathak@aavas.in,",
Samarth Creations,Companies(Private),Jaipur,"101, Nav Rajesh Co-operative Housing Society, Behind Muncipal Hospital, Kopar Cross Road, Dombivali West, Thane 421202, MH",-2481296,",arkincreations@gmail.com,ARCHPLUSTHREE@GMAIL.COM,khojcreations@yahoo.in,caanil.jpr@gmail.com,",
Rashtriya Sahara (Sahara),Companies(Private),Jaipur,"C-2/3/4, Sahara India Mass Communications, Sector 11, Noida 201301, UP","+91-120-2444755, +91-120-2444756",,
Rajesh & Company,Companies(Private),Jaipur,"211, Mahavir Commercial Complex, M.G.Road, Ghatkopar, Mumbai 400077, MH",-25011120,,
Rajasthan Patrika Pvt Ltd,Companies(Private),Jaipur,"Jawaharlal Nehru Marg, Kesargarh, Jaipur 302005, RJ","+91-141-3940414, +91-141-2561582",",hptiwari@epatrika.com,u003ehptiwari@epatrika.com,jane@rajasthanpatrika.com,compliance.patrika@gmail.com,axxxxxk@patrika.com,info.patrikaonline@gmail.com,",
Pinnacle Events,Companies(Private),Jaipur,"05, Likhiram Dharma Market, 1st Floor, Sector? 27, Noida 201301, UP","+91-120-2544486, +91-120-4567167","u003emanojsuthar0606@gmail.com,manojsuthar0606@gmail.com,info@metaforce.co.in,,",
Mangalam Catrerers,Companies(Private),Jaipur,"8 , Shivraj Complex , Bandh Road, Aya Nagar, New Delhi 110047, DL","+91-9990192709, +91-7503069909",",mangalambaghseo@gmail.com,",
Magnum Intergrafiks Pvt Ltd,Companies(Private),Jaipur,"Suprabhath, 3rd Floor, Bejai, Kapikad, Mangalore 575004, KA",-2213864,"spg@magnumad.in,,compliance@magnum-misteel.com,",
Imprimis Life Pr Pvt Ltd,Companies(Private),Jaipur,"FF-1, 1st Floor, Jangpura Extension, New Delhi 110014, DL",-46668586,",rbisht@perfectrelations.com,",
Enkaptivate Promotions Pvt Ltd,Companies(Private),Jaipur,"504/505, Twin Arcade, D Wing, Military Road, Marol, Andheri East, Mumbai 400059, MH","+91-22-42291355, +91-22-42952284",",reachgerald@gmail.com,",
DOT Communications,Companies(Private),Jaipur,"136/138, Rajendra Bhawan, Rajender Place, New Delhi 110008, DL","+91-11-25713597, +91-11-25713598",,
Dainik Rashtradoot,Companies(Private),Jaipur,"Rashtradoot Towers, Jagat Apartment, Ravi Nagar, Nagpur 440010, MH","+91-712-2544260, +91-712-2531713",",rastrdut@gmail.com,nareshrdoot@gmail.com,",
BuzzCity Technolgoies India Pvt Ltd,Companies(Private),Jaipur,"524/525, Prestige Industrial Estate, Bawdi Cross Lane, Malad West, Mumbai 400064, MH",-65554979,,
Blue Lotus Communications Pvt Ltd,Companies(Private),Jaipur,"2/52, Kamal Mansion, Arthur Bunder Road, Colaba, Mumbai 400005, MH",-66522731,",mouli@bluelotuspr.com,darshan@bluelotuspr.com,",
Big Animation India Pvt Ltd (Reliance),Companies(Private),Jaipur,"17, City Tower, 8th Floor, Dhole Patil Road, Pune 411001, MH","+91-20-30577503, +91-20-30577501","reachus@relianceanimation.com,,anilanimationxpress@gmail.com,",
Thiru & Thiru Chambers,Companies(Private),Jaipur,"31, Nandidurg Road, Jaymahal Extension, Bangalore 560046, KA",,"hr@triostechnology.com,support@triostechnology.com,sridharspr@gmail.com,hr@adani.in,hr@triostechnology.com,support@triostechnology.com,sridharspr@gmail.com,hr@adani.in,",
Vishnu Chemicals Ltd,Companies(Private),Jaipur,"6-3-662/B/A, Flat No 1, Suvarna House, Sangeet Nagar Colony, Somajiguda, Hyderabad 500082, TS","+91-40-66626680, +91-40-66626681","colourcreation1@gmail.com,UCCDELHI@GMAIL.COM,x3ecolourcreation1@gmail.com,",
Tiki Tar Industries India Ltd,Companies(Private),Jaipur,"Village Road, Bhandup West, Mumbai 400078, MH",-41266597,"info@toolingtemple.com,strongholdprefab@gmail.com,sidcoipmie@gmail.comThis,",
Siegwerk India Pvt Ltd,Companies(Private),Jaipur,"17, 904A-904B, Vijaya Building, Barakhamba Road, New Delhi 110001, DL",-30489121,,
Shree TNB Polymers Ltd,Companies(Private),Jaipur,"132/1/1/4, Behind Prince Pipes, Athal, Silvassa 396235, GJ",-3298749,"info@antivibrations.com,sales@shreyplasticmoulders.com,bilzindia@gmail.com,info@antivibrations.com,",
Shree Chemicals,Companies(Private),Jaipur,"D-616, Shiromani Complex, Satellite Road, Nehru Nagar, Ahmedabad 380015, GJ",-26739998,"roc.chennai@mca.gov.in,srkindustries2010@gmail.com,ajmalsulthankhan@gmail.com,secretarial@stfc.in,accs.shreerubberplast@gmail.com,roc.chennai@mca.gov.in,srkindustries2010@gmail.com,ajmalsulthankhan@gmail.com,secretarial@stfc.in,",
Shiva Global Agro Industries Ltd,Companies(Private),Jaipur,"Shiva House, Near State Bank Of India, New Mondha, Nanded 431602, MH","+91-2462-284036, +91-2462-286536","info@plastindustriesindia.com,shraddhaproduct@gmail.com,info@plastindustriesindia.com,",
Shamlax Metachem Pvt Ltd,Companies(Private),Jaipur,"NS-19-22, Nagpur Industrial Estate, Co Operative Society, Kamptee Road, Uppalwadi, Nagpur 440026, MH","+91-712-2641036, +91-712-2644203","ccc@sheenlac.in,prakash@sheenlac.in,ccc@sheenlac.in,x3eprakash@sheenlac.in,",
Shakun Polymers Ltd,Companies(Private),Jaipur,"501-504, 5th Floor, Iscon Heights, Atria 2, Gotri Road, Vadodara 390021, GJ",-6196674,"co.sec@shardaintl.com,co.sec@shardaintl.com,einward.ris@karvy.com,co.sec@shardaintl.com,einward.ris@karvy.com,x3eco.sec@shardaintl.com,",
Satyanarayan Rubber Products,Companies(Private),Jaipur,"25, Mangal Estate, Near Chakudia Mahadev, Rakhial, Ahmedabad 380023, GJ",-22749333,"info@scjgroup.net,scjain@scjgroup.net,",
Satyam Polyplast,Companies(Private),Jaipur,"G1/41, VKI Extension, Badharana, Jaipur 302013, RJ",-2460599,"atul1966@gmail.com,siltabs@yahoo.in,schwabeincoat@yahoo.com,mohitsarda90@gmail.com,atul1966@gmail.com,siltabs@yahoo.in,schwabeincoat@yahoo.com,mohitsarda90@gmail.com,",
Polyfibre Industries Pvt Ltd,Companies(Private),Jaipur,"1st Floor, B Wing, Mittal Tower, Nariman Point, Mumbai 400021, MH",-61155231,,
Plastindia Foundation,Companies(Private),Jaipur,"401, Landmark B, Suren Road, Andheri East, Mumbai 400093, MH",-26832842,"h.patel@beico.in,mdadhich@polyfibre.in,nxxxxxl@polyfibre.in,x3eh.patel@beico.in,",
Neelikon Food Dyes and Chemicals Ltd,Companies(Private),Jaipur,"D-8, Everest, 5th Floor, Tardeo Circle, Pandit MM Malaviya Marg, Mumbai 400034, MH","+91-22-66661415, +91-22-23510572","SNCCIL@DALMIARF.COM,CHADHA.SHWETA@DALMIARF.COM,JAIN.AKANSHAL@DALMIARF.COM,pulakbarua2007@gmail.com,x3eSNCCIL@DALMIARF.COM,CHADHA.SHWETA@DALMIARF.COM,JAIN.AKANSHAL@DALMIARF.COM,",
K K Chempro India Pvt Ltd,Companies(Private),Jaipur,"442, A Wing, New Corporate Plaza, Opposite Kapole Wadi, Ramchandra Lane Extension, Malad West, Mumbai 400064, MH","+91-22-32672298, +91-22-28441272","pratap@kaizenplast.com,u003epratap@kaizenplast.com,prabal@canopi.in,prabal@canopi.in,prabal@canopi.in,u003epratap@kaizenplast.com,pratap@kaizenplast.com,pratap@kaizenplast.com,x22prabal@canopi.in,x3eprabal@canopi.in,x3eprabal@canopi.in,",
Jaishil Sulphur & Chemical Industries,Companies(Private),Jaipur,"202/203, 2nd Floor, B Wing, Pratik Industrial Estate, Near Wockhardt Hospital, Goregaon Link Road, Bhandup, Mumbai 400078, MH",-61407831,"maintenance@jjgandhi.com,INDIA_maintenance@jjgandhi.com,sanjay@jjgandhi.com,sanjay@jjgandhi.com,sanjay@jjgandhi.com,info@LawyerServices.in,sales@LawyerServices.in,INDIA_maintenance@jjgandhi.com,sanjay@jjgandhi.com,sanjay@jjgandhi.com,sanjay@jjgandhi.com,info@LawyerServices.in,sales@LawyerServices.in,",
Jagannath Polymer Pvt Ltd,Companies(Private),Jaipur,"G-183, Udyog Vihar, Jaitpura, Amber 303702, RJ",-9413252109,"info@jnchemicals.com,desai@jnchemicals.com,info@jnchemicals.com,desai@jnchemicals.com,",
Garuda Chemicals,Companies(Private),Jaipur,"15/605-606, Mayuresh Building, Mhada Colony, Mahakali Caves Road, Andheri East, Mumbai 400093, MH","+91-22-28201198, +91-22-28215596","geecee.investor@gcvl.in,geecee.investor@gcvl.in,dipyanti@gcvl.in,geecee.investor@gcvl.in,geecee.investor@gcvl.in,dipyanti@gcvl.in,",
Dinils Adhesives Pvt Ltd,Companies(Private),Jaipur,"7/20, Tardeo AC Market, Mumbai 400034, MH","+91-22-23514261, +91-22-23514263","info@dolphinpolyfill.com,info@dolphinpolyfill.com,",
Dagger Die Cutting India Pvt Ltd,Companies(Private),Jaipur,"201, SIDCO Industrial Estate, Ambattur, Chennai 600098, TN","+91-44-26254140, +91-44-26258261","info@dbschemicals.com,ashishjain84@rediffmail.com,SEAINFO@SE-LOG.COM,info@dbschemicals.com,info@dbschemicals.com,ashishjain84@rediffmail.com,SEAINFO@SE-LOG.COM,",
Crown Rubber Products,Companies(Private),Jaipur,"J-221, MIDC, Pune 411026, MH","+91-20-27130721, +91-20-46763221",,
Clean Coats Pvt Ltd,Companies(Private),Jaipur,"B/101, Metro House, Behind Mercedes Benz Showroom, CST Road, Kalina, Mumbai 400098, MH","+91-22-26500846, +91-22-26500847","compack@compack.in,compack@compack.in,gaurang@compack.in,gaurang@compack.in,",
Avensa Chemical Solutions Pvt Ltd,Companies(Private),Jaipur,"Building 8, 4th Floor, Tower A, Phase 2, DLF Cyber City, Gurgaon 122001, HR","+91-124-4378888, +91-124-4378884","vnkshah@gmail.com,ncorporation@gmail.com,vnkshah@gmail.com,",
Arise Impex Pvt Ltd,Companies(Private),Jaipur,"A-9/1, Naraina Industrial Area, Phase 1, New Delhi 110028, DL",+91-11-41410416,"Kumarasamy.ramachandra@mane.com,sales@aroramatthey.com,Kumarasamy.ramachandra@mane.com,",
Vinayak Job Consultant,Companies(Private),Jaipur,"4, 1st Floor, Kamla Super Market, Station Road, Raipur 492001, CG","+91-771-4268130, +91-8046080131","info@cozyvision.com,sharma2020sandeep@gmail.com,info@cozyvision.com,rtvindia@gmail.com,",
Symbiosis Network Pvt Ltd,Companies(Private),Jaipur,"541, 2nd Stage, Indra Nagar, Bangalore 560038, KA","+91-80-42743030, +91-80-25204426","jane_doe@syum.co.in,admin@syum.co.in,sushant@syum.co.in,",
Starpowerz Human Resources Pvt Ltd,Companies(Private),Jaipur,"6-2-46, 100, 1st Floor, Moin Court, Lakdi-Ka-Pool, Hyderabad 500004, TS","+91-40-23370104, +91-40-23370103","hr@stiganindia.com,ashu.mahendru@stiganindia.com,",
Rophree Consulting Pvt Ltd,Companies(Private),Jaipur,"24-A, Rama Lane, Jammu 180002, JK",+91-9596697799,"vakul.goel@russellreynolds.com,x3ejane.doe@russellreynolds.com,Vakul.Goel@russellreynolds.com,jane.doe@russellreynolds.com,",
Resolve Business Services India Pvt Ltd,Companies(Private),Jaipur,"231-236, 2nd Floor, Raheja Arcade, Koramangala, Bangalore 560095, KA",+91-80-67586758,"umesh.p@rgf-executive.com,info@companydetails.in,xx@rgf-professional.com,select@rgf-india.com,himanshusrivastava.ca@gmail.com,",
Progressive Infovision Pvt Ltd,Companies(Private),Jaipur,"27-A, 8-G, Area Hari Nagar, New Delhi 110064, DL","+91-11-28124363, +91-11-25122469","madhur.sharma@ldc.com,cmpbroking@prudentcorporate.com,csbpl2008@yahoo.co.in,pruconpl@gmail.com,",
Par Excellence Leadership Solutions Pvt Ltd,Companies(Private),Jaipur,"3-D, 601-A, Everest Nivara Infotech Park-I, TTC Industrial Area, Turbhe, Navi, Mumbai 400705, MH","+91-22-66340396, +91-22-66340397","rashi@theyellowcarcompany.com,info@mastersindia.co,rashi2408@gmail.com,elangovan.manivannan@gmail.com,",
Oni Enterprises,Companies(Private),Jaipur,"2-R, Purbachal, Salt Lake, Kolkata 700097, WB",+91-33-32916092,"learning@oscarmurphy.com,",
OD Alternatives Consultancy Pvt Ltd,Companies(Private),Jaipur,"13-E ,3rd Floor, East Of Kailash, New Delhi 110065, DL",+91-11-41323810,"contact@onepointltd.com,maithili.shetty@onepointltd.com,",
L&T Chiyoda Ltd (L&T),Companies(Private),Jaipur,"Waghodia Crossing, National Highway No 8, Channi, Vadodara 390019, GJ",+91-265-2442000,,
KTA Global,Companies(Private),Jaipur,"74, 75, 2nd Floor, Mahendra Chamber, Dr. D.N. Road, Fort, Mumbai 400001, MH",+91-22-22035072,,
Kan & Krishme,Companies(Private),Jaipur,"483-B, KNK House, Meera Bagh, Paschim Vihar, New Delhi 110063, DL",+91-11-43776666,"krishnak.srivastava@gmail.com,",
Jobline Consultants India Pvt Ltd,Companies(Private),Jaipur,"2, Pitampura, New Delhi 110088, DL",+91-9871881777,"contact@jotwani.com,",
Infinity Group,Companies(Private),Jaipur,"2151, 4-E, 2, 2nd Floor, Near Shadipur Metro Station, New Patel Nagar, New Delhi 110008, DL",+91-11-47042623,"casoninishant@gmail.com,info@sharexindia.com,inlandprintersltd@gmail.com,u003einlandprintersltd@gmail.com,cs.inlandprinters@gmail.com,investor@sharexindia.com,",
H K Acharya & Company,Companies(Private),Jaipur,"19, Swastik Society, Navrangpura, Ahmedabad 380009, GJ","+91-79-26425258, +91-79-26425259","company.secretary@cyient.com,secretary@cyient.com,",
ConsultTia Business Advisory Services,Companies(Private),Jaipur,"444-C, Raja Ram Mohan Roy Road, Kolkata 700008, WB","+91-33-2555931, +91-9804612257","hello@cornerstone.in,vijay@cornerstone.co.in,",
Aeon India Corporation Pvt Ltd,Companies(Private),Jaipur,"35, 281, 1, Kasaramboli Taluka Mulsi, Pune 412108, MH","+91-20-64001111, +91-20-65003924",,
Acelerar Technologies Pvt Ltd,Companies(Private),Jaipur,"146-H, 147, 3rd Floor, Sector-63, Noida 201301, UP",+91-120-4243398,"paramjita32@gmail.com,",
TranServ Pvt Ltd,Companies(Private),Jaipur,"7/D, Corporate Avenue, 32, Mahal Industrial Estate, Mahakali Caves Road, Andheri East, Mumbai 400093, MH",+91-22-40223705,,
State Bank Of Hyderabad (SBI),Companies(Private),Jaipur,"Hybank Towers, Gunfoundry, Hyderabad 500001, TS","+91-40-23387261, +91-40-23387201","stockhome@stockhomeindia.com,Id_stockhome@stockhomeindia.com,STOCKHOME@STOCKHOMEINDIA.COM,",
Small Industries Development Bank Of India (SIDBI),Companies(Private),Jaipur,"SIDBI Tower, 15, Ashok Marg, Lucknow 226001, UP","+91-522-2288547, +91-522-2288548","relations@slc-india.com,sandeep.s@slc-india.com,",
Shriram Housing Finance Ltd (Shriram),Companies(Private),Jaipur,"Level 3, Wockhardt Towers, East Wing, Bandra Kurla Complex, Bandra East, Mumbai 400051, MH","1800-102-4345, +91-22-42410400","silivally@gmail.com,info@siliconvalleyinfo.net,",
Rajath Finance Ltd,Companies(Private),Jaipur,"208-215, Star Plaza, Phulchhab Chowk, Rajkot 360001, GJ",+91-281-2447800,"rajathfin@hotmail.com,investorrelationsrajath@hotmail.com,",
Rajasthan Marudhar Gramin Bank,Companies(Private),Jaipur,"Tulsi Tower, 9th B Road, Sardarpura, Jodhpur 342003, RJ",+91-291-2593128,"rm_jaipur1@rmgb.in,",
Premier Client Associate Pvt Ltd,Companies(Private),Jaipur,"Chimes, 5th Floor, 61, Sector 44, Gurgaon 122003, HR",+91-124-4995400,,
Prabhudas Lilladher Pvt Ltd,Companies(Private),Jaipur,"Sadhana House, 570, 3rd Floor, Behind Mahindra Tower, PB Marg, Worli, Mumbai 400018, MH",+91-22-66322222,,
Pee Aar Securities Ltd,Companies(Private),Jaipur,"AG-20, Shalimar Bagh, New Delhi 110088, DL",+91-11-42258000,"akg@peeaarmail.com,investor@peeaarmail.com,",
Navkar Share & Stock Brokers Pvt Ltd,Companies(Private),Jaipur,"A/201, Shivalik Corporate Park, Behind IOC Petrol Pump, Shivranjani Cross Road, Ahmedabad 380015, GJ",+91-79-26922424,,
Niva Bupa Health Insurance Co Ltd (Max),Companies(Private),Jaipur,"B-1/I-2, Mohan Cooperative Industrial Estate, Mathura Road, New Delhi 110044, DL","+91-11-30902000, +91-11-30902120","x3etravelclaims@nivabupa.com,customercare@maxbupa.com,bimalokpal.jaipur@cioins.co.in,travelclaims@nivabupa.com,x3ecustomercare@maxbupa.com,",
Kokan Mercantile Co-operative Bank Ltd,Companies(Private),Jaipur,"Harbour Crest, TT, Mazagaon, Mumbai 400010, MH","+91-22-23729971, +91-22-23729969","customercare@kokanbank.in,",
Jal Olia Financial Services,Companies(Private),Jaipur,"22, Prospect Chambers, Annexe, Dr Dadabhai Navroji Road, Fort, Mumbai 400001, MH","+91-22-22829946, +91-22-22829947","bimalokpal.patna@cioins.co,bimalokpal.patna@cioins.co.in,VIDHAMSERVICES@GMAIL.COM,dmdrj00@nic.in,captus.finance@gmail.com,",
Heritage Health TPA Pvt Ltd,Companies(Private),Jaipur,"Nicco House, 5th Floor, 2 Hare Street, Kolkata 700001, WB","1800-345-3477, +91-33-22486430, +91-33-22482784","hhtpljaipur@bajoria.in,heritagemumtpa@bajoria.in,x3etpa-grievance@bajoria.in,tpa-grievance@bajoria.in,grievance@bajoria.in,",
Available Finance Ltd,Companies(Private),Jaipur,"CM-23, Sukhliya, Indore 452010, MP",+91-731-2538874,"wecare@avanse.com,mfsl@mas.co.in,info@finova.in,partnerships@creditsaison-in.com,",
Aum Capital Market Pvt Ltd,Companies(Private),Jaipur,"5, 1st Floor, Lower Rawdon Street, Akashdeep, Kolkata 700020, WB","+91-33-24861040, +91-33-24861041","hr@aumcap.com,helpdesk@aumcap.com,x3esupport@aumcap.com,x22support@aumcap.com,enquiry@aumcap.com,",
Kitex Garments Ltd,Companies(Private),Jaipur,"9/536-A, Kitex House, Kizhakkambalam, Alwaye 683562, KL","+91-484-4142000, +91-484-2680600","pxxxxxxj@kitexgarments.com,sect@kitexgarments.com,x3esect@kitexgarments.com,kitexcom@md2.vsnl.net.in,",
