Name,Sector,City,Address,Phone,Email,Lat-Long
Iskcon Food Relief Foundation,Companies(Private),Coimbatore,"19/63, Jaywant Industrial Estate, Tardeo Road, Tardeo, Mumbai 400034, MH",+91-8048250118,,
TechnoMark Solutions,Companies(Private),Coimbatore,"Office No- 4, 4th Floor K Raheja Prime, Marol CHS Rd, Marol, Andheri East,Mumbai 400059,MH",+91-2240108510,,
KAP Global Investment Services Pvt Ltd,Companies(Private),Coimbatore,"Office No. 502, 5th Floor, Eldeco Corporate Towers, Pickup Bldg Rd,Vibhuti Khand, Gomti Nagar, Lucknow, India",+91-8299146550,"kunal@kapconsultancy.com,,investing@kapfinserv.com,",
Data Software Research Company (DSRC),Companies(Private),Coimbatore,"11, Kasturi Towers, Smith Road, Chennai 600002, TN","+91-44-45105000, +91-9840961774",",arathina@in.ibm.com,info@dsrc.com,sushswag@gmail.com,inquiry@dsrc.com,x3einfo@dsrc.com,accounts@dsrc.co.in,",
Bridging Associates,Companies(Private),Coimbatore,"Duplex No.77 Shiv Kripa, Behind Yashodhara Lawn, Bhilgaon, Nagpur 440026,MH","+91-8888324275,+91 7666836338","AAYUSHSHARMA18@GMAIL.COM,,bdgupta.associates@gmail.com,abbiassociates@gmail.com,bdgupta_associates@rediffmail.com,abbis2001@yahoo.co.uk,",
Maxcel Plast,Companies(Private),Coimbatore,"133, Shree Ram, Anup Eng.Compound, B.H. C.M.C.Odhav, Ahmedabad 382415, GJ",+91-79-22970233,",marketing@excelplast.co.in,info@maxcelplast.com,",
Magnetrol International India,Companies(Private),Coimbatore,"506-B, Sagar Tech Plaza, Saaki Naka Junction, Andheri, Mumbai 400072, MH",+91-22-28507903,",jetmal.gour@koso.co,jetmal.gour@koso.co.in,",
LUKE Electronic Devices Pvt Ltd,Companies(Private),Coimbatore,"313-A, 3, Kssidc Industrial Extension, Electronic City, Phase-1, Bangalore 560100, KA",+91-80-09886499303,",lukepvtltd@yahoo.com,",
Lakshmi Electricals,Companies(Private),Coimbatore,"63, 2 Cross, Gandhinagar, Bangalore 560009, KA",+91-80-22263788,"secretary@lecsindia.com,,info@skdcconsultants.com,Investorscell@lecsindia.com,x3esecretary@lecsindia.com,info@lecsindia.com,u003esecretary@lecsindia.com,secretaryhtl@htl.net.in,ledlsec2019@gmail.com,",
Kamal Ganga Exports Pvt Ltd,Companies(Private),Coimbatore,"30-G/31, MIDC, Chikal, Thana, Aurangabad 431210, MH",+91-240-2482049,",info@aakarinnovations.com,shahrakshit27@yahoo.co,info@kinternational.co,siva@awaexports.com,shahrakshit27@yahoo.co.in,kalantri@bom3.vsnl.net.in,info@goelrice.net,",
Jayashree Electron Pvt Ltd,Companies(Private),Coimbatore,"34, J, M.I.D.C., Bhosari, Pune 411026, MH",+91-20-46901300,"jconductors@yahoo.co.in,,d_j@soft-starters.co.in,x3ejeplaccounts@gmail.com,sales@jayashree.co.in,headed@ecil.com.in,jeplaccounts@gmail.com,",
Isotex Corporation Pvt Ltd,Companies(Private),Coimbatore,"181, 2, 3, G.I.D.C Industrial Estate, Naroda, Ahmedabad 382330, GJ",+91-79-22804321,"info@isotexcorp.com,,sales@isotexcorp.com,jane@isotexcorp.com,",
Indusree,Companies(Private),Coimbatore,"13, Gouranga Mandir Road, Baghajatin, Kolkata 700086, WB",+91-33-24258509,",kumar_iso@vsnl.net,",
Hitech Switchgear India,Companies(Private),Coimbatore,"132-A, 133, Ansa Industrial Estate, Sakivihar Road, Sakinaka Andheri, Mumbai 400072, MH",+91-22-28473748,",raghuraman_279_in@yahoo.com,infodesk@larsentoubro.com,x3eraghuraman_279_in@yahoo.com,",
Gemini Instratech Pvt Ltd,Companies(Private),Coimbatore,"83-B, Midc, Ambad, Nashik 422010, MH",+91-253-2385710,",admin@geminiinstratech.com,marketing@geminiinstratech.com,accounts@geminiinstratech.com,",
Gem Telergon Switchgears Pvt Ltd,Companies(Private),Coimbatore,"22, Textool Feeder Industrial Estate, Ganapathy, Coimbatore 641006, TN",+91-422-4376841,",info@gtswitches.com,india@gorlanteam.com,",
Eurofab Electronics Pvt Ltd,Companies(Private),Coimbatore,"7-B, Bavana Industrial Area, Sector 4, New Delhi 110039, DL",+91-11-27892020,",dheeraj@eurofabindia.com,jane@eurofabindia.com,sales@eurofabindia.com,simranchugh3200@gmail.com,",
Elico Ltd,Companies(Private),Coimbatore,"90-B, Apie, Sanathnagar, Hyderabad 500018, TS",+91-40-44451212,",finance@elico.co,x3efinance@elico.co,",
CatVision Ltd,Companies(Private),Coimbatore,"14-E, 15, Sector 8, Noida 201301, UP",+91-120-4936750,",cs@wirefabrik.com,vccn.pvt.ltd@gmail.com,pcmc.pvt.ltd@gmail.com,arunsharmapcn@gmail.co,",
Brilliant International,Companies(Private),Coimbatore,"Brilliant Complex, Unit A & B Western Express Highway, Miragaon, Mira Road, Mumbai 401104, MH",+91-22-29452101,",info@kritiindia.com,radhika.ramabhadran@careratings.com,",
Beta Computronics Pvt Ltd,Companies(Private),Coimbatore,"10, 1, IT Park, Parsodi, Nagpur 440022, MH",+91-712-2227125,",betacompsales@gmail.com,",
Accurate Flowmeters & Instruments Pvt Ltd,Companies(Private),Coimbatore,"1-G, Sai Thirumala Heights, Bhandari Layout, Nizampet, Hyderabad 500090, TS",+91-40-64612626,,
United Apparels India,Companies(Private),Coimbatore,"34/141, Laxmi Industrial Estate, New Link Road, Andheri West, Mumbai 400053, MH",+91-22-26365301,",gurveer@unitedexim.com,info@unitedexim.com,info@augustanindia.com,sowndhar85@gmail.com,",
Triveni Ethnics,Companies(Private),Coimbatore,"1018-1025, 1st Floor, Anupam Textile Market, Ring Road, Surat 395002, GJ",+91-261-2337832,",rrangaswamy@renorad.com,jdoe@triveniethnics.com,",
SRP Fashions,Companies(Private),Coimbatore,"5/77, SRP Garden, Tirupur Main Road, Avinashilingampalayam, Avinashi 641654, TN",+91-9894052571,",realknit@gmail.com,cmapremgupta@gmail.com,u003epratheep@srpfashions.com,x3esales@feedingbottles.com,x3ecmapremgupta@gmail.com,sales@feedingbottles.com,pratheep@srpfashions.com,",
Radnik Exports,Companies(Private),Coimbatore,"412, 4th Floor, Osian Building 12, Nehru Place, New Delhi 110019, DL","+91-11-40748200, +91-11-41617020",",u003econtact@radnik.net,contact@radnik.net,radnikexports@radnik.net,",
Nirmal Handloom House Pvt Ltd,Companies(Private),Coimbatore,"3-4, Near Adarsh Public School, Furniture Block, Kirti Nagar, Delhi 110015, DL","+91-11-25114446, +91-11-25114447, +91-9643002661, +91-9643002663",",45nhhpl@gmail.com,",
Maqdoom Brothers Designers Pvt Ltd,Companies(Private),Coimbatore,"22-7-174, Pathergatti Road, Pathar Gatti, Hyderabad 500002, TS",+91-40-24525523,",mailayrus@gmail.com,traditionz2002@yahoo.com,",
Kala Nidhi,Companies(Private),Coimbatore,"1, Raunak Arcade, Near Ice Factory, Gokhale Road, Naupada, Thane 400602, MH",+91-8898153155,",kalanidhionline@gmail.com,arbmpvt@gmail.com,",
Gatha Apparels Pvt Ltd,Companies(Private),Coimbatore,"D-1A, Katju Nagar, Kolkata 700032, WB",+91-33-24294538,",spahl123@hotmail.com,gathaindia@gmail.com,x3espahl123@hotmail.com,",
Essem Jute Industries Ltd,Companies(Private),Coimbatore,"135, Foreshore Road, Ramkristopur, Howrah 711102, WB",+91-33-26412402,",jagatdaljute@rediffmail.com,essemho@gmail.com,x3ejagatdaljute@rediffmail.com,",
Ditty Handloom Exporters,Companies(Private),Coimbatore,"2/A, Sengunthapuram 12th Cross Street, Vivekananda Nagar, Karur 639002, TN","+91-4324-099942, +91-9994244666","director.handloom@kerala.gov.in,,kpbeena16@gmail.com,",
Corel Knitwear,Companies(Private),Coimbatore,"51, 1st School Street, Maruthachalapuram, Tirupur 641602, TN",+91-421-2470424,",kumar_iso@vsnl.net,",
Astro Apparels India,Companies(Private),Coimbatore,"34-C, MV Compound, Bridgeway Colony, Tirupur 641607, TN",+91-421-2247247,"info@santex.in,,Chandru@santex.in,",
Angel Creation India,Companies(Private),Coimbatore,"775/8, New Ramesh Nagar, Teshil Town, Panipat 132103, HR",+91-180-4019348,",orbit@selvanrajesh.com,MVENKATESAN93@GMAIL.COM,ramanathanandco@yahoo.co.in,",
Ambika Handicrafts,Companies(Private),Coimbatore,"N-16/52 B2D, Kolhua, Vinayaka, Varanasi 221010, UP",+91-542-2364223,",acmambikacottonmills@gmail.com,a1greens.india@gmail.com,x3eacmambikacottonmills@gmail.com,ambika@acmills.in,",
Vibgyor Impex,Companies(Private),Coimbatore,"S-20/53-94, Budha Vihar The Mall, Behind Clarks Hotel, Cantt, Varanasi 221002, UP","+91-542-2506328, +91-542-2506588",",oceanblue_creations@yahoo.co.in,mohammed.fareed28@gmail.com,vibgyorimpex@live.com,sanjay.arudi@ge.com,",
The Mahabir Jute Mills Ltd,Companies(Private),Coimbatore,"Sahjanwa, Gorakhpur 273209, UP",+91-551-2700100,"j.ameswo.od.sii.iiv@gmail.com,,bdgupta1@gmail.com,ADMIN@MAHABIR.COM,ambicajutemill@gmail.com,x3eambicajutemill@gmail.com,admin@mahabir.com,ajay@glosterjute.com,x3ebdgupta1@gmail.com,",
Tessitura Monti India Pvt Ltd,Companies(Private),Coimbatore,"401, 4th Floor, Trade Avenue, Suren Road, Andheri East, Mumbai 400093, MH",+91-22-26846962,",cs@monti.co.in,cs@monti.co,x3ecs@monti.co.in,andycomm@giasbm01.vsnl,montispa@monti.it,",
Vyapar Industries Ltd,Companies(Private),Coimbatore,"145, Abbas Manzil, SV Road, Khar West, Mumbai 400052, MH",+91-22-66989111,",contact@vyaparoverseas.com,svlsalem@hotmail.com,sumit@vyaparapp.in,x3esumit@vyaparapp.in,",
Supreme India Impex Ltd,Companies(Private),Coimbatore,"823/2, Near Sagar Hotel, Supreme House, Road No 8, Sachin, Surat 394230, GJ","+91-261-2399355, +91-261-2399356",",naveen.jain@hotmail.com,x3enaveen.jain@hotmail.com,supreme_india@hotmail.com,u003esupreme_india@hotmail.com,",
Super Tex Industries Ltd,Companies(Private),Coimbatore,"45/49, 2nd Floor, Balkrishna Krupa, Babu Genu Road, Princess Street, Kalbadevi, Mumbai 400002, MH","+91-22-22095630, +91-22-22069034",",info@supertex.in,southsupertex@gmail.com,s_supertex@yahoo.co.in,krishshri43@gmail.com,",
Super Spinning Mills Ltd,Companies(Private),Coimbatore,"737-D, Elgi Towers, Green Fields, Puliakulam, Coimbatore 641045, TN","+91-422-2311711, +91-422-2314511",",x3einvestors@ssh.saraelgi.com,Investors@ssh.saraelgi.com,narmatha.gk@ssh.saraelgi,investors@ssh.saraelgi.com,coimbatore@linkintime.co.in,",
Sudesh Art & Crafts Pvt Ltd,Companies(Private),Coimbatore,"A-34, Street 1, Pusta Road, Karawal Nagar, New Delhi 110094, DL",+91-9873316377,",Email-info@sudesh-artncrafts.com,",
SSKH Sourcing India Pvt Ltd,Companies(Private),Coimbatore,"807-808, The Avenue, Opposite The Leela, Sahar Airport Road, Marol, Mumbai 400059, MH",+91-22-40313233,",sourcing@attirefashion.in,",
Sri Shanmugavel Group of Mills,Companies(Private),Coimbatore,"Thadicombu, Dindigul 624709, TN",+91-451-2557001,"ssmpl.ho@gmail.com,,ssmgroup@gmail.com,",
Sri Sakthi Textiles Ltd (Sakthi),Companies(Private),Coimbatore,"36, Coimbatore Road, Sangam Palayam, Pollachi 642001, TN","+91-4259-224131, +91-4259-224132",",info@sakthi.net,sales@sreesakthiindia.com,cbe@sreesakthiindia.com,",
Arav International,Companies(Private),Coimbatore,"164, 2nd Floor, Kailash Hills, East Of Kailash, New Delhi 110065, DL",+91-11-26842644,",jasminenkvs@gmail.com,sales@caresoftglobal.com,",
Sri Karthikeya Spinning and Weaving Mills Pvt Ltd,Companies(Private),Coimbatore,"3301, Uppilipalayam, Coimbatore 641015, TN","+91-422-2574316, +91-422-2574317","venkatachalam@karthikeyamills.com,,yarn@karthikeyamills.com,jane@karthikeyamills.com,",
Sri Ganapathy Mills Company Ltd,Companies(Private),Coimbatore,"Thalaiyuthu RS, Madurai Road, Sankarnagar, Tirunelveli 627357, TN",+91-462-2300334,",santhose@ganapathymills.com,sgmtex@gmail.com,sgm_tvl@yahoo.co.in,",
Sree Vari Textiles,Companies(Private),Coimbatore,"12, SKC Road, Kaikollan, Thottam, Erode 638001, TN",+91-424-2264258,",x3emanojp@creativegarments.com,panerselvam77@gmail.com,customercare@sivaraj.co.in,manojp@creativegarments.com,",
Apurva Creations Pvt Ltd,Companies(Private),Coimbatore,"F/430, Sector ?63, Noida 201301, UP",+91-120-4123701,",SIDDHANT@ACPLGLOBAL.COM,n@acplglobal.com,info@bestforgings.in,APURVA@ACPLGLOBAL.COM,x3ermaikca@gmail.com,rmaikca@gmail.com,info@acplglobal.com,",
Singer India Ltd,Companies(Private),Coimbatore,"A-26/4, 2nd Floor, Mohan Co Operative Industrial Estate, Mathura Road, New Delhi 110044, DL",+91-11-40617777,",Talktous@singerco.com,secretarial.corp@in.bosch.com,x3esecretarial@singerindia.net,admin@mcsregistrars.com,secretarial@singerindia.net,jdoe@singerindia.net,",
Shiva Texfabs Ltd,Companies(Private),Coimbatore,"8-L, Behind Chevron Hotel, Model Town, Ludhiana 141003, PB",+91-161-4684000,",helpdesk@shivagroup.info,careers@shivatex.co.in,info@shivatex.co.in,shares@shivatex.co.in,",
Ankita Impex,Companies(Private),Coimbatore,"C/259, Focal Point, Phase 8, Ludhiana 141009, PB",+91-9815000170,",anujdhand@ankitaimpex.com,pradeep.kumar@careratings.com,info@ankitafashion.com,cakalpanadhokia@gmail.com,",
Sambandam Spinning Mills Ltd,Companies(Private),Coimbatore,"1, Kamaraj Nagar Colony, Salem 636014, TN",+91-427-2240790,",corporate@sambandam.com,CORPORATE@SAMBANDAM.COM,info@sambandam.com,x3ecs@sambandam.com,support@my-domain.com,reply@example.org,cs@sambandam.com,",
Rasi Silks,Companies(Private),Coimbatore,"1, Sannadhi Street, Mylapore, Chennai 600004, TN",+91-44-49007300,",accounts@rasiseeds.com,info@rasistyles.com,reg.off@acsentex.com,",
Rajapalayam Mills Ltd (Ramco Group),Companies(Private),Coimbatore,"1, Rajapalayam Mills, Premises, PAC Ramasamy Raja Sala, Rajapalayam 626117, TN","+91-4563-235666, +91-4563-236709",",rajacot@ramcotex.com,",
Raghuvir Synthetics Ltd,Companies(Private),Coimbatore,"7, Near Gujarat Bottling, Rakhial, Ahmedabad 380023, GJ","+91-79-22911015, +91-79-22911902","info@raghuvir.com,ahmedabad@linkintime.co.in,,ahmedabad@linkintime.co,raghuvirad1@sancharnet.in,x3einfo@raghuvir.com,",
Presto Stantest Pvt Ltd,Companies(Private),Coimbatore,"I-42A, DLF Industrial Area, Phase 1, Mathura Road, Faridabad 121003, HR",+91-129-4272727,"j-doe@prestogroup.com,,hemant@prestogroup.com,x3ehemant@prestogroup.com,",
Premco Global Ltd,Companies(Private),Coimbatore,"3, Premco House, MIDC, Andheri East, Mumbai 400093, MH",+91-22-28223232,"j-doe@premcoglobal.com,,tarachand@premcoglobal.com,",
Palm Fibre India Pvt Ltd,Companies(Private),Coimbatore,"Pathirappally, Alleppy 680001, KL",+91-477-2258172,"finance@palmfibreindia.com,,jpmathew@palmfibreindia.com,palmfibr@md2.vsnl.net.in,",
Mahavir Elastic Industries,Companies(Private),Coimbatore,"5153, Rui Mandi, Sadar Bazar, New Delhi 110006, DL","+91-23612227, +91-9811712227",",mahavirelastic@yahoo.com,",
Lambodhara Textile Ltd,Companies(Private),Coimbatore,"3-A, 3rd Floor, B Block, 1075-B, Pioneer Apartments, Avinashi Road, Coimbatore 641018, TN",+91-422-2249038,",lambodharatex@gmail.com,info@skdcconsultants.com,Info@lambodharatextiles.com,info@lambodharatextiles.com,coimbatore@linkintime.co.in,",
Kiran Industries Pvt Ltd,Companies(Private),Coimbatore,"Kiran Compound, Ugat Dyieng Lane, Udhna, Surat 394210, GJ",+91-261-2758132,",x3einfo@kiranindustries.co.in,kiran@metalwork.in,info@kiranindustries.co.in,x22info@kiranindustries.co.in,info@kiranindustries.co,",
Go Go International Pvt Ltd,Companies(Private),Coimbatore,"6, KHB Industrial Area, 2nd Cross, Opposite Wheel, Yelahanka, Bangalore 560064, KA","+91-80-28562478, +91-80-28562479",",info@gogoindia.com,rajesh@gogoindia.com,jane@gogoindia.com,ac73@gogoindia.com,rgoenka@gogoindia.com,gogotpr@airtelmail.in,x3eac73@gogoindia.com,",
Flower Knitting Mills,Companies(Private),Coimbatore,"61, Fifty Feet Road, Lakshmi Nagar, Tirupur 641602, TN",+91-421-4317447,,
Fertichem Cotspin Ltd,Companies(Private),Coimbatore,"182/11, Phase 1, Industrial Area, Chandigarh, 160002, CH","+91-172-4690738, +91-172-2639780","rahul.g@stexports.com,response@jtcl.in,,info@fertichemgroup.com,sanjeev.t@stexports.com,",
Choudhary Garments,Companies(Private),Coimbatore,"Plot No B-15, Choudhary House, Veera Desai Road, Andheri West, Mumbai 400053, MH",+91-22-40643309,",mk24chirag@gmail.com,chirag.biplab@gmail.com,hrm@rbrindia.com,manoj.rhrtiw@gmail.com,",
Cherish Life Products Pvt Ltd,Companies(Private),Coimbatore,"4/19, 3rd Floor, 20th Main, BTM 1 Stage, Maruthi Nagar Main Road, Venkateshwara Layout, Bangalore 560068, KA",+91-9900567477,",cherishlifeproducts@gmail.com,support@naaptol.com,akuppu14@gmail.com,",
Century Enka Ltd (BK Birla),Companies(Private),Coimbatore,"7th Floor, Bakhtawar, Nariman Point, Mumbai 400021, MH",+91-22-22027375,",secr@centuryenka.com,x3ernt.helpdesk@linkintime.co.in,rnt.helpdesk@linkintime.co.in,investor@centuryenka.com,cel.sales@adityabirla.com,",
Carona Knitwear,Companies(Private),Coimbatore,"1, Bridgeway Colony, Extension North, Tirupur 641607, TN",+91-421-4333370,",u003efinance@carona.in,accounts@mehala.com,finance@carona.in,",
Bansidhar Cotton Processing Pvt Ltd,Companies(Private),Coimbatore,"4/12, Panchwati Gas Service, Jawahar Market, Dehgam 382305, GJ",+91-9825356790,",arvindlalvpatel@gmail.com,harshinitextiles@dataone.in,bansidharcotton@gmail.com,",
Auro Textiles (Vardhman),Companies(Private),Coimbatore,"Baddi Tehsil Nalagarh, Sai Road, Solan, Baddi, 174101, HP","+91-1795-392650, +91-1795-392652",",secretarial.lud@vardhman.com,poonamsharma@vardhman.com,srprasad@giasmd01.vsnl.net,d.jane@vardhman.com,fabrics@vardhman.com,",
Uni Metal Systems Pvt Ltd,Companies(Private),Coimbatore,"1327/K-2, Shivaji Udyam Nagar, Kolhapur 416008, MH",+91-231-2659402,",equiry@unimetal.co.in,enquiry@unimetal.co.in,",
Twenty First Century Techno Products Pvt Ltd,Companies(Private),Coimbatore,"2-A, A. B Road, Chandra Nagar, Indore 452001, MP",+91-731-3065535,",stellar@stellarfurniture.in,",
Swadeshi Manufacturers Pvt Ltd (Mcwell),Companies(Private),Coimbatore,"A-69, Near Fortis Hospital, Sector 64, Noida 201301, UP",+91-120-4227227,,
Stanley Lifestyles Ltd,Companies(Private),Coimbatore,"12/7, Shama Rao Compound, Mission Road, Bangalore 560027, KA","+91-80-22100750, +91-80-40617200",",enquiry@sosl.co,customersupport@stanleylifestyles.comContact,compliance@stanleylifestyles.com,enquiry@sosl.co.in,x3ecompliance@stanleylifestyles.com,",
Madras Chipboard Ltd,Companies(Private),Coimbatore,"Annama Raja Nagar, Sankarankovil Road, Rajapalayam 626117, TN","+91-4563-230756, +91-4563-223934",",madraschipboardltd@gmail.com,madraschipboard@dataone.in,corporate@madraschipboard.com,",
PSM Energy Pvt Ltd,Companies(Private),Coimbatore,"605, Unitech Arcadia, South City 2, Gurgaon 122017, HR",+91-124-9953708405,",doe_j@psmenergy.com,John@psmenergy.com,sp@psmenergy.com,projects@psmengineers.in,",
Powermax Energies Pvt Ltd,Companies(Private),Coimbatore,"5, Swanand Buliding, Near Corporation Bank, Bhagat Singh Road, Dombivli 421201, MH",+91-251-9769319621,",gataxconsultant@gmail.com,",
Mayfair Industries,Companies(Private),Coimbatore,"124-D, 125, Sector 7, Noida 201301, UP",+91-120-4333028,",mayfairbio@rediffmail.com,mayfairbio@gmail.com,",
Kosol Hiramrut Energies Pvt Ltd,Companies(Private),Coimbatore,"193, Kalthia House, Satyagrah Chhavni, Ahmedabad 380015, GJ",+91-79-26861339,",info@sunray.co,info@sunray.co.in,pradeep.kumar@careratings.com,x3einfo@sunray.co.in,",
Greenko Group,Companies(Private),Coimbatore,"45, Opposite TV 6, Hyderabad 500033, TS",+91-40-40301100,",info@greenkogroup.com,last_initial@greenkogroup.com,",
Goldstone Infratech Ltd,Companies(Private),Coimbatore,"9, 1, 83, 84, Amarchand Sharma Complex, S D Road, Secunderabad 500003, AP",+91-40-27807640,",cs@goldstonetech.com,x3ecs@goldstonetech.com,",
Gati Infrastructure Ltd,Companies(Private),Coimbatore,"20, 12 Kothaguda, Kondapur, Secunderabad 500084, AP",+91-40-71204284,",rnt.helpdesk@linkintime.co,rnt.helpdesk@linkintime.co.in,customerservice@gatikwe.com,s@mounthousing.com,murali@cameoindia.com,",
Everon Energy Systems Pvt Ltd,Companies(Private),Coimbatore,"74-C, 2, Everon House, Sharda Puri, Ring Road, New Delhi 110015, DL",+91-11-65694430,",mktg@everon.in,asabharwal@everon.in,everondelhi@gmail.com,ceo@everoncastings.co,",
Compact Systems Pvt Ltd,Companies(Private),Coimbatore,"15, Anupam Plaza, Opposite Azad Aparments, Hauz Khas, New Delhi 110016, DL",+91-11-26567985,",last@compactups.com,service@compactups.com,sales@compactups.com,info@compactups.com,fluidpowereng@vsnl.net,vinod.p@in.wernerelectric.de,x3ealokjain@compactups.com,alokjain@compactups.com,",
Cirus Solar Systems Pvt Ltd,Companies(Private),Coimbatore,"127, 128, 3, Lake View Plaza, Amar Co-operative Society, Kavuri Hills, Hyderabad 500081, TS",+91-40-8008100135,",manish@amogoenergies.com,schalla@amigoenergies.com,cirussolar@induprojects.com,ramesh.y@cirussolar.com,",
Accurate Transformers Ltd,Companies(Private),Coimbatore,"17-D, UPSIDC, Site-IV, Sector-31, Kasna Road, Surajpur, Noida 201306, UP",+91-120-4760500,",p.baskaran@tpe.group,Accurate.limited@gems.vsnl.net.in,accuratetransformers@yahoo.co.in,",
Kishco Ltd,Companies(Private),Coimbatore,"Plot No 71, E To T, Opposite Plot No 76, AB, Government Industrial Estate, Charkop, Kandivli West, Mumbai 400067, MH",+91-22-28688550,",enquiry@kishcogroup.com,cbe.asp@gmail.com,kishco@kishcolimited.com,",
Jain Amar Clothing Pvt Ltd (Madame),Companies(Private),Coimbatore,"Jalandhar Bye Pass GT Road, Bhattain, Ludhiana 141008, PB",+91-161-7110800,",info@jacpl.com,x3esunil@jacpl.com,sunil@jacpl.com,",
Thykn India International,Companies(Private),Coimbatore,"202, Kuntal Building, Mody Estate, Near Pipeline, LBS Road, Ghatkopar West, Mumbai 400086, MH",,",info@thykn.com,",
Pure Chem Pvt Ltd,Companies(Private),Coimbatore,"4717, Near Fikom Chowkadi, GIDC Estate, Ankleshwar 393002, GJ",,",purechemproducts@yahoo.com,coimbatore@pure-chemical.com,x3eiondrugs@gmail.com,iondrugs@gmail.com,pcpl2017@yahoo.com,x3ecompsec@pure-chemical.com,compsec@pure-chemical.com,x22compsec@pure-chemical.com,",
Biocare Remedies Pvt Ltd,Companies(Private),Coimbatore,"707, Engineering Estate, GIDC, Sector 28, Gandhinagar 382028, GJ",,",biocare.md@gmail.com,info@pharmexcil.com,x3eaccounts@centurionremedies.com,x3ebiocare.md@gmail.com,accounts@centurionremedies.com,",
Vidharba Distillers Ltd (Bapuna),Companies(Private),Coimbatore,"Kamthi Road, Nagpur 440026, MH",+91-712-2646800,,
Varad Agri Tech Ltd,Companies(Private),Coimbatore,"3-6-10/A/1, 103, 1st Floor, Anasuya Commercial Complex, Himayatnagar, Hyderabad 500029, TS",+91-40-23228522,",support@tofler.in,varadseeds@yahoo.com,",
Star Agro Marine Exports Pvt Ltd,Companies(Private),Coimbatore,"760-1, Devispet, Nellore 524314, AP","+91-861-2384339, +91-861-2384331",",pvijayaraj@yahoo.com,sahamedstaragro@gmail.com,bharathistargroup@gmail.com,x3ejignesh@jaykal.com,jignesh@jaykal.com,agsmarineexport@gmail.com,tejabhargavcs@gmail.com,x3epvijayaraj@yahoo.com,",
Sri Mata Bio Source,Companies(Private),Coimbatore,"9/5, 16th Cross, Indian Bank Colony, Rajarajeshwari Nagar, Bangalore 560098, KA",+91-80-28600714,"murali@smbiosource.com,,ceo_guroofarms@yahoo.co.uk,rajseelam@sresta.com,",
Sharma Expeller Company,Companies(Private),Coimbatore,"6772, Street No 6, Daba Road, New Janta Nagar, Ludhiana 141003, PB","+91-161-2496237, +91-161-2500809",",seoindia@gmail.com,sjncoir@gmail.com,secoindia@gmail.com,secoexpeller@gmail.com,",
Salem Food Products Ltd,Companies(Private),Coimbatore,"67/2-B, Calicut Main Road, Nethimedu, Salem 636002, TN","+91-427-2271900, +91-427-2270949",",salemfood@hotmail.com,u003esalemfood@hotmail.com,salemmegafoodpark@gmail.com,",
Sai Balaji Food & Beverages India Pvt Ltd,Companies(Private),Coimbatore,"Door No 1-8-450, MIG B-70, 1st Floor, Indian Airlines Employees Colony, Begumpet, Hyderabad 500016, TS",+91-40-40032241,",saibalajiagrofoods@gmail.com,",
Rei Agro Ltd,Companies(Private),Coimbatore,"58A/1, Sainik Farm, Saket, New Delhi 110062, DL",+91-11-66768000,",mandan@reiagro.com,investorgrievance@reiagro.com,doe-j@reiagro.com,support@tofler.in,",
Procter & Gamble Hygiene & Health Care Ltd,Companies(Private),Coimbatore,"P & G Plaza, Cardinal Gracias Road, Chakala, Andheri East, Mumbai 400099, MH","+91-22-28267300, +91-22-28266000",,
Orchard Extractions Pvt Ltd,Companies(Private),Coimbatore,"Plot No 71, Jagir Husein Street, Indira Nagar, LIC Colony, Tiruchirapalli 620021, TN",+91-431-2455368,",siva@orchardextractions.com,",
OmniActive Health Technologies Ltd,Companies(Private),Coimbatore,"Cybertech House, 1st Floor, J. B. Sawant Road, Wagle Industrial Estate, Thane 400604, MH","+91-22-25830444, +91-22-41845000",",joe@omniactives.com,first@omniactives.com,corporatefilings@omniactives.com,post-figure-caption-copy-2@3x.jpg,info@omniactives.com,x3einfo@omniactives.com,last@omniactives.com,",
Nivea India Pvt Ltd,Companies(Private),Coimbatore,"Hyde Park, 3rd Floor, Opposite Ansa Industrial Estate, Saki Vihar Road, Andheri East, Mumbai 400093, MH","+91-22-66459901, +91-22-66459900",",x3erabindra.purohit@beiersdorf.com,care@beiersdorf.com,rabindra.purohit@beiersdorf.com,last@beiersdorf.com,",
Marvel Enterprises,Companies(Private),Coimbatore,"9/543, K. K Road, Kozhikode 673001, KL",+91-495-2260694,"vijay17.cca@gmail.com,,clients.rr@gmail.com,mdtopgroup@gmail.com,",
M H Foods Pvt Ltd,Companies(Private),Coimbatore,"369, Dr. D. N. Road, Flora Fountain, Mumbai 400001, MH",+91-22-22041515,",adfs@mhfoods.in,corporate@sugunafoods.com,x3erajanmalik@hotmail.com,coimbatoresnacksfoods@gmail.com,exim@mhfoods.in,rajanmalik@hotmail.com,",
KT Quality Control Pvt Ltd,Companies(Private),Coimbatore,"101, Madhupuri, 39, S. V. P Road, Vile Parle West, Mumbai 400056, MH",+91-22-26100729,"ktexport@gmail.com,,sales@LawyerServices.in,info@LawyerServices.in,",
Koyenco Group Of Companies,Companies(Private),Coimbatore,"Koyenco House, Westhill, Kozhikode 673005, KL",+91-495-2383841,",info@koyenco.com,admin@koyenco.com,",
JT Cosmetics & Chemicals Pvt Ltd,Companies(Private),Coimbatore,"404, 4th Floor, Shri Ram Chamber, R. C. Dutt Road, Alkapuri, Vadodara 390005, GJ","+91-265-2327292, +91-265-6627292",,
IMV India Pvt Ltd,Companies(Private),Coimbatore,"Plot No 750, Phase 5, Udyog Vihar, Gurgaon 122016, HR",+91-124-4004430,",vivek@imvindia.com,x3evivek@imvindia.com,contact@imvindia.com,x3ecsarungupta@gmail.com,",
Geo Poly Pack,Companies(Private),Coimbatore,"Door No 6/1/A, Hoysala Nagar, Behind Bharat Gas, Magadi Main Road, Vishwaneedam, Pipeline, Sunkadakatte, Bangalore 560091, KA",+91-80-23480435,",suresh.hr@loocustincorp.net,","11.0266246,76.7913682"
Gandhi Agro Seeds Pvt Ltd,Companies(Private),Coimbatore,"9, Pathikaashram, Opposite Railway Station, Anand 388001, GJ",+91-2692-240517,",pmparab@vsnl.com,patel_ankur18@yahoo.co.in,gandhiagro72@gmail.com,","11.013791,76.6375519"
FMC India Pvt Ltd,Companies(Private),Coimbatore,"8, Embassy Astar, 1st Floor, Palace Road, High Grounds, Opposite Mount Carmel College, Vasanth Nagar, Bengaluru 560001, KA","+91-80-40099388, +91-9900063075",",nilesh.limaye@fmc.com,info@mastersindia.co,amie.leopold@fmc.com,sunil_kohli@fmc.com,x3esunil_kohli@fmc.com,agarwal@ryal.in,ask@fmc.com,","11.0613605,76.9686677"
D C Johar & Sons Pvt Ltd,Companies(Private),Coimbatore,"3rd Floor, Noor Trade Centre, Market Road, Ernakulam, Kochi 682011, KL","+91-484-2380502, +91-484-2352307",",info@joharsgroup.com,","11.013791,76.6375519"
Colgate - Palmolive India Ltd,Companies(Private),Coimbatore,"Colgate Research Centre, Main Street Hiranandani Gardens, Powai, Mumbai 400076, MH","+91-22-67095050, +91-22-67095060","surender_sharma@colpal.com,x3erandhir_singh@colpal.com,,randhir_singh@colpal.com,investor_relations@colpal.com,janedoe@colpal.com,investors_grievance@colpal.com,jane_doe@colpal.com,rnt.helpdesk@linkintime.co,n@linkintime.co.in,rnt.helpdesk@linkintime.co.in,x3ejane_doe@colpal.com,","11.013791,76.6375519"
Bunge India Pvt Ltd,Companies(Private),Coimbatore,"601C/D, 6th Floor, B Wing, The Capital, Bandra Kurla Complex, Bandra East, Mumbai 400051, MH",+91-22-66819500,",John.Smith@bunge.com,x3egurdeep.kaur@bunge.com,care@bungeindia.com,gurdeep.kaur@bunge.com,","10.9928953,76.9228901"
Bansal Extraction & Exports Pvt Ltd,Companies(Private),Coimbatore,"3rd Floor, E-5, Tawa Complex, Bittan Market, Arera Colony, Bhopal 462016, MP",+91-755-2423736,,"23.0992506,77.501051"
Banday Impex Pvt Ltd,Companies(Private),Coimbatore,"Agro Division, Unit No II, Food Park Industrial Estate, Khunmoh, Pulwama 192121, JK","+91-1933-224110, +91-1933-224111",",msenterprises506@gmail.com,export.biotattva@gmail.com,accounts@bandayimpex.com,mstesthouse@gmail.com,","11.013791,76.6375519"
B L Agro Oils Ltd,Companies(Private),Coimbatore,"B-31, Road No 2, Parsakhera Industrial Area, Bareilly 243001, UP",+91-581-2560355,",blagroindustries1993@gmail.com,x3eblagroindustries1993@gmail.com,distributor@blagro.org,","10.9993582,76.9709872"
Arushi Gramudyog Sansthan (Regd.),Companies(Private),Coimbatore,"K-61, Abul Fazl Enclave, Jamia Nagar, Okhla, New Delhi 110025, DL",+91-11-29940030,"vendormgt@ongc.co,,msenodal@ongc.co.in,","11.0209222,76.9801231"
Aims Agro Products Pvt Ltd,Companies(Private),Coimbatore,"Post Box No 62, Gondal Road, Gondal 360311, GJ","+91-2825-270405, +91-2825-221891",",roc.hyderabad@mca.gov.in,x3esandeshjain@gmail.com,tri3agrofoods@gmail.com,sandeshjain@gmail.com,x3ephoolprakash@hindustanmint.in,nmunadkat.it@rediffmail.com,phoolprakash@hindustanmint.in,","11.0153601,76.9546765"
AgroPure Capital Foods Pvt Ltd,Companies(Private),Coimbatore,"F-1734-1735 & D-1585-1586, D. S. I. I. D. C. Industrial Area, Narela, New Delhi 110040, DL",+91-11-47820000,",agropure@agropure.net,nitin.goyal@agropure.net,","28.6609672,77.2079548"
Accra Pac India Pvt Ltd,Companies(Private),Coimbatore,"1105, Phase III, Vapi 396195, GJ",+91-260-6630000,"x3eSahadevan.Perupurayil@r-pac.co,,Sahadevan.Perupurayil@r-pac.co,x3esahilshah@accrapacindia.net,x3etoronezhataria@accrapacindia.net,muunnashah@accrapacindia.net,x3emunnashah@accrapacindia.net,munnashah@accrapacindia.net,sahilshah@accrapacindia.net,toronezhataria@accrapacindia.net,","11.0845701,76.9661744"
ABC International,Companies(Private),Coimbatore,"402, 4th Floor, Commerce House, 9/1, Cunningham Road, Bangalore 560052, KA","+91-80-22203997, +91-80-22252526","accabcfoodmachines@gmail.com,,admission@abcstudylinks.com,advicetoinvest@gmail.com,","11.0236946,76.4834172"
Servall Engineering Works Pvt Ltd,Companies(Private),Coimbatore,"Karamadai, Mettupalayam 641104, TN",+91-4254-308308,",u003esppltvl@gmail.com,sales@servallengg.com,sppltvl@gmail.com,","11.0210365,76.9250945"
PGI Technologies Pvt Ltd,Companies(Private),Coimbatore,"68-A, M.I.D.C. Industrial Area, Chikalthana, Aurangabad 431006, MH",+91-240-2486066,",contact@samrattremedies.com,mail@premiermills.com,sanjivani@vsnl.com,vr4468@gmail.com,info@samrajgold.com,info@samruddhinutrients.com,spcl@vsnl.com,","12.9779232,77.7143564"
Orient Blackswan Pvt Ltd,Companies(Private),Coimbatore,"3-6-752, Himayat Nagar, Hyderabad 500029, TS",+91-40-27645049,",co.admin@orientblackswan.com,info@orientblackswan.com,x3einfo@orientblackswan.com,","12.9293364,77.5399715"
Omega Printers & Publishers Pvt Ltd,Companies(Private),Coimbatore,"Sentinel Building, G.S. Road, Guwahati 781005, AS",+91-361-2229330,,"11.1826491,76.5789012"
M Tech Industries,Companies(Private),Coimbatore,"6, Opposite Sector 25, Street No-5, Krishna Nagar, Faridabad 121005, HR",+91-129-4151590,"x3ePrincipalkit@Gmail.Com,Principalkit@Gmail.Com,admissions@karunya.edu,,","11.0258703,76.8361304"
K.K. Publications,Companies(Private),Coimbatore,"4806, 24, Bharat Ram Road, Darya Ganj, New Delhi 110002, DL",+91-11-23285079,",abhishek.khemka@careratings.com,kk@pocl.co.in,pradeep.kumar@careratings.com,jaswacse@gmail.com,info@kisankraft.com,","11.029419,76.8113068"
IJCP Publications Ltd,Companies(Private),Coimbatore,"219-E, Greater Kailash, New Delhi 110048, DL",+91-11-40587513,",editorial@ijcp.com,accounts@ijcp.com,","11.0084483,76.9401261"
Bharatiya Kala Prakashan,Companies(Private),Coimbatore,"3421-A, 2nd Floor, Narang Colony, Tri Nagar, New Delhi 110035, DL",+91-11-32967505,",info@bkpbooks.com,","11.0002504,76.9609554"
Avasar,Companies(Private),Coimbatore,"1-8, 44, 13, 3rd Floor, Chikapally, Hyderabad 500020, TS",+91-40-66462273,,"11.013791,76.6375519"
Acme Machinery India Pvt Ltd,Companies(Private),Coimbatore,"16-G, Shalimar Industrial Estate, Near Tata Power House, Matunga West, Mumbai 400019, MH","+91-22-24037398, +91-22-24038823",",info@acmemachinery.com,acme@acmeindia.com,avarun77@gmail.com,mehul@acmemachinery.net,","11.1047127,76.9189326"
Wacorp Hyundai India Ltd,Companies(Private),Coimbatore,"E-136, Sector 63, Noida 201301, UP",+91-120-4069800,"secretarial@hmil.net,crsales@hmil.net,,x3esecretarial@hmil.net,avj@waecorp.com,","10.9987602,77.0065172"
Uniexcel Agencies & Services Pvt Ltd,Companies(Private),Coimbatore,"104, Kashiparekh Complex, Behind Bhagwati Chambers, Swastik Cross Road, Navrangpura, Ahmedabad 380009, GJ","+91-79-26441972, +91-79-26441951",,"23.0373957,72.5520422"
S S Engineering Corporation,Companies(Private),Coimbatore,"11-B, MIDC, Morwadi, Pimpri, Pune 411018, MH",+91-9665066441,",ssengineeringworks7@gmail.com,sales@ssengineers.com,pradeep.kumar@careratings.com,","11.0255275,76.8951601"
Pure Drops,Companies(Private),Coimbatore,"7, Ambika Indusrial Estate, Near Surat Ahmedabad Transport, Kadodara Road, Saroli, Surat 395010, GJ",+91-9825453248,",puredroptechnologies@gmail.com,","11.022594,76.8553797"
Arvind Envisol Pvt Ltd,Companies(Private),Coimbatore,"Arvind Mill Premises, Naroda Road, Ahmedabad 380025, GJ",+91-79-30138000,",support.envisol@arvind.in,rv.bhimani@arvind.in,p.anilkumar@arvind.in,doe@arvindenvisol.com,John.Smith@arvind.in,pradeep.kumar@careratings.com,x3erv.bhimani@arvind.in,","19.0610885,72.8271702"
SBR Technologies Pvt Ltd,Companies(Private),Coimbatore,"CD-96, North 24 PGS, Salt Lake City, Sector 1, Kolkata 700064, WB",+91-33-23344218,,"11.0333976,76.9193271"
Bruce Clay India Pvt Ltd,Companies(Private),Coimbatore,"212, 2nd Floor, DLF South Point Mall, Golf Course Road, DLF Phase 5, Sector 53, Gurgaon 122002, HR",-4143324,",last@bruceclay.com,social-bc@bruceclay.com,",
J 4 K Jewellers Pvt Ltd,Companies(Private),Coimbatore,"645, Gali No 5, Laxmi Nagar, New Delhi 110092, DL",-22013958,"kovaigm@pothys.com,mukundenterprisescolgate@gmail.com,,",
Eros Jewellery International Pvt Ltd,Companies(Private),Coimbatore,"750, Acharyon Ka Raasta, Jaipur 302003, RJ","+91-141-2316020, +91-141-2314777","info@electrocom.in,mayuanyuan@cnstrong.cn,,n@thechopras.com,erosjewelleryandfashions@gmail.com,harcharan@cgvakindia.com,investorservices@cgvak.com,",
Yesh Prabha Clearing & Forwarding,Companies(Private),Coimbatore,"Arun Chambers, 317/106, 1st Floor, SBS Road, Fort, Mumbai 400001, MH","+91-22-22650320, +91-22-66332714",,
Williams Refrigeration,Companies(Private),Coimbatore,"111-C, Kidab Industrial Area, Phase 1, Hosur Road, Bommasandra, Bangalore 560099, KA",-27836238,",sales.display@williamsrefrigeration.co.in,JSmith@williams-refrigeration.co.uk,",
Wheels Forwarders Pvt Ltd,Companies(Private),Coimbatore,"G ?-47, Vardhman Diamond Plaza, D B Gupta Road, Paharganj, New Delhi 110055, DL","+91-11-23549803, +91-11-23559803",",VIKRAM_GARG@omtrans.in,ramprakash45222@gmail.com,dilip@snlipl.net,",
Venus Container Line Logistics Pvt Ltd,Companies(Private),Coimbatore,"306, VTM 2 Building, 3rd Floor, Mehra Compound, Sakinaka, Andheri East, Mumbai 400072, MH",-9324063183,",mkranjit@westship.in,u003epankaj@venuslogistics.net,saurabh@venuslogistics.net,nikhil@venuslogistics.net,datta@venuslogistics.net,pankaj@venuslogistics.net,",
Suvidha Enterprise,Companies(Private),Coimbatore,"Opposite Navrang Dairy, 80 Feet Road, Garbi Chowk, Rajkot 360002, GJ","+91-281-2236045, +91-281-3296161",,
Prime Packaging,Companies(Private),Coimbatore,"25, Siddhi Vinayak Plaza, Chikuwadi, Shimpoli Road, Borivali West, Mumbai 400092, MH","+91-22-28996583, +91-22-28996587","pnpandey@berriologistics.com,,",
Pearson Drums and Barrels Pvt Ltd,Companies(Private),Coimbatore,"P-24, Kasba Industrial Estate, Phase 1, E M Bypass, Kolkata 700107, WB",-24426734,"pdbl@vsnl.com,,Animeshsh7@gmail.com,amitkumarsaha1955@gmail.com,",
Jupiter Laminators Pvt Ltd,Companies(Private),Coimbatore,"25/33, 3rd Floor, East Patel Nagar, New Delhi 110008, DL","+91-9873241477, +91-11-42481111","last@jupiterlaminators.com,,accounts@jupiterlaminators.com,info@jupiterlaminators.com,",
ELMACH Packages India Pvt Ltd,Companies(Private),Coimbatore,"B/1-E, Shree Rajlaxmi Textile & Industrial Park, Octroi Pogaon, Bhiwandi, Thane 421302, MH",-298562,",sales@elmach.com,corporatemail@elmach.com,rachinchandran@gmail.com,",
Claudius Peters Machinery Service Co Ltd,Companies(Private),Coimbatore,"408, A/16, 4th Floor, Peninsula Plaza, Fun Republic Lane, Andheri West, Mumbai 400053, MH",-26739976,",usa@claudiuspeters.com,cpindia@claudiuspeters.com,",
Arihant Packers,Companies(Private),Coimbatore,"D-21/1, D-22, MIDC, Ambad, Nashik 422010, MH","+91-253-2382422, +91-7588551195",",doe.j@WWW.arihantpackers.com,akpackaging@rediffmail.com,arihantpacker36@gmail.com,wicma@wicma.com,",
Arctic Logistics India Pvt Ltd,Companies(Private),Coimbatore,"CS-A/106, Upper Mezzanine Floor, Near Ansal Plaza, Vaishali, Ghaziabad 201010, UP",-3835029,"arctic@arctic-india.com,,info@globallogistics.co.in,arcticterninternational@gmail.com,info@globallogistics.co,manoharan@srishunmugashipping.com,info@himalayanshipping.com,",
Dhoot Sangemermer Pvt Ltd,Companies(Private),Coimbatore,"B-9, Bais Godown, Industrial Estate, Jaipur 302006, RJ","+91-141-2212714, +91-141-2213286","dhandapani@webindia.com,,sales@dhootstonecraft.com,",
A K Tiles,Companies(Private),Coimbatore,"Near Kisan Chatrawas, Gurudwara Road, Rani Bazar, Bikaner 334001, RJ","+91-151-2526879, +91-9414180143",",info@kajariaceramics.com,",
Satish Sud Graphics (SSG) Pvt Ltd,Companies(Private),Coimbatore,"4/576, Sultanpur Estate, Mandi Road, Mehrauli, New Delhi 110049, DL","+91-11-26800207, +91-11-26800208",,
Pooja Communications India Pvt Ltd,Companies(Private),Coimbatore,"401/2/3, Millennium Star, Next to Ruby Hall Clinic, Dhole Patil Road, Pune 411001, MH","+91-20-26166066, +91-20-66424444","prasanna.kumar@resmed.com,prasanna@securax.in,accounts@poojacommunications.com,,",
Pitch Cross,Companies(Private),Coimbatore,"E-179, 1st Floor, Sector 63, Noida 201307, UP",-8447215998,",info@altacit.com,coimbatore@altacit.com,",
Namdhari Event N Promotions Pvt Ltd,Companies(Private),Coimbatore,"Banjara Hills, Hyderabad 500034, TS",-23357236,",lionssmalhotra@gmail.com,",
Markelytics Solutions India Pvt Ltd,Companies(Private),Coimbatore,"1873/38, 5th Main Road, Ganapathi Temple Road, RPC Layout, Vijayanagar, Bangalore 560040, KA",-30403029,,
Manipal Media Network Ltd (Manipal),Companies(Private),Coimbatore,"Udayavani Building, Press Corner, Manipal 576119, KA","+91-820-2571151, +91-820-2571159",",binod.mandal@manipalgroup.info,last_initial@udayavani.com,",
Images Multimedia Pvt Ltd,Companies(Private),Coimbatore,"S-21, Okhla Industrial Area, Phase II, New Delhi 110020, DL",-40524920,",sureshbabu@imageicon.in,",
Hitendra Advertising & Marketing Pvt Ltd,Companies(Private),Coimbatore,"135/133, Akshay Complex, Dhole Patil Road, Pune 411001, MH",-26169628,",hamplindia@gmail.com,",
Genesis Burson-Marsteller Public Relations Pvt Ltd,Companies(Private),Coimbatore,"61, Chimes, 4th Floor, Sector 44, Gurgaon 122001, HR",-4417633,,
Dreamz Events N Ideas,Companies(Private),Coimbatore,"148/152, Mor Bhawan, 1st Floor, Kalbadevi, Mumbai 400002, MH","+91-22-22414926, +91-22-40226660",",dreamsindpvtltd@gmail.com,",
Crystal Hues Ltd,Companies(Private),Coimbatore,"K-11, SEZ Phase 2, Noida 201305, UP",-4613229,",info@crystalhues.com,",
Triumph Business Solutions Pvt Ltd,Companies(Private),Coimbatore,"77, 3rd Cross Street, Jawahar Nagar, Pondicherry 605005, TN",,"namberdaarvijay01@gmail.com,info.vapl@victora.co.in,namberdaarvijay01@gmail.com,info.vapl@victora.co.in,",
Rp Infoworld,Companies(Private),Coimbatore,"27-A, L, Sector 16, Noida 201301, UP",,"grajgaria@hotmail.com,grajgaria@hotmail.com,saujanyatrading@gmail.com,grajgaria@hotmail.com,govind.rajgaria@saujannaya.com,grajgaria@hotmail.com,saujanyatrading@gmail.com,",
Ansh Systems Pvt Ltd,Companies(Private),Coimbatore,"101, 102, Tanishq ?B? Building, Opposite Gulmohar Orchid Kharadi, Pune 411014, MH",-27001227,"JohnS@ascent-group.com,kyle.phillips.abs@gmail.com,info@ascentbusiness.com,JohnS@ascent-group.com,",
Ags Health Pvt Ltd,Companies(Private),Coimbatore,"5, 2, 4, Tidel Park, Canal Bank Road, Chennai 600113, TN",-45104473,,
Topnote Aromatics,Companies(Private),Coimbatore,"97, Top Note Aromatics, KRS Road, Metagalli, Mysore 570016, KA","+91-821-4280985, +91-821-2581985","info@trivenichemical.com,roc.chennai@mca.gov.in,info@trivenichemical.com,roc.chennai@mca.gov.in,mail@fafai.org,x3einfo@trivenichemical.com,",
TML Industries Ltd,Companies(Private),Coimbatore,"301, B Tower, Alkapuri Arcade, RC Dutt Road, Vadodara 390007, GJ","+91-265-2343302, +91-265-2343304","info@tridevresins.com,info@tridevresins.com,info@tridevresins.com,info@tridevresins.com,info@tridevresins.com,x3einfo@tridevresins.com,",
Texplas India Pvt ltd,Companies(Private),Coimbatore,"Bhel Industrial Area, Ranipur, Haridwar 249403, UK",-7351010036,"info@packingpeople.com,info@packingpeople.com,",
Tagros Chemicals India Ltd (Jhaver Group),Companies(Private),Coimbatore,"72, 4th Floor, Jhaver Center, Rajah Annamalai Building, Marshalls Road, Chennai 600008, TN",-42007353,"btopno@tatasteel.com,ritesh262004@gmail.com,",
Suparna Chemicals Ltd,Companies(Private),Coimbatore,"54/A, Mittal Tower, Nariman Point, Mumbai 400021, MH","+91-22-22027446, +91-22-22027447","jolly.mehrotra@sitel.com,info@mastersindia.co,accountsmanager@supremestartech.com,info@mastersindia.co,audit@supremebituchem.com,x3ejolly.mehrotra@sitel.com,",
Sudarshan Chemical Industries Ltd,Companies(Private),Coimbatore,"162, Wellesley Road, Pune 411001, MH","+91-20-26058888, +91-20-26226200","prachi.3187@gmail.com,info@sumanplastics.in,",
Sri Impex Pvt Ltd,Companies(Private),Coimbatore,"101, Radhka, 55 Gulmohar Road, Juhu Scheme, Vile Parle West, Mumbai 400049, MH",-61219930,,
Repute Polymers Pvt Ltd,Companies(Private),Coimbatore,"Survey No 26P, Plot No 7, Behind Ravi Tiles, Veraval, Shapar 360002, GJ","+91-2827-253756, +91-2827-253757","director@rmc.in,u003edirector@rmc.in,cs@ccplantimony.com,vivek@icraindia.com,rxx@rmc.in,director@rmc.in,u003edirector@rmc.in,vivek@icraindia.com,rxx@rmc.in,director@rmc.in,x3ecs@ccplantimony.com,",
Pithampur Poly Products Ltd,Companies(Private),Coimbatore,"507, B Block, Corporate NT Marg, Indore 452001, MP","+91-731-4077277, +91-731-4077278","pmetco@gmail.com,mehtapmet@gmail.com,pmetco@gmail.com,mehtapmet@gmail.com,exports@p-met.com,",
Omfa Rubbers Pvt Ltd,Companies(Private),Coimbatore,"B-20 & 21, Sector 5, Noida 201301, UP","+91-120-2420482, +91-120-4273122",,
Nutech CNC Pvt Ltd,Companies(Private),Coimbatore,"162, Munusamy Street, Vanagaram, Chennai 600058, TN",-26534327,"info@omtexchem.com,info@omtexchem.com,mhapsekar@prashtech.net,info@omtexchem.com,mhapsekar@prashtech.net,x3einfo@omtexchem.com,",
Nirmesh Enterprises Pvt Ltd,Companies(Private),Coimbatore,"4, Bagree Chamber, Lasudia Mori, AB Road, Indore 452010, MP","+91-731-2802804, +91-731-2802805","techimp@doble.com,nova@icenet.co.in,techimp@doble.com,nova@icenet.co.in,",
Molychem,Companies(Private),Coimbatore,"78/80, 2nd Floor, Souri Building, Babu Genu Road, Mumbai 400002, MH","+91-22-22057772, +91-22-22053696",,
Mechemco Industries,Companies(Private),Coimbatore,"27, Kewal Industrial Estate, Senapati Bapat Marg, Lower Parel, Mumbai 400013, MH","+91-22-24951799, +91-22-24922039",,
Leo Chemo Plast Pvt Ltd,Companies(Private),Coimbatore,"B/126, Ghatkopar Industrial Estate, LBS Marg, Ghatkopar West, Mumbai 400086, MH",-40278931,"accounts@lenpl.com,sales@logicontech.com,support@logicontech.com,sales@logicontech.com,cicon.acs@gmail.com,info@landskyindia.com,accounts@lenpl.com,sales@logicontech.com,support@logicontech.com,ragsarma@gmail.com,sales@logicontech.com,x3ecicon.acs@gmail.com,x3einfo@landskyindia.com,",
Greenlam Industries Ltd,Companies(Private),Coimbatore,"1501-1505, Decorative Division, Narain Manzil, Barakhamba Road, New Delhi 110001, DL",-42791319,,
Gajindra Plastic,Companies(Private),Coimbatore,"D-14, Sector 2, Noida 201301, UP",-4320075,"gcppl.jpr@gmail.com,AS.RAWAT@PAHARPUR.COM,cs@wirefabrik.com,n@gmail.com,gcppl.jpr@gmail.com,AS.RAWAT@PAHARPUR.COM,cs@wirefabrik.com,",
Family Plastics & Thermoware,Companies(Private),Coimbatore,"Plot No 54, Industrial Development Plot, Monvila, Kulathoor, Thiruvananthapuram 695583, KL","+91-471-2596603, +91-471-2597503","ashokrao@dorfketal.com,x3eashokrao@dorfketal.com,",
Elkay Chemicals Pvt Ltd,Companies(Private),Coimbatore,"J-152/3, MIDC Bhosari, Pune 411026, MH","+91-20-30624166, +91-20-30624168","universalscpl@gmail.com,cs@ccplantimony.com,jane@environchem.com,anupam@environchem.com,anupam@environchem.com,x3euniversalscpl@gmail.com,x3ecs@ccplantimony.com,",
Croda Chemicals India Pvt Ltd,Companies(Private),Coimbatore,"Plot No 1/1, TTC Industrial Area, Belapur Road, Koparkhairne, Mumbai 400709, MH",-30948331,"adb.company@sify.com,adb.company@sify.com,",
Core Chemicals Mumbai Pvt Ltd,Companies(Private),Coimbatore,"A-304, Shah-Nahar Industrial Estate, Worli, Mumbai 400018, MH","+91-22-61242828, +91-22-61242802","crodaindia@croda.com,enquiries@croda.com,spramanik@crestcomposites.com,xxxx@croda.com,spramanik@crestcomposites.com,ram.kumar@croda.com,x3ecrodaindia@croda.com,x3eenquiries@croda.com,",
B B Chatterjee Company Pvt Ltd,Companies(Private),Coimbatore,"22, Raja Woodmunt Street, Kolkata 700001, WB","+91-33-22431860, +91-33-22432046",,
Solvix Focus India Pvt Ltd,Companies(Private),Coimbatore,"Jubilee Hills, Road No 25, Hyderabad 500033, TS",+91-8046084333,"accounts@ssengineering.co.in,info@htssindia.com,svkhandekar@gmail.com,marketing@enmasindia.com,roc.chennai@mca.gov.in,",
Ricoh Innovations Pvt Ltd (RIPL),Companies(Private),Coimbatore,"3, Infantry Road, Vasanth Nagar, Bangalore 560001, KA",+91-80-49360700,"John.Smith@rippleslearning.com,rippleslearning@gmail.com,support@rippleslearning.com,",
Proficient Business Consultants Pvt Ltd,Companies(Private),Coimbatore,"1-T, 2-T, 20-R, Shridham, Yudhishter Marg, Jaipur 302005, RJ","+91-141-4021474, +91-141-4021472","anand.srivastava@in.pwc.com,x3eanand.srivastava@in.pwc.com,",
Mazars Business Advisory Pvt Ltd,Companies(Private),Coimbatore,"Kalpataru Heritage 127 Mahatma Gandhi Road, Mumbai 400001, MH",+91-22-61587201,"accounts@mercadosemi.in,shailendrashukla@mercadosemi.in,",
Ghalla & Bhansali Chartered Accountants,Companies(Private),Coimbatore,"133, 2nd Floor, Near Ranjit Studio, D. S. P. Road, Dadar East, Mumbai 400014, MH","+91-22-40497000, +91-22-24157000","sales@nanfung.com,",
Galaxy India Consultants,Companies(Private),Coimbatore,"1, 51, 2nd Floor, Opposite MC, Donald's Central Market, Punjabi Bagh, New Delhi 110026, DL",+91-9899778388,"info@mastersindia.co,",
G.K. Kedia and Co,Companies(Private),Coimbatore,"21, 914, Naurang House, Kasturba Gandhi Marg, New Delhi 110001, DL","+91-11-23562244, +91-11-23582584","info@consultingrooms.in,x3esatish.mittal@eborn.co.in,x3einfo@consultingrooms.in,srinathvj@yahoo.com,satish.mittal@eborn.co.in,careers@uplers.in,",
Envirochem Laboratories Pvt Ltd,Companies(Private),Coimbatore,"5, 589, 1-B, 1st Floor, Thozhuthungal Building, Kovilakathumpadam, Thrissur 680020, KL",+91-487-2331462,"eskayem81@eskayem.com,axxxxn@eskayem.com,j-doe@eskayem.com,eskayem@mtnl.net.in,",
Astutix Learning Pvt Ltd,Companies(Private),Coimbatore,"37, 2nd Floor, Pamadi House, Vysya Bank Colony, BTM Layout II Stage, Bangalore 560076, KA","+91-80-26787148, +91-9845068073","info@aurelius.in,peerandco@yahoo.com,u003einfo@aurelius.in,mani.jain@here.com,x3emani.jain@here.com,",
ACE Careers,Companies(Private),Coimbatore,"6, 1st Floor, Sector 35, Faridabad 121003, HR","+91-129-40003648, +91-9910663648","surabhi@achromicpoint.com,camanojsharma1@gmail.com,nupur.verma@achromicpoint.com,",
SIS Cash Services Pvt Ltd ( SIS Prosegur ),Companies(Private),Coimbatore,"B ? 26, Okhla Industrial Area, Phase 1, New Delhi 110020, DL",+91-11-40404444,"care@careratings.com,varsha.bist@smera.in,",
Salasar Services Insurance Brokers Pvt Ltd,Companies(Private),Coimbatore,"23A, 6th Floor, Netaji Subhash Road, Kolkata 700001, WB",+91-33-40131811,"development@sgbank.in,neftrtgs@sgbank.in,customersupport@sgbank.in,ebanking@sgbank.in,alluru@sgbank.in,",
Liqui Finance Solutions Pvt Ltd ( Car Galaxy ),Companies(Private),Coimbatore,"Z5, Flower Valley, Commercial Complex, Eastern Express Highway, Service Raod, Thane 400601, MH",+91-22-67691234,"peter@finasols.com,",
Comfort Fincap Ltd,Companies(Private),Coimbatore,"A-301, Hetal Arch, SV Road, Malad West, Mumbai 400064, MH","+91-22-28449765, +91-22-28449766","info@comfortfincap.com,",
Impact Institue Of Event Management - Delhi,Companies(Private),Coimbatore,"1/113, Cr Park, Epdp Road, Delhi 110019, DL","+91-9654958844, +91-11-6464113638","admissions@gmail.com,impact.admissions@gmail.com,",
Shyam Garments Pvt Ltd,Companies(Private),Coimbatore,"I-10, Lajpat Nagar 2, New Delhi 110024, DL","+91-11-29811325, +91-11-29818286","x22uvgarments@yahoo.com,hrm@rbrindia.com,HO@SHYAMGARMENTS.COM,x3euvgarments@yahoo.com,anco4@rediffmail.com,ho@shyamgarments.com,uvgarments@yahoo.com,difclo@gmail.com,",
SU-Kam Power Systems Ltd ,Companies(Private),Coimbatore,"54, Phase 4, Sector-37, Udyog Vihar, Gurgaon 122001, HR",+91-124-4170501,"last@su-kam.com,info@su-kam.com,customercare@su-kam.com,",
