Name,Sector,City,Address,Phone,Email,Lat-Long
Innovative Lighting Designs Ltd,Companies(Private),Satara,"14-D, 9, First Floor, Okhla Industrial Area, Phase 1, New Delhi 110020, DL",+91-11-41406716,",r.khanna@ildlimited.com,",
Base Corporation Ltd,Companies(Private),Satara,"128, 8, 7, Golden Tower, Old Airport Road, Bangalore 560017, KA",+91-80-09900571244,",x3emohankumar.thalakadu@basecorporation.com,hr@adani.in,doe_jane@basebatteries.com,mohankumar.thalakadu@basecorporation.com,",
Picture Bite Creations Pvt Ltd,Companies(Private),Satara,"62-B, GD ?Old Syndicate Street, Swarn Park, Mundka, New Delhi 110041, DL",+91-9650807774,",gauri.belgi@freedom.in,dhiraj7700@yahoo.co.in,",
Nirisha Optics Pvt Ltd,Companies(Private),Satara,"106, Panlee Complex, Opposite Sardar Patel Seva Samaj, Six Cross Road, Navrangpura, Ahmedabad 380009, GJ",,",nirishaoptic@gmail.com,bmunjalca@yahoo.co.in,",
Marche Retail Pvt Ltd (Le Marche),Companies(Private),Satara,"77-B, IFFCO Road, Sector 18, Gurgaon 122001, HR",+91-124-4386011,"legal@marcheretail.com,,lemarche777@gmail.com,",
Malav Seeds Pvt Ltd,Companies(Private),Satara,"5, Sahu Bavdi, Manak Chowk, Ratlam 457001, MP",+91-7412-231215,",info@malavseeds.com,santoshseeds@gmail.com,janedoe@malavseeds.com,",
Marigold Paints Pvt Ltd,Companies(Private),Satara,"C-1/10, GIDC Estate, Vithal Udhyogh Nagar, Anand 388120, GJ","+91-2692-236112, +91-2692-236025","india@mathisag.com,u003eindia@mathisag.com,cphicustomerservice@informa.com,u003eindia@mathisag.com,cphicustomerservice@informa.com,india@mathisag.com,",
Manog Securities Pvt Ltd,Companies(Private),Satara,"C-3/3089, Near Vasant Arcade, Vasant Kunj, New Delhi 110070, DL",+91-11-26124226,"manoj.malpani@bizsolindia.com,sunrayjt@gmail.com,pawan@manogsecurities.com,malpani@bizsolindia.com,",
