Name,Sector,City,Address,Phone,Email,Lat-Long
Sociometrik Infer,Companies(Private),Bhuban,"P-7b S/f Green Park Extn, New Delhi New Delhi-110016,DL",,",kunalsharma.db@gmail.com,",
Websoftstar Infosystems,Companies(Private),Bhuban,"116, Near Naba Tarun Club, Postal Park, Bansdroni, Kolkata 700070,, WB",+91-9051871351,,
Dextomatic Solutions,Companies(Private),Bhuban,"A-7, Mayfair, SV Road, Bandra West, Mumbai 400050, MH",+91-9888875050,",bndudani1@gmail.com,",
Gurukrupa Engineers Pvt Ltd,Companies(Private),Bhuban,"360, J, Midc, Indrayani Nagar Road, Pimpri-Chinchwad, Pune 411026, MH",+91-20-20205723,",santosh@geplpune.com,milindcgonjari@gmail.com,shriratieng@gmail.com,info@gurukrupaplacement.com,",
Alfanar Engineering Services India Pvt Ltd,Companies(Private),Bhuban,"2, 36-F, KG Galaxy, Second Avenue, Anna Nagar, Chennai 600102, TN",+91-44-30580183,",ptd@alfanar.com,info@alfanar.co.com,alfanaralsata@gmail.com,",
Texla Plastics & Metals Pvt Ltd,Companies(Private),Bhuban,"Kanganwal, Jugiana, G.T. Road, Ludhiana 141017, PB",+91-161-2510021,,
Offcom Systems Pvt Ltd,Companies(Private),Bhuban,"62-G, Sector 6, Noida 201301, UP",+91-120-4278492,"info@offcomindia.com,,sales@offcomindia.comOpens,",
Odisha Power Transmission Corporation Ltd,Companies(Private),Bhuban,"Janpath, Bhubaneswar 751022, OD",+91-674-2540051,"cr@optcl.co.in,cs@optcl.co.in,,",
Odisha Power Generation Corporation Ltd,Companies(Private),Bhuban,"7-A, Fortune Towers, Chandrasekharpur, Bhubaneswar 751023, OD",+91-674-2303766,",webmaster@opgc.co.in,bhadoa.jojowar@opgc.co.in,basant.sahoo@opgc.co.in,contracts.corp@opgc.co.in,purchase@opgc.co.in,bn.das@opgc.co.in,",
Growcontrols,Companies(Private),Bhuban,"5-P, 1, A, 13, IDA Nacharam, Hyderabad 500076, TS",+91-40-27175591,",indu@midhani-india.in,grajesham@gmail.com,",
Centrotherm Photovoltaics India Pvt Ltd,Companies(Private),Bhuban,"3, 2, 4, A.V.S. Compound 80 feet, Peripheral Road, Koramangala, Bangalore 560034, KA",+91-80-41666696,",Sheshagiri.MS@centrotherm.de,sheshagiri.ms@centrotherm.de,",
A.K. Power Industries Pvt Ltd,Companies(Private),Bhuban,"1, 23, 2, 1, 1, SHRUTINEER, Bhagaban Chatterjee Lane, Howrah 711101, WB",+91-33-26775152,",susant.guru@adityabirla.co,info.cs@akpi.in,adinishamarketing@gmail.com,accounts@akpi.in,",
The Oudh Sugar Mills Ltd (KK Birla),Companies(Private),Bhuban,"Hargaon Main Road Highway, Sitapur 261121, UP","+91-5862-256220, +91-5862-256204","sugarsales@birla-sugar.com,,birlasugar@birla-sugar.com,",
Selmax Exports Pvt Ltd,Companies(Private),Bhuban,"28, Creative Industrial Estate, Sunder Nagar Road No 2, Kalina, Santacruz East, Mumbai 400098, MH","+91-22-26660857, +91-22-26666058",",mail@selmax.co.in,x3email@selmax.co.in,siva@awaexports.com,roclandscoffee@gmail.com,",
NCML Industries Ltd,Companies(Private),Bhuban,"2nd A/17, Nehru Nagar, Ghaziabad 201002, UP",+91-120-4921201,",compliance@ncml.com,x3ecompliance@ncml.com,mridul_kohli@qsl.co.in,corp@qsl.co.in,quality@ncml.com,anuj.v@ncml.com,",
Milkfood Ltd,Companies(Private),Bhuban,"5th Floor, 91, Bhandari House, Nehru Place, New Delhi 110019, DL",+91-11-26460670,"investor_grievances_redressal@milkfoodltd.com,,milkfoodltd@milkfoodltd.com,info@alankit.com,sectl@milkfoodltd.com,sunriseipr@gmail.com,skothiala@milkfoodltd.com,sudhir@milkfoodltd.com,",
Mahaan Foods Ltd (Mahaan Milk Foods Ltd),Companies(Private),Bhuban,"M-19, 1st Floor, M Block Market, Greater Kailash II, New Delhi 110048, DL","+91-11-43107200, +91-11-41437222","sanjeevgoyal@mahaanmilkfoods.com,,x3esanjeevgoyal@mahaanmilkfoods.com,csmfl@mahaanfoods.com,",
CWG Water Treatment Pvt Ltd,Companies(Private),Bhuban,"291, Industrial Area, Phase II, Panchkula, Panchkula 134109, HR","+91-172-2591029, +91-172-2591530","swe.branch1@gmail.com,,cwgpanchkula@gmail.com,aecapt@yahoo.com,","18.6926052,73.7878137"
WebReinvent Technologies Pvt Ltd,Companies(Private),Bhuban,"6-7, 1st Floor, Near Metro Pillar 770, Dwarka Mor Metro Station, Rama Park, New Delhi 110059, DL",+91-11-32081828,"janedoe@webreinvent.com,,","28.5937097,77.0154672"
Cryptopy Technologies Pvt Ltd ( grabhouse ),Companies(Private),Bhuban,"5th Floor, Umiya Emporium, Opposite Forum Mall, Koramangala, Bangalore 560095, KA",-67915489,",info@masserve.com,prateek@grabhouse.com,venu.sp@karvy.com,vandana.pahuja@quikr.com,",
Budli Internet Pvt Ltd,Companies(Private),Bhuban,"11, 1st Floor, 1st Block, 80 Feet Road, Koramangala, Bangalore 560034, KA",-9007919108,"doe.jane@budli.in,contact@budli.in,shop@budli.in,,",
Rapid Logistics,Companies(Private),Bhuban,"S-221, Manish Market, Near Sector 11 Metro Station, Sector 11, Dwarka, New Delhi 110075, DL",-68888690,",jimit.logistics@gmail.com,support@wareiq.com,info@eximlogistics.in,sales@wareiq.com,",
Prajasakti,Companies(Private),Bhuban,"21/1, Prajasakti Telugu Daily, M.H.Bhavan, Azamabad, Hyderabad 500020, TS",-27665369,",mehadiasteel@gmail.com,editorprajasakthi@gmail.com,bic@bicwire.com,",
Outabox.in,Companies(Private),Bhuban,"3, 11/D, Nandni Co-operative Housing Society, Sector 20, Kharghar, Navi Mumbai 410210, MH",-9833637715,,
Ortel Communications Ltd,Companies(Private),Bhuban,"C-1, Behind RMRC, B.D.A. Colony, Chandrasekharpur, Bhubaneswar 751016, OD",-3983783,"nodal@ortelgroup.com,bidu.dash@ortelgroup.com,last@ortelcom.com,,",
NNS Online Pvt Ltd,Companies(Private),Bhuban,"25/10, Meri Delhi House, East Punjabi Bagh, New Delhi 110026, DL",-46867420,",nnsonline@nnsonline.com,",
Nimbus Communications Ltd,Companies(Private),Bhuban,"Nimbus Centre, Oberoi Complex, Off New Link Road, Andheri West, Mumbai 400053, MH",-26351931,",sales@nimbusirrigation.in,mudit@nimbusirrigation.in,compliance@nimbus.co.in,jaipur@nimbusitsolutions.com,neeta@nimbussolar.in,",
HT Media Ltd (KK Birla),Companies(Private),Bhuban,"18/20, Kasturba Gandhi Marg, New Delhi 110001, DL","+91-11-66561234, +91-11-23361234",",Jaideep.dahiya@hindustantimes.com,atpriyanko.mukherjee@hindustantimes.com,feedback@hindustantimes.com,investor@hindustantimes.com,",
Paragon Industries,Companies(Private),Bhuban,"1001/1, Parshwa Towers, SG Highway, Bodakdev, Ahmedabad 380054, GJ",-26872531,"jamnagar.cb@chowgulebrothers.com,jignesh@parmarbrothers.com,info@parmarbrothers.com,info@parmarbrothers.com,jignesh@parmarbrothers.com,sales.parmarbrothers@gmail.com,jamnagar.cb@chowgulebrothers.com,",
The Head Hunters India Pvt Ltd,Companies(Private),Bhuban,"16, GA Raintree Hall, Langford Town, Rhenius Street, Bangalore 560025, KA","+91-80-41131602, +91-9945755000","GrpSec@wns.com,last@thesmartcube.com,",
Technisearch Consultancy House Pvt Ltd,Companies(Private),Bhuban,"1, 17-A Pinjala Subramaniam Street, T Nagar, Chennai 600017, TN",+91-44-24331533,"surya_ca1@yahoo.co.uk,",
Research & Consulting Enterprise,Companies(Private),Bhuban,"29-A, Chandra Niwas, Subhash Marg, Jaipur 302001, RJ",+91-141-2362153,"water@revolveengineers.com,support@tofler.in,",
Pioneer Design & Engineering Pvt Ltd,Companies(Private),Bhuban,"844, HAL 2nd Stage, Indira Nagar, Bangalore 560038, KA","+91-80-69999790, +91-8888907304","admin@platoz.com,",
Neeraj Bhagat & Co,Companies(Private),Bhuban,"13-S, St. Soldier Tower, Commercial Centre, Vikas Puri, New Delhi 110018, DL","+91-11-45527239, +91-9871008417","info@neufconsultants.com,neufmc@gmail.com,",
McKinsey & Company,Companies(Private),Bhuban,"21st Floor, Express Towers, Nariman Point, Mumbai 400021, MH",+91-22-66302000,"contact.be@mercuriurval.com,contact.in@mercuriurval.com,",
Mars Ikcon Placement Services,Companies(Private),Bhuban,"9, 117, 511, 39, Beside SBI Bank, Geeta Nagar, Kanpur 208025, UP",+91-7753983338,"praveena@maven-silicon.com,",
JKJS & Co,Companies(Private),Bhuban,"410-A, Western Express Highway, Goregaon East, Mumbai 400063, MH","+91-22-28783180, +91-22-28783181",,
Growth Centre India Pvt Ltd,Companies(Private),Bhuban,"5th Floor, Gagangiri Complex, Near Dr. Ambedkar Udyan, 18th Road, Chembur, Mumbai 400071, MH","+91-22-25285657, +91-22-32956129","cv15@hrinternational.in,partner@hrinternational.in,employer@hrinternational.in,coordinator7@hrinternational.in,manzoor@hrinternational.in,x3eemployer@hrinternational.in,",
Grant Thornton India Pvt Ltd,Companies(Private),Bhuban,"21st Floor, DLF Square, Jacaranda Marg, DLF Phase II, Gurgaon 122002, HR",+91-124-4628000,"beena@gkspl.in,daggrawal@deloitte.com,",
Fast Track Management Consultants,Companies(Private),Bhuban,"Magarpatta City Road, Hadapsar, Pune 411028, MH",+91-20-30474131,,
AZB and Partners,Companies(Private),Bhuban,"Peninsula Corporate Park, Ganpath Rao Kadam Marg, Mumbai 400013, MH",+91-22-66396880,,
Arnold Consulting Pvt Ltd,Companies(Private),Bhuban,"2339, Krishna Complex, 24th Main, Sector-1, HSR Layout, Bangalore 560102, KA",+91-9008466881,,
Odyssey Capital Pvt Ltd,Companies(Private),Bhuban,"4th Floor, Sadhna House, Behind Mahindra Towers, PB Marg, Worli, Mumbai 400018, MH",+91-22-66693830,"dnassociates@rediffmail.com,mail@ocpl.co.in,info@oatsindia.com,",
Odisha State Cooperative Bank Ltd,Companies(Private),Bhuban,"Pandit Jawaharlal Nehru Marg, Bhubaneswar 751001, OD","+91-674-2515195, +91-674-2510528","x3eoscbmd@gmail.com,x3eskmishra@odishascb.com,sampark_oscb@rediffmail.com,oscbmd@gmail.com,x3ekpadhi@odishascb.com,x3eanpatro@odishascb.com,bhubaneswar@ktkbank.com,kpadhi@odishascb.com,",
Infrastructure Advisors Pvt Ltd,Companies(Private),Bhuban,"Technocity, Unit 202, Plot X-5/3, MIDC, Mahape, Navi Mumbai 400701, MH",+91-22-27788540,"railways@aarvee.net,srivastava_vp@rediffmail.com,clientreturns@gmail.com,x3einfo@rpsinfra.com,contactsaswat@gmail.com,info@rpsinfra.com,corporate@srei.com,",
ANOVA Corporate Services Pvt Ltd,Companies(Private),Bhuban,"13 B, 1st Floor, 11th Avenue, Ashok Nagar, Chennai 600083, TN","+91-44-42625252, +91-44-24745250, +91-9940060273","shekar@anovacorporate.co.in,info@anovacorporate.co.in,",
Trayee Business Solutions Pvt Ltd,Companies(Private),Bhuban,"101, 2, Main Road Mandaveli, Chennai 600028, TN",,"sujatha@trayee.com,",
