Name,Sector,City,Address,Phone,Email,Lat-Long
Lamco Industries Pvt Ltd,Companies(Private),Nirmal,"38-B, 39, 40, Industrial Estate, Sanathnagar, Hyderabad 500018, TS",+91-40-23703486,"last@lamcoindia.com,,info@krishnasteel.com,india.info@plansee.com,",
LabElectronics,Companies(Private),Nirmal,"5, 27, 1, 10th Avenue, Ashok Nagar, Chennai 600083, TN",+91-44-24892839,",nirmalmercantile@gmail.com,anand@emergys.com,nirmal.anand@emergys.com,rizwan.m@mistralsolutions.co.in,roc.chennai@mca.gov.in,sales@jutepalace.com,",
AMETEK Instruments India Pvt Ltd,Companies(Private),Nirmal,"1, 148, EPIP Zone, Phase 2, Featherlite Tech Park, Whitefield, Bangalore 560066, KA",+91-80-67823200,",x3esiddhant.chanda@ametek.com,anthony.thomas@ametek.com,Info@Weightronics.Net,Suresh.Selvaraj@connellworld.com,siddhant.chanda@ametek.com,",
LANCO Anpara Power Ltd,Companies(Private),Nirmal,"397, Lanco House, Udyog Vihar, Phase 3, Gurgaon 122016, HR",+91-124-4741000,",surjeet.sharma@lancogroup.com,info.power@lancogroup.com,krishnakumar@lancogroup.com,",
Micron Industries Pvt Ltd,Companies(Private),Nirmal,"Plot No R-710, T. T. C. Industrial Area MIDC, Rabale, Navi Mumbai 400701, MH",+91-22-67164242,",sunrayjt@gmail.com,sales@micronind.com,",
RNA Capital Markets Ltd,Companies(Private),Nirmal,"G-501, Block DC, City Centre, Salt Lake, Kolkata 700064, WB",+91-33-40063007,,
